url,status_code
https://www.bangor.ac.uk/,200
https://www.bangor.ac.uk/mrc/schools.php.en,200
https://www.bangor.ac.uk/about/about-the-university,200
https://www.bangor.ac.uk/news/latest,200
https://www.bangor.ac.uk/applied/applicant-day/change-or-cancel-booking,200
https://www.bangor.ac.uk/canolfanbedwyr/polisi_iaith.php.en,200
https://www.bangor.ac.uk/studentfinance/postgraduate/funding,200
https://www.bangor.ac.uk/applied/postgraduate-applicants,200
https://www.bangor.ac.uk/international/accommodation,200
https://my.bangor.ac.uk/en/,401
https://www.bangor.ac.uk/study/postgraduate,200
https://www.bangor.ac.uk/courses,200
https://www.bangor.ac.uk/student-ambassadors,200
https://www.bangor.ac.uk/study/apply,200
https://www.bangor.ac.uk/about/services-and-facilities,200
https://www.bangor.ac.uk/commercial-services/conferencing.php.en,200
https://www.bangor.ac.uk/commercial-services/business-dining.php.en,200
https://www.bangor.ac.uk/courses?term=sport&level_of_study=All,200
https://www.bangor.ac.uk/events/coastal-echoes-the-poetics-of-collaboration,200
https://www.bangor.ac.uk/news/2023-08-16-bangor-university-takes-top-spot-in-alternative-university-league-table,200
https://www.bangor.ac.uk/annual-report,200
https://www.bangor.ac.uk/announcements,200
https://www.bangor.ac.uk/panda,200
https://www.bangor.ac.uk/collaborationhub/index.php.en,200
https://www.bangor.ac.uk/news/latest?news_category=1646,200
https://www.bangor.ac.uk/applied/applicant-day/frequently-asked-questions,200
https://www.bangor.ac.uk/north-wales-nuclear-supporting-the-future-of-wylfa-smr,200
https://www.bangor.ac.uk/events,200
https://www.bangor.ac.uk/study/undergraduate,200
https://www.bangor.ac.uk/international/contact,200
https://www.bangor.ac.uk/news/2026-03-12-abuse-loneliness-and-financial-strain-in-later-life-linked-to-poorer-health,200
https://www.bangor.ac.uk/applied/applicant-day/got-questions-about-student-support,200
https://www.bangor.ac.uk/applied/applicant-day/discover-the-best-of-our-city,200
https://www.bangor.ac.uk/about/pontio,200
https://www.bangor.ac.uk/buic,200
https://www.bangor.ac.uk/courses?term=business&level_of_study=All,200
https://www.bangor.ac.uk/visit-day/book-now,200
https://www.bangor.ac.uk/student-life/clubs_societies,200
https://www.bangor.ac.uk/postgraduate-event/book-your-place,200
https://www.bangor.ac.uk/research/schools,200
https://www.bangor.ac.uk/international/city-and-surroundings,200
https://www.bangor.ac.uk/our-public-lectures,200
https://www.bangor.ac.uk/news/2025-06-09-bangor-university-ranked-top-in-wales-and-15th-in-the-uk,200
https://www.bangor.ac.uk/news/2026-02-03-bangor-university-ranks-among-times-top-400-universities-globally,200
https://www.bangor.ac.uk/news/2025-06-18-bangor-university-rises-in-global-sustainability-rankings,200
https://www.bangor.ac.uk/postgraduate-event,200
https://www.bangor.ac.uk/applied/applicant-day/considering-studying-through-welsh,200
https://www.bangor.ac.uk/bangortv,200
https://www.bangor.ac.uk/courses?term=&level_of_study=pgr_course,200
https://www.bangor.ac.uk/student-life/social,200
https://jobs.bangor.ac.uk/,200
https://www.bangor.ac.uk/academic-calendar,200
https://www.bangor.ac.uk/student-life/studying_abroad,200
https://www.bangor.ac.uk/courses?term=&level_of_study=pgr_course&ug_subject_area=All&pgt_subject_area=All&pgr_subject_area=All&field_course_year_start_value=All&field_pgr_start_yr_multi_value=All&field_pgt_start_yr_multi_value=All&pgt_course_type=All&pgt_course_mode=All&pgr_course_type=All&oth_course_study_location=All&oth_subject_area=All,200
https://www.bangor.ac.uk/courses?term=&level_of_study=other_course&ug_subject_area=All&pgt_subject_area=All&pgr_subject_area=All&field_course_year_start_value=All&field_pgr_start_yr_multi_value=All&field_pgt_start_yr_multi_value=All&pgt_course_type=All&pgt_course_mode=All&pgr_course_type=All&oth_course_study_location=All&oth_subject_area=All,200
https://www.bangor.ac.uk/energy/,200
https://www.bangor.ac.uk/strategy-2030,200
https://www.bangor.ac.uk/intellectual-property,200
https://www.bangor.ac.uk/news/2023-11-16-bangor-universitys-novel-system-for-public-health-surveillance-through-analysis-of,200
https://www.bangor.ac.uk/events/across-the-bridge-poetry-and-translation-in-performance,200
https://www.bangor.ac.uk/governance-and-compliance/policy-register/index.php.en,200
https://www.bangor.ac.uk/study/order-prospectus,200
https://www.bangor.ac.uk/research/news/bangor-university-researcher-announced-as-finalist-in-blavatnik-awards-for-young,200
https://www.bangor.ac.uk/study/parents,200
https://www.bangor.ac.uk/courses?level_of_study=wt_undergraduate_programme,200
https://www.bangor.ac.uk/widening-access/index.php.en,200
https://www.bangor.ac.uk/accommodation,200
https://www.bangor.ac.uk/studentfinance,200
https://www.bangor.ac.uk/student-finance/scholarships,200
https://www.bangor.ac.uk/study/undergraduate/apply,200
https://www.bangor.ac.uk/about/university-management-and-governance,200
https://www.bangor.ac.uk/study/postgraduate-research,200
https://www.bangor.ac.uk/executive-education,200
https://www.bangor.ac.uk/alumni,200
https://www.bangor.ac.uk/courses?term=law&level_of_study=All,200
https://www.bangor.ac.uk/international/studyabroad,200
https://www.bangor.ac.uk/study/postgraduate/january,200
https://www.bangor.ac.uk/research/about,200
https://www.bangor.ac.uk/sportbangor,200
https://www.bangor.ac.uk/applied/applicant-day/how-to-get-to-the-applicant-day,200
https://www.bangor.ac.uk/student-life/news-videos,200
https://www.bangor.ac.uk/applied/applicant-day/radiography-wrexham-campus,200
https://www.bangor.ac.uk/about/contacts,200
https://www.bangor.ac.uk/courses?term=computer science&level_of_study=All,200
https://www.bangor.ac.uk/study/degree-apprenticeships,200
https://www.bangor.ac.uk/applied/applicant-day/programme,200
https://www.bangor.ac.uk/study/part-time,200
https://www.bangor.ac.uk/applied/applicant-day/food-drink,200
https://www.bangor.ac.uk/worldwidepartners,200
https://www.bangor.ac.uk/health-and-wellbeing,200
https://www.bangor.ac.uk/virtual-tour-of-bangor-university,200
https://www.bangor.ac.uk/student-life/bangor-and-area,200
https://www.bangor.ac.uk/international/about,200
https://www.bangor.ac.uk/international/exchanges/incoming,200
https://www.bangor.ac.uk/study/cymraeg,200
https://www.bangor.ac.uk/about/our-location,200
https://www.bangor.ac.uk/business-services,200
https://www.bangor.ac.uk/events/will-business-solve-the-environmental-crisis-for-us,200
https://www.bangor.ac.uk/about/cookies,200
https://www.bangor.ac.uk/collaboration-hub,200
https://www.bangor.ac.uk/news/2026-03-12-bangor-university-awarded-ukri-doctoral-focal-award-to-launch-ps24m-nuclear-skills,200
https://www.bangor.ac.uk/student-life/employability,200
https://www.bangor.ac.uk/governance-and-compliance/accessibility-statement.php.en,200
https://www.bangor.ac.uk/centre-for-arthurian-studies/eu-arthurs-msca-dn-2026-30,200
https://www.bangor.ac.uk/governance-and-compliance/legalcompliance.php.en,200
https://www.bangor.ac.uk/courses?term=&level_of_study=pgt_course&ug_subject_area=All&pgt_subject_area=All&pgr_subject_area=All&field_course_year_start_value=All&field_pgr_start_yr_multi_value=All&field_pgt_start_yr_multi_value=All&pgt_course_type=All&pgt_course_mode=All&pgr_course_type=All&oth_course_study_location=All&oth_subject_area=All,200
https://www.bangor.ac.uk/student-life,200
https://www.bangor.ac.uk/courses?term=&level_of_study=wt_undergraduate_programme&ug_subject_area=All&pgt_subject_area=All&pgr_subject_area=All&field_course_year_start_value=All&field_pgr_start_yr_multi_value=All&field_pgt_start_yr_multi_value=All&pgt_course_type=All&pgt_course_mode=All&pgr_course_type=All&oth_course_study_location=All&oth_subject_area=All,200
https://www.bangor.ac.uk/applied/applicant-day/discover-your-home-from-home,200
https://www.bangor.ac.uk/short-courses-and-cpd,200
https://www.bangor.ac.uk/research/news,200
https://www.bangor.ac.uk/international/alreadyapplied,200
https://www.bangor.ac.uk/iris/ref-2021,200
https://www.bangor.ac.uk/applied/applicant-day,200
https://www.bangor.ac.uk/international/tuition,200
https://www.bangor.ac.uk/international/may-intake-courses,200
https://www.bangor.ac.uk/about/academic-schools-and-colleges,200
https://www.bangor.ac.uk/governance-and-compliance/documents/slavery-statement.pdf,200
https://www.bangor.ac.uk/international,200
https://www.bangor.ac.uk/study/postgraduate-research/apply,200
https://www.bangor.ac.uk/studentfinance/postgraduate,200
https://www.bangor.ac.uk/iris,200
https://www.bangor.ac.uk/applied/applicant-day/book,200
https://www.bangor.ac.uk/research/news/new-book-explores-how-mindfulness-can-help-people-live-and-work-with-greater-meaning,200
https://www.bangor.ac.uk/international/countries,200
https://www.bangor.ac.uk/commercial-services/places-to-eat-and-drink.php.en,200
https://www.bangor.ac.uk/about,200
https://research.bangor.ac.uk/en/,403
https://www.bangor.ac.uk/student-life/support,200
https://www.bangor.ac.uk/courses?term=&level_of_study=other_course,200
https://www.bangor.ac.uk/vice-chancellor,200
https://www.bangor.ac.uk/international/applying/entryrequirements,200
https://www.bangor.ac.uk/international/exchanges/outgoing,200
https://www.bangor.ac.uk/openday,200
https://www.bangor.ac.uk/courses?term=nursing&level_of_study=All,200
https://www.bangor.ac.uk/doctoral-academy,200
https://www.bangor.ac.uk/applicant-hub,200
https://www.bangor.ac.uk/applied/applicant-day/what-to-ask,200
https://www.bangor.ac.uk/humanresources/staffdevelopment/researcherdevelopment/,401
https://www.bangor.ac.uk/celtic-crescent,200
https://www.bangor.ac.uk/international/applying,200
https://www.bangor.ac.uk/news/2026-03-12-celebrating-neurodiversity-with-a-week-of-awareness-creativity-and-support,200
https://www.bangor.ac.uk/applied/applicant-day/parking,200
https://www.bangor.ac.uk/international/support,200
https://www.bangor.ac.uk/cy,200
https://www.bangor.ac.uk/campusmap,200
https://www.bangor.ac.uk/news/2026-03-11-bangor-university-lgbtq-network-shortlisted-for-national-award,200
https://www.bangor.ac.uk/contextual-offers,200
https://www.bangor.ac.uk/research,200
https://www.bangor.ac.uk/events/guided-tours-of-the-art-and-ceramic-collections,200
https://www.bangor.ac.uk/research/news/cabinet-secretary-visits-university-to-discuss-regional-opportunities,200
https://www.bangor.ac.uk/sustainablebangor,200
https://www.bangor.ac.uk/get-ready-for-university,200
https://www.bangor.ac.uk/civic-mission,200
https://www.bangor.ac.uk/courses?term=psychology&level_of_study=All,200
https://www.bangor.ac.uk/research/research-institutes-centres,200
https://www.bangor.ac.uk/news/latest?news_category=1661,200
https://www.bangor.ac.uk/research/news/new-study-links-higher-mortality-rates-from-suicide-alcohol-and-drugs-to-coal-mine,200
https://www.bangor.ac.uk/student-life/sport,200
https://www.bangor.ac.uk/courses?term=&level_of_study=pgt_course,200
https://www.bangor.ac.uk/bangor-140,200
https://www.bangor.ac.uk/about/annual-review,200
https://www.bangor.ac.uk/mini-open-day,200
https://www.bangor.ac.uk/discover-the-best-of-our-city-and-surrounding-area,200
https://www.bangor.ac.uk/change-or-cancel-booking,200
https://www.bangor.ac.uk/how-to-get-to-the-open-day,200
https://www.bangor.ac.uk/resources-hub,200
https://www.bangor.ac.uk/mrc/marketing.php.en,200
https://www.bangor.ac.uk/news/expertise/index.php,200
https://www.bangor.ac.uk/mrc/open_days.php.en,200
https://www.bangor.ac.uk/mrc/school-visit-registration/index.php.en,200
https://www.bangor.ac.uk/studentfinance/new-undergraduates,200
https://www.bangor.ac.uk/resources-hub/professional-learning-for-practitioners,200
https://www.bangor.ac.uk/mrc/socialmedia.php.en,200
https://www.bangor.ac.uk/mrc/digital.php.en,200
https://www.bangor.ac.uk/food-drink-on-campus-during-our-open-days,200
https://www.bangor.ac.uk/education-and-human-development/,200
https://www.bangor.ac.uk/got-questions-about-student-support-chat-with-staff-at-the-open-day,200
https://www.bangor.ac.uk/discover-your-home-from-home-during-our-open-day,200
https://www.bangor.ac.uk/mrc/brand/index.php.en,200
https://www.bangor.ac.uk/open-day-frequently-asked-questions,200
https://www.bangor.ac.uk/mrc/index.php.en,200
https://www.bangor.ac.uk/mrc/staff.php.en,200
https://www.bangor.ac.uk/mini-open-day-programme,200
https://www.bangor.ac.uk/mrc/filminglocation.php.en,200
https://www.bangor.ac.uk/undergraduate-applicant-information-hub,200
https://www.bangor.ac.uk/openday/postgraduate,200
https://www.bangor.ac.uk/applied,200
https://www.bangor.ac.uk/what-to-ask-at-the-university-open-day,200
https://www.bangor.ac.uk/mrc/schools.php.cy,200
https://www.bangor.ac.uk/news/index.php.en,200
https://www.bangor.ac.uk/mrc/corporate_communications.php.en,200
https://www.bangor.ac.uk/openday/studying-through-the-medium-of-welsh,200
https://www.bangor.ac.uk/openday/parking,200
https://www.bangor.ac.uk/education-and-human-development/index.php.en,200
https://www.bangor.ac.uk/studentservices/index.php.en,200
https://www.bangor.ac.uk/cy/amdanom/y-brifysgol,200
https://www.bangor.ac.uk/quality/documents/QER-Action-Plan-EN.pdf,200
https://www.bangor.ac.uk/studentlife/bangor_intro.php.en,200
https://www.bangor.ac.uk/accommodation/index.php.en,200
https://www.bangor.ac.uk/studentlife/clubs_societies.php.en,200
https://www.bangor.ac.uk/studentlife/accommodation.php.en,200
https://www.bangor.ac.uk/sustainability/,200
https://www.bangor.ac.uk/accommodation/guarantee-accommodation.php.en,200
https://www.bangor.ac.uk/brailsford/index.php.en,200
https://www.bangor.ac.uk/about/academic-schools.php.en,200
https://www.bangor.ac.uk/collaborationhub/about-us.php.en,200
https://www.bangor.ac.uk/about/university-history,200
https://www.bangor.ac.uk/environment/index.php.en,200
https://www.bangor.ac.uk/news/2026-03-09-welsh-language-community-course-explores-the-history-and-role-of-protest-in-wales,200
https://www.bangor.ac.uk/news/2026-03-10-study-highlights-urgent-health-risks-from-abuse-loneliness-and-financial-struggles,200
https://www.bangor.ac.uk/news/2026-03-09-new-study-links-higher-mortality-rates-from-suicide-alcohol-and-drugs-to-coal-mine,200
https://www.bangor.ac.uk/news/latest?page=6,200
https://www.bangor.ac.uk/news/latest?page=105,200
https://www.bangor.ac.uk/news/2026-03-10-kids-can-take-tablets-so-why-are-we-still-giving-liquid-medicines,200
https://www.bangor.ac.uk/news/latest?page=0,200
https://www.bangor.ac.uk/news/latest?page=3,200
https://www.bangor.ac.uk/news/latest?page=1,200
https://www.bangor.ac.uk/news/latest?page=5,200
https://www.bangor.ac.uk/news/2026-03-05-national-cardiovascular-research-network-lands-transformative-grant-to-tackle-heart,200
https://www.bangor.ac.uk/news/latest?page=2,200
https://www.bangor.ac.uk/news/latest?page=4,200
https://www.bangor.ac.uk/news/2026-03-03-school-of-health-science-secures-approval-to-deliver-new-community-nursing,200
https://www.bangor.ac.uk/news/2026-03-09-prestigious-honour-for-bangor-university-director-of-research,200
https://www.bangor.ac.uk/news/2026-03-06-bangor-university-hosts-international-womens-day-panel-on-resilience-and,200
https://www.bangor.ac.uk/cy/newyddion,200
https://www.bangor.ac.uk/visit,200
https://www.bangor.ac.uk/study,200
https://www.bangor.ac.uk/cy/wedi-ymgeisio/diwrnod-i-ymgeiswyr-newid-neu-ganslo-eich-ymweliad,200
https://www.bangor.ac.uk/sites/default/files/2024-08/compliance-notice.pdf,200
https://www.bangor.ac.uk/canolfan-bedwyr,200
https://www.bangor.ac.uk/sites/default/files/2024-01/ac-Welsh_Language_Policy_10_2023.pdf,200
https://www.bangor.ac.uk/canolfan-bedwyr/welsh-language-policy,200
https://www.bangor.ac.uk/canolfan-bedwyr/quick-guide,200
https://www.bangor.ac.uk/cy/canolfan-bedwyr/polisi-iaith,200
https://www.bangor.ac.uk/ds/workshops,200
https://www.bangor.ac.uk/ds/news,200
https://www.bangor.ac.uk/international/scholarship,200
https://www.bangor.ac.uk/conservation-and-restoration-of-resilient-ecosystems/news/sarobidy.rakotonarivo@gmail.com,404
https://www.bangor.ac.uk/alumnidiscount,200
https://apps.bangor.ac.uk/applicant/,200
https://www.bangor.ac.uk/cy/cyllidmyfyrwyr/ol-radd/ysgoloriaethau,200
https://www.bangor.ac.uk/studentfinance/postgraduate/scholarships/pantyfedwen,200
https://www.bangor.ac.uk/ds/dean,200
https://www.bangor.ac.uk/studentfinance/info/sportsscholarships,200
https://www.bangor.ac.uk/ds/contact,200
https://www.bangor.ac.uk/ds/prospective-research-candidates,200
https://www.bangor.ac.uk/sites/default/files/2025-08/Price-Davies-Post-Graduate-Scholarship-202526.docx,200
https://www.bangor.ac.uk/ds/doctoral-training-partnerships,200
https://www.bangor.ac.uk/conservation-and-restoration-of-resilient-ecosystems,200
https://www.bangor.ac.uk/useful-links,200
https://www.bangor.ac.uk/studentservices/moneyadvice/,200
https://www.bangor.ac.uk/ds/staff-supervisors,200
https://www.bangor.ac.uk/ds/current-pg-researchers,200
https://www.bangor.ac.uk/cy/ymgeiswyr-ol-radd,200
https://www.bangor.ac.uk/accommodation/application-process-returning-students,200
https://www.bangor.ac.uk/accommodation/what-parents-and-guardians-need-to-know-about-living-in-university-accommodation,200
https://www.bangor.ac.uk/student-life/unibuddy?unibuddy=buddies/staff/681a25a00a1c33fac26e6ab9,200
https://www.bangor.ac.uk/brailsford,200
https://www.bangor.ac.uk/accommodation/returners,200
https://www.bangor.ac.uk/accommodation/shortstay,200
https://www.bangor.ac.uk/accommodation/faq,200
https://www.bangor.ac.uk/accommodation/halls/mentors,200
https://www.bangor.ac.uk/campus-life/,200
https://www.bangor.ac.uk/accommodation/rooms-january,200
https://www.bangor.ac.uk/accommodation/essentials,200
https://www.bangor.ac.uk/accommodation/halls/paying,200
https://www.bangor.ac.uk/accommodation/mission,200
https://www.bangor.ac.uk/accommodation/st-marys-village,200
https://www.bangor.ac.uk/accommodation/rooms,200
https://www.bangor.ac.uk/campuslife,200
https://www.bangor.ac.uk/find-your-perfect-room-undergraduate-students,200
https://www.bangor.ac.uk/accommodation/residential-life-team,200
https://www.bangor.ac.uk/accommodation/videos,200
https://www.bangor.ac.uk/cy/llety,200
https://www.bangor.ac.uk/accommodation/halls/ffriddoedd/elidir,200
https://www.bangor.ac.uk/new-postgraduate-students-book-your-room,200
https://www.bangor.ac.uk/accommodation/rooms/wrexham/en-suite,200
https://www.bangor.ac.uk/international/exchanges/incoming/accommodation,200
https://www.bangor.ac.uk/ffriddoedd-village,200
https://www.bangor.ac.uk/accommodation/accommodation-application,200
https://www.bangor.ac.uk/node/2421,404
https://www.bangor.ac.uk/accommodation/rooms/ffriddoedd/en-suite-classic,200
https://www.bangor.ac.uk/accommodation/halls/ffriddoedd/borth,200
https://www.bangor.ac.uk/accommodation/halls/ffriddoedd/john-morris-jones,200
https://www.bangor.ac.uk/accommodation/halls-at-bangor,200
https://www.bangor.ac.uk/find-your-perfect-room-postgraduate-students,200
https://www.bangor.ac.uk/accommodation/disability,200
https://my.bangor.ac.uk/en,401
https://apps.bangor.ac.uk/canolfan/password/change/,200
https://my.bangor.ac.uk/handbook/,401
https://my.bangor.ac.uk/news/,401
https://my.bangor.ac.uk/directory/index.php.en,401
https://my.bangor.ac.uk/campusmap,200
https://library.bangor.ac.uk/,200
https://blackboard.bangor.ac.uk/,200
https://my.bangor.ac.uk/en/online-services,401
https://my.bangor.ac.uk/en/schools-and-colleges,401
http://office365.bangor.ac.uk/,200
https://my.bangor.ac.uk/en/a-z,401
https://my.bangor.ac.uk/en/professional-services,401
https://www.bangor.ac.uk/study/professional-development-training,200
https://www.bangor.ac.uk/study/postgraduate/law,200
https://www.bangor.ac.uk/study/postgraduate/translation-studies,200
https://www.bangor.ac.uk/study/postgraduate/electronic-engineering,200
https://www.bangor.ac.uk/study/postgraduate/welsh,200
https://www.bangor.ac.uk/study/postgraduate/social-work,200
https://www.bangor.ac.uk/study/postgraduate/medical-sciences,200
https://www.bangor.ac.uk/study/postgraduate/medical-education,200
https://www.bangor.ac.uk/study/postgraduate/criminology-and-criminal-justice,200
https://www.bangor.ac.uk/study/postgraduate/celtic-arthurian-and-medieval-studies,200
https://www.bangor.ac.uk/study/postgraduate/creative-writing,200
https://www.bangor.ac.uk/study/postgraduate/forestry,200
https://www.bangor.ac.uk/study/postgraduate/data-science,200
https://www.bangor.ac.uk/study/postgraduate/physician-associate,200
https://www.bangor.ac.uk/study/facilities,200
https://www.bangor.ac.uk/study/postgraduate/health-sciences,200
https://www.bangor.ac.uk/study/postgraduate/nursing,200
https://www.bangor.ac.uk/study/postgraduate/midwifery,200
https://www.bangor.ac.uk/study/postgraduate/ocean-sciences,200
https://www.bangor.ac.uk/study/postgraduate/neuroscience,200
https://www.bangor.ac.uk/study/postgraduate/physics,200
https://www.bangor.ac.uk/study/postgraduate/apply,200
https://www.bangor.ac.uk/study/postgraduate/education,200
https://www.bangor.ac.uk/study/postgraduate/environmental-science,200
https://www.bangor.ac.uk/study/postgraduate/film-media-and-journalism,200
https://www.bangor.ac.uk/study/postgraduate/english-literature,200
https://www.bangor.ac.uk/study/postgraduate/sport-and-exercise-sciences,200
https://www.bangor.ac.uk/study/postgraduate/biology,200
https://www.bangor.ac.uk/why-study-at-bangor,200
https://www.bangor.ac.uk/cy/astudio/ol-raddedig,200
https://www.bangor.ac.uk/register-your-interest-in-postgraduate-study,200
https://www.bangor.ac.uk/courses?level_of_study=pgt_course,200
https://www.bangor.ac.uk/study/postgraduate/history-and-heritage,200
https://www.bangor.ac.uk/study/postgraduate/music,200
https://www.bangor.ac.uk/study/postgraduate/sociology-and-social-policy,200
https://www.bangor.ac.uk/study/postgraduate/applied-innovation-design,200
https://www.bangor.ac.uk/study/postgraduate/computer-science,200
https://www.bangor.ac.uk/study/postgraduate/marine-biology,200
https://www.bangor.ac.uk/study/postgraduate/physiotherapy,200
https://www.bangor.ac.uk/study/postgraduate/teaching,200
https://www.bangor.ac.uk/study/postgraduate/accounting-banking-and-finance,200
https://www.bangor.ac.uk/study/postgraduate/conservation,200
https://www.bangor.ac.uk/study/postgraduate/renewables,200
https://www.bangor.ac.uk/study/postgraduate/archaeology,200
https://www.bangor.ac.uk/study/postgraduate/business-management-and-marketing,200
https://www.bangor.ac.uk/study/postgraduate/nanotechnology,200
https://www.bangor.ac.uk/study/postgraduate/psychology,200
https://www.bangor.ac.uk/study/postgraduate/bilingualism-and-linguistics,200
https://www.bangor.ac.uk/study/postgraduate/applied-psychology,200
https://www.bangor.ac.uk/cy/courses,200
https://www.bangor.ac.uk/cy/llysgenhadon-myfyrwyr,200
https://www.bangor.ac.uk/cy/astudio/gwneudcais,200
https://www.bangor.ac.uk/sustainability/index.php.en,200
https://www.bangor.ac.uk/studyskills/index.php.en,200
https://www.bangor.ac.uk/canolfanbedwyr/cyfieithu.php.en,200
https://www.bangor.ac.uk/celt/index.php.en,200
https://www.bangor.ac.uk/governance-and-compliance/index.php.en,200
https://www.bangor.ac.uk/studentengagement/index.php.en,200
https://www.bangor.ac.uk/treborth,200
http://teras.bangor.ac.uk/,200
https://www.bangor.ac.uk/student-administration/index.php.en,200
https://www.bangor.ac.uk/about/honorary-fellows,200
https://www.bangor.ac.uk/spp/planning-and-student-data,200
https://www.bangor.ac.uk/cio/index.php.en,200
https://www.bangor.ac.uk/itservices/index.php.en,200
https://www.bangor.ac.uk/equality-diversity-and-inclusion,200
https://www.bangor.ac.uk/about/teaching,200
https://www.bangor.ac.uk/languages-literatures-and-linguistics/elcos/,200
https://www.bangor.ac.uk/commercial-services/baruno.php.en,200
https://www.bangor.ac.uk/santander-universities/index.php.en,404
https://www.bangor.ac.uk/student-services,200
http://www.dyslexia.bangor.ac.uk/,200
https://www.bangor.ac.uk/student-administration/tu/index.php.en,200
https://www.bangor.ac.uk/commercial-services/index.php.en,200
http://tir-na-nog.bangor.ac.uk/,200
https://www.bangor.ac.uk/planning-and-student-data/index.php.en,200
https://www.bangor.ac.uk/research-innovation-and-impact-office/business.php.en,200
https://www.bangor.ac.uk/itservices/print-copy-scan.php.en,200
https://www.bangor.ac.uk/about/honorary-degrees,200
https://www.bangor.ac.uk/legal-and-compliance-services,200
https://www.bangor.ac.uk/skills-and-employability/index.php.en,200
https://www.bangor.ac.uk/humanresources/staffdevelopment/index.php.en,401
https://www.bangor.ac.uk/about/partnership,200
https://www.bangor.ac.uk/archives-and-special-collections,200
https://www.bangor.ac.uk/admissions/index.php.en,200
https://www.bangor.ac.uk/finance-services,200
http://bucu.bangor.ac.uk/,200
https://www.bangor.ac.uk/library-and-archives-services,200
https://www.bangor.ac.uk/humanresources/index.php.en,200
https://www.bangor.ac.uk/cy/amdanom/gwasanaethau-cyfleusterau,200
https://www.bangor.ac.uk/hss/index.php.en,200
https://www.bangor.ac.uk/property-and-campus-services/index.php.en,200
https://www.bangor.ac.uk/quality/index.php.en,200
https://targetconnect.bangor.ac.uk/,200
https://www.bangor.ac.uk/commercial-services/delivered-catering.php.en,200
https://www.bangor.ac.uk/commercial-services/staff.php.en,200
https://www.bangor.ac.uk/commercial-services/pontio-conferencing.php.en,200
https://www.bangor.ac.uk/sustainability/documents/sustainable-food-policy-2020.pdf,200
https://www.bangor.ac.uk/commercial-services/fair-trade.php.en,200
https://www.bangor.ac.uk/commercial-services/documents/ffriddoedd-bangor-map.pdf,200
https://www.bangor.ac.uk/management_centre/conference.php.en,200
https://www.bangor.ac.uk/commercial-services/documents/conferencing-events-english-28032018.pdf,200
https://www.bangor.ac.uk/commercial-services/sports-accommodation.php.en,200
https://www.bangor.ac.uk/commercial-services/documents/directions-bangor.pdf,200
https://www.bangor.ac.uk/commercial-services/branded-goods.php.en,200
https://www.bangor.ac.uk/commercial-services/reichel-hall-conferencing.php.en,200
https://www.bangor.ac.uk/commercial-services/teras.php.en,200
https://www.bangor.ac.uk/commercial-services/main-arts-conferencing.php.en,200
https://www.bangor.ac.uk/commercial-services/documents/health-and-safety.pdf,200
https://www.bangor.ac.uk/commercial-services/conference-dining-venues.php.en,200
https://www.bangor.ac.uk/commercial-services/pontio.php.en,200
https://www.bangor.ac.uk/commercial-services/sustainability.php.en,200
https://www.bangor.ac.uk/commercial-services/location.php.en,200
https://www.bangor.ac.uk/commercial-services/wedding.php.en,200
https://www.bangor.ac.uk/commercial-services/team-building.php.en,200
https://www.bangor.ac.uk/commercial-services/holiday-accommodation.php.en,200
https://www.bangor.ac.uk/commercial-services/pontio-pages/cegin.php.en,200
https://www.bangor.ac.uk/commercial-services/contact.php.en,200
https://www.bangor.ac.uk/commercial-services/cafe-teras.php.en,200
https://www.bangor.ac.uk/commercial-services/gallery_tours.php.en,404
https://www.bangor.ac.uk/commercial-services/pontio-pages/ffynnon.php.en,200
https://www.bangor.ac.uk/commercial-services/barlows.php.en,200
https://www.bangor.ac.uk/commercial-services/delivered-catering-menus.php.en,200
https://www.bangor.ac.uk/commercial-services/conferencing.php.cy,200
https://www.bangor.ac.uk/commercial-services/about.php.en,200
https://www.bangor.ac.uk/commercial-services/documents/Competition-Terms-Conditions-English.pdf,200
https://www.bangor.ac.uk/commercial-services/book-delivered-catering.php.en,200
http://teras.bangor.ac.uk/index.php.en,200
https://www.bangor.ac.uk/commercial-services/pontio-pages/splash.php.en,200
https://www.bangor.ac.uk/commercial-services/business-dining.php.cy,200
https://www.bangor.ac.uk/courses/undergraduate/c617-sport-science-physical-education-and-coaching-bsc-hons,200
https://www.bangor.ac.uk/courses/postgraduate-taught/sport-and-exercise-psychology-bps-accredited-msc,200
https://www.bangor.ac.uk/courses/postgraduate-taught/sport-and-exercise-science-msc,200
https://www.bangor.ac.uk/courses/postgraduate-taught/pgce-secondary-physical-education-welsh-medium,200
https://www.bangor.ac.uk/courses/postgraduate-research/sport-and-exercise-sciences-mres,200
https://www.bangor.ac.uk/courses/postgraduate-research/sport-and-exercise-sciences-phd,200
https://www.bangor.ac.uk/courses/other-courses/talent-development-jxh-4213,200
https://www.bangor.ac.uk/courses/undergraduate/c61f-sport-and-exercise-science-with-foundation-year-bsc-hons,200
https://www.bangor.ac.uk/courses/postgraduate-taught/pgce-secondary-physical-education-english-medium,200
https://www.bangor.ac.uk/courses/undergraduate/c611-adventure-sport-science-bsc-hons,200
https://www.bangor.ac.uk/courses/postgraduate-taught/performance-psychology-online-distance-learning-part-time-msc,200
https://www.bangor.ac.uk/cy/courses?level_of_study=All&term=sport,200
https://www.bangor.ac.uk/courses/undergraduate/c680-sport-and-exercise-psychology-bsc-hons,200
https://www.bangor.ac.uk/courses/undergraduate/c616-sport-and-exercise-science-bsc-hons,200
https://www.bangor.ac.uk/courses/postgraduate-taught/exercise-rehabilitation-msc,200
https://www.bangor.ac.uk/cy/digwyddiadau/coastal-echoes-barddoneg-cydweithio,200
https://www.bangor.ac.uk/news?news_category=1651,200
https://www.bangor.ac.uk/cy/newyddion/2023-08-16-prifysgol-bangor-ar-y-brig-mewn-tabl-cynghrair-amgen-i-brifysgolion,200
https://www.bangor.ac.uk/clearing,200
https://www.bangor.ac.uk/sites/default/files/2025-06/Transparency%20Statement%202324.pdf,200
https://bangor.ac.uk/sites/default/files/2022-02/Bangor%20University%20%E2%80%93%20Annual%20Report%202022%20%28English%29_0.pdf,200
https://www.bangor.ac.uk/cy/adroddiad-blynyddol,200
https://www.bangor.ac.uk/sites/default/files/2025-05/Bangor%20University%20Annual%20Report%202023-24.pdf,200
https://www.bangor.ac.uk/sites/default/files/2021-03/Annual-Review-2019-20.pdf,200
https://www.bangor.ac.uk/sites/default/files/2026-01/Bangor%20University%20Annual%20Report%20English%202024-2025%204.pdf,200
https://www.bangor.ac.uk/sites/default/files/2023-01/Bangor%20University%20Annual%20Report-s.pdf,200
https://www.bangor.ac.uk/sites/default/files/2026-02/Transparency%20Statement%202425.pdf,200
https://www.bangor.ac.uk/announcements/news/the-university-flag-is-being-flown-in-tribute-to-margaret-shooman,200
https://www.bangor.ac.uk/cy/cyhoeddiadau,200
https://www.bangor.ac.uk/announcements/news/the-university-flag-is-being-flown-in-tribute-to-poppy-johnson-15-12-2025,200
https://www.bangor.ac.uk/announcements/news/the-university-flag-is-being-flown-in-tribute-to-dr-jeffrey-lewis-15-01-2026,200
https://www.bangor.ac.uk/announcements/news/the-university-flag-is-being-flown-in-tribute-to-geraint-gill,200
https://www.bangor.ac.uk/cy/panda,200
https://targetconnect.bangor.ac.uk/unauth,200
"https://www.bangor.ac.uk/<a  data-cke-saved-href=""tel:+441248383000"" href=""tel:+441248383000"" title="""">01248383000</a>",404
https://www.bangor.ac.uk/business-services/the-skills-and-innovation-voucher-scheme,200
https://www.bangor.ac.uk/cy/hwb-cydweithredu,200
https://www.bangor.ac.uk/collaborationhub/documents/KTP.pdf,200
https://www.bangor.ac.uk/doctoral-school/index.php.en,200
https://www.bangor.ac.uk/news/2025-07-31-gradual-v-sudden-collapse-what-magnets-teach-us-about-climate-tipping-points,200
https://www.bangor.ac.uk/news/2025-09-04-bangor-university-academics-appointed-to-ref-2029-sub-panels,200
https://www.bangor.ac.uk/news/2025-08-06-childhood-verbal-abuse-shows-similar-impact-to-adult-mental-health-as-physical,200
https://www.bangor.ac.uk/news/latest?news_category=1646&page=4,200
https://www.bangor.ac.uk/news/2025-08-21-protecting-authentic-basmati-uk-enforces-rice-authenticity-standards,200
https://www.bangor.ac.uk/news/latest?news_category=1646&page=35,200
https://www.bangor.ac.uk/news/latest?news_category=1646&page=5,200
https://www.bangor.ac.uk/cy/newyddion?news_category=1646,200
https://www.bangor.ac.uk/news/2025-08-11-new-study-coral-reefs-fate-tied-to-ocean-forces-hidden-below-the-surface-say,200
https://www.bangor.ac.uk/news/latest?news_category=1646&page=2,200
https://www.bangor.ac.uk/news/2025-09-03-bilingualism-possible-in-people-with-rare-genetic-condition-that-normally-limits,200
https://www.bangor.ac.uk/news/2025-08-28-bangor-university-researchers-win-apex-award-for-innovative-cross-disciplinary,200
https://www.bangor.ac.uk/news/latest?news_category=1646&page=1,200
https://www.bangor.ac.uk/news/latest?news_category=1646&page=0,200
https://www.bangor.ac.uk/news/2025-10-15-new-study-highlights-urgent-need-for-action-on-domestic-abuse-in-port-talbot,200
https://www.bangor.ac.uk/news/2025-09-02-experts-urge-the-medical-profession-to-confront-the-global-arms-industry,200
https://www.bangor.ac.uk/news/latest?news_category=1646&page=3,200
https://www.bangor.ac.uk/news/2025-10-01-health-and-care-research-wales-announces-latest-round-of-funding-awards,200
https://www.bangor.ac.uk/news/2025-08-15-why-being-open-about-science-can-make-people-trust-it-less-and-what-to-do-about-it,200
https://www.bangor.ac.uk/news/2025-08-04-will-offshore-wind-energy-affect-ocean-productivity,200
https://www.bangor.ac.uk/news/latest?news_category=1646&page=6,200
https://www.bangor.ac.uk/cy/wedi-ymgeisio/diwrnod-i-ymgeiswyr/cwestiynau-cyffredin,200
https://www.bangor.ac.uk/virtual-experience/,200
https://www.bangor.ac.uk/bbs/about,200
https://www.bangor.ac.uk/school-of-welsh/about,200
https://www.bangor.ac.uk/courses?term=environmental+science&level_of_study=All&ug_subject_area=All&pgt_subject_area=All&pgr_subject_area=All&field_course_year_start_value=All&field_pgr_start_yr_multi_value=All&field_pgt_start_yr_multi_value=All&pgt_course_type=All&pgt_course_mode=All&pgr_course_type=All&oth_course_study_location=All&oth_subject_area=All,200
https://www.bangor.ac.uk/cse,200
https://www.bangor.ac.uk/courses?term=business&level_of_study=All&ug_subject_area=All&pgt_subject_area=All&pgr_subject_area=All&field_course_year_start_value=All&field_pgr_start_yr_multi_value=All&field_pgt_start_yr_multi_value=All&pgt_course_type=All&pgt_course_mode=All&pgr_course_type=All&oth_course_study_location=All&oth_subject_area=All,200
https://www.bangor.ac.uk/courses?term=welsh+&level_of_study=All&ug_subject_area=All&pgt_subject_area=All&pgr_subject_area=All&field_course_year_start_value=All&field_pgr_start_yr_multi_value=All&field_pgt_start_yr_multi_value=All&pgt_course_type=All&pgt_course_mode=All&pgr_course_type=All&oth_course_study_location=All&oth_subject_area=All,200
https://www.bangor.ac.uk/sos/the-rv-prince-madog,200
https://www.bangor.ac.uk/courses?term=ocean+&level_of_study=All&ug_subject_area=All&pgt_subject_area=All&pgr_subject_area=All&field_course_year_start_value=All&field_pgr_start_yr_multi_value=All&field_pgt_start_yr_multi_value=All&pgt_course_type=All&pgt_course_mode=All&pgr_course_type=All&oth_course_study_location=All&oth_subject_area=All,200
https://www.bangor.ac.uk/management_centre/,200
https://www.bangor.ac.uk/sos,200
https://www.bangor.ac.uk/nfi/thor-thermal-hydraulics-open-access-research,200
https://www.bangor.ac.uk/nfi,200
https://www.bangor.ac.uk/cy/niwclear-gogledd-cymru-cefnogi-dyfodol-adweithydd-modiwlaidd-bach-wylfa,200
https://www.bangor.ac.uk/events/postgraduate-event-4,200
https://www.bangor.ac.uk/news,200
https://www.bangor.ac.uk/events/talk-design-26-bangor-university-hosts-one-day-design-and-innovation-conference,200
https://www.bangor.ac.uk/events?page=0,200
https://www.bangor.ac.uk/events/sport-science-taster-coaching-unplugged-debunking-myths-and-coaching-smarter-with-skill-0,200
https://www.bangor.ac.uk/events/guided-tours-of-the-art-and-ceramic-collections-0,200
https://www.bangor.ac.uk/events/taster-session-the-science-of-zombies-could-infection-change-human-behaviour,200
https://www.bangor.ac.uk/cy/digwyddiadau,200
https://www.bangor.ac.uk/events?page=1,200
https://www.bangor.ac.uk/events?page=2,200
https://www.bangor.ac.uk/events/taster-session-the-science-of-zombies-could-infection-change-human-behaviour-welsh-medium,200
https://www.bangor.ac.uk/events/taster-session-where-will-the-next-pandemic-come-from-and-what-can-we-do-about-it-the-one,200
https://www.bangor.ac.uk/events/taster-session-designer-drugs-using-computers-and-ai-to-design-future-medicines,200
https://www.bangor.ac.uk/study/undergraduate/drama,200
https://www.bangor.ac.uk/study/undergraduate/film-and-media,200
https://www.bangor.ac.uk/study/undergraduate/biology,200
https://www.bangor.ac.uk/study/undergraduate/medical-sciences,200
https://www.bangor.ac.uk/study/undergraduate/welsh-and-celtic-studies,200
https://www.bangor.ac.uk/study/undergraduate/data-science,200
https://www.bangor.ac.uk/study/undergraduate/music,200
https://www.bangor.ac.uk/study/undergraduate/childhood-and-youth-studies,200
https://www.bangor.ac.uk/study/undergraduate/policing,200
https://www.bangor.ac.uk/study/undergraduate/economics,200
https://www.bangor.ac.uk/study/undergraduate/nuclear,200
https://www.bangor.ac.uk/study/undergraduate/english-literature,200
https://www.bangor.ac.uk/study/undergraduate/linguistics,200
https://www.bangor.ac.uk/study/undergraduate/marine-biology,200
https://www.bangor.ac.uk/cy/astudio/israddedig,200
https://www.bangor.ac.uk/study/undergraduate/course_structure,200
https://www.bangor.ac.uk/study/undergraduate/zoology,200
https://www.bangor.ac.uk/study/undergraduate/sport-and-exercise-sciences/why-study,200
https://www.bangor.ac.uk/study/undergraduate/sport-and-exercise-sciences/careers,200
https://www.bangor.ac.uk/study/undergraduate/sociology,200
https://www.bangor.ac.uk/study/undergraduate/english,200
https://www.bangor.ac.uk/study/undergraduate/forestry,200
https://www.bangor.ac.uk/study/undergraduate/nursing,200
https://www.bangor.ac.uk/courses?level_of_study=ug_course,200
https://www.bangor.ac.uk/study/undergraduate/philosophy-ethics-and-religion,200
https://www.bangor.ac.uk/study/undergraduate/physics,200
https://www.bangor.ac.uk/study/undergraduate/teaching,200
https://www.bangor.ac.uk/study/undergraduate/french,200
https://www.bangor.ac.uk/study/undergraduate/engineering,200
https://www.bangor.ac.uk/study/undergraduate/conservation,200
https://www.bangor.ac.uk/study/undergraduate/nursing/why-study,200
https://www.bangor.ac.uk/study/undergraduate/product-design,200
https://www.bangor.ac.uk/study/undergraduate/why-study-at-bangor,200
https://www.bangor.ac.uk/study/undergraduate/data-science/why-study,200
https://www.bangor.ac.uk/study/undergraduate/health-and-social-care,200
https://www.bangor.ac.uk/courses/undergraduate/n832-tourism-management-bsc-hons,200
https://www.bangor.ac.uk/study/undergraduate/medicine,200
https://www.bangor.ac.uk/study/undergraduate/politics,200
https://www.bangor.ac.uk/study/undergraduate/law,200
https://www.bangor.ac.uk/study/distance-blended,200
https://www.bangor.ac.uk/study/undergraduate/environmental-science/research,200
https://www.bangor.ac.uk/study/undergraduate/radiography,200
https://www.bangor.ac.uk/study/the-new-personal-statement-for-ucas-application-2026-entry,200
https://www.bangor.ac.uk/study/undergraduate/business-management,200
https://www.bangor.ac.uk/study/undergraduate/midwifery,200
https://www.bangor.ac.uk/study/undergraduate/english-language,200
https://www.bangor.ac.uk/study/undergraduate/criminology-and-criminal-justice,200
https://www.bangor.ac.uk/study/undergraduate/sport-and-exercise-sciences,200
https://www.bangor.ac.uk/study/undergraduate/psychology,200
https://www.bangor.ac.uk/study/undergraduate/accounting-banking-and-finance,200
https://www.bangor.ac.uk/study/undergraduate/creative-writing,200
https://www.bangor.ac.uk/study/undergraduate/environmental-science,200
https://www.bangor.ac.uk/study/undergraduate/psychology/why-study,200
https://www.bangor.ac.uk/study/undergraduate/pharmacy-and-pharmacology,200
https://www.bangor.ac.uk/study/undergraduate/computer-science,200
https://www.bangor.ac.uk/study/undergraduate/dental-hygiene,200
https://www.bangor.ac.uk/study/undergraduate/spanish,200
https://www.bangor.ac.uk/courses/undergraduate/n313-business-data-analytics-bsc-hons,200
https://www.bangor.ac.uk/study/undergraduate/marketing,200
https://www.bangor.ac.uk/study/undergraduate/ocean-sciences,200
https://www.bangor.ac.uk/study/undergraduate/geography,200
https://www.bangor.ac.uk/study/undergraduate/geology,200
https://www.bangor.ac.uk/study/mature-students,200
https://www.bangor.ac.uk/study/undergraduate/modern-languages,200
https://www.bangor.ac.uk/study/undergraduate/history-archaeology-and-heritage,200
https://www.bangor.ac.uk/courses/undergraduate-prospectus,200
https://www.bangor.ac.uk/international/webinars/chats,200
https://www.bangor.ac.uk/international/fees,200
https://www.bangor.ac.uk/international/videos/index,200
https://www.bangor.ac.uk/international/meet-the-international-team,200
https://www.bangor.ac.uk/international/meet-the-partnerships-team,200
https://www.bangor.ac.uk/studentservices/student-health/safety.php.en,200
https://www.bangor.ac.uk/international/meet-the-international-recruitment-team,200
https://apps.bangor.ac.uk/apply/,200
https://www.bangor.ac.uk/international/enquiry,200
https://www.bangor.ac.uk/cy/newyddion/2026-03-12-abuse-loneliness-and-financial-strain-in-later-life-linked-to-poorer-health,200
https://www.bangor.ac.uk/careers-and-employability,200
https://www.bangor.ac.uk/studentservices/wellbeing/index.php.en,200
https://www.bangor.ac.uk/studentservices/moneyadvice/index.php.en,200
https://www.bangor.ac.uk/cy/wedi-ymgeisio/diwrnod-i-ymgeiswyr/cwestiynau-am-gefnogaeth-i-fyfyrwyr,200
https://www.bangor.ac.uk/cy/wedi-ymgeisio/diwrnod-i-ymgeiswyr/darganfod-y-gorau-o-ddinas-bangor,200
https://www.bangor.ac.uk/about/pontio/pontio-innovation.php.en,200
https://www.bangor.ac.uk/about/pontio-innovation/sites,200
https://www.bangor.ac.uk/node,200
https://www.bangor.ac.uk/about/pontio/how-we-work,200
https://www.bangor.ac.uk/about/pontio-innovation/get-involved,200
https://www.bangor.ac.uk/about/pontio-innovation,200
https://www.bangor.ac.uk/cy/amdanom/pontio,200
https://www.bangor.ac.uk/about/pontio-innovation/recent,200
https://www.bangor.ac.uk/about/pontio-innovation/spaces,200
https://www.bangor.ac.uk/about/pontio-innovation/why,200
https://www.bangor.ac.uk/BUIC/management-staff,200
https://www.bangor.ac.uk/buic/english-language-requirements,200
https://www.bangor.ac.uk/buic/international-incorporated-masters,200
https://www.bangor.ac.uk/buic/international-incorporated-bachelors,200
https://www.bangor.ac.uk/buic/tuition-fees,200
https://www.bangor.ac.uk/buic/how-to-apply,200
https://www.bangor.ac.uk/buic/international-year-1,200
https://www.bangor.ac.uk/cy/courses?level_of_study=All&term=business,200
https://www.bangor.ac.uk/courses/undergraduate/i110-computer-information-systems-bsc-hons,200
https://www.bangor.ac.uk/courses/undergraduate/nn4f-accounting-and-finance-with-foundation-year-bsc-hons,200
https://www.bangor.ac.uk/courses/postgraduate-taught/mba-chartered-banker,200
https://www.bangor.ac.uk/courses/undergraduate/n200-business-management-bsc-hons,200
https://www.bangor.ac.uk/courses/postgraduate-research/accounting-banking-economics-finance-management-studies-and-marketing,200
https://www.bangor.ac.uk/courses/undergraduate/n31f-business-data-analytics-with-foundation-year-bsc-hons,200
https://www.bangor.ac.uk/courses/undergraduate/n111-business-enterprise-and-entrepreneurship-bsc-hons,200
https://www.bangor.ac.uk/courses?level_of_study=All&term=business&page=1,200
https://www.bangor.ac.uk/courses/postgraduate-taught/conservation-and-land-management-msc,200
https://www.bangor.ac.uk/courses/postgraduate-taught/business-and-marketing-ma,200
https://www.bangor.ac.uk/courses?level_of_study=All&term=business&page=0,200
https://www.bangor.ac.uk/courses/undergraduate/nn4h-accounting-and-finance-bsc-hons,200
https://www.bangor.ac.uk/courses/postgraduate-taught/business-data-analytics-msc,200
https://www.bangor.ac.uk/courses/undergraduate/n4nf-accounting-and-management-with-foundation-year-bsc-hons,200
https://www.bangor.ac.uk/courses/undergraduate/i103-computer-science-with-game-design-bsc-hons,200
https://www.bangor.ac.uk/courses/undergraduate/n4n2-accounting-and-management-bsc-hons,200
https://www.bangor.ac.uk/courses/undergraduate/n20f-business-management-with-foundation-year-bsc-hons,200
https://www.bangor.ac.uk/courses/undergraduate/h114-data-science-and-visualisation-bsc-hons,200
https://www.bangor.ac.uk/courses/undergraduate/in00-computer-information-systems-for-business-bsc-hons,200
https://www.bangor.ac.uk/courses/undergraduate/n39f-banking-and-finance-with-foundation-year-bsc-hons,200
https://www.bangor.ac.uk/courses/undergraduate/h118-data-science-and-artificial-intelligence-ai-bsc-hons,200
https://www.bangor.ac.uk/visitday/how-to-get-here,200
https://www.bangor.ac.uk/visitday/discover-your-home-from-home,200
https://www.bangor.ac.uk/visitday/food-and-drink,200
https://www.bangor.ac.uk/cy/diwrnod-ymweld/cofrestru-nawr,200
https://www.bangor.ac.uk/visitday/student-support,200
https://www.bangor.ac.uk/visitday/what-to-ask,200
https://www.bangor.ac.uk/visitday/frequently-asked-questions,200
https://www.bangor.ac.uk/visitday/change-booking,200
https://www.bangor.ac.uk/visitday/parking,200
https://www.bangor.ac.uk/visit-day,200
https://www.bangor.ac.uk/visitday/discover-the-best-of-our-city,200
https://www.bangor.ac.uk/visitday/programme,200
https://www.bangor.ac.uk/visitday/studying-through-welsh,200
https://www.bangor.ac.uk/visitday/radiography-wrexham-campus,200
https://www.bangor.ac.uk/welcome-to-bangor,200
https://www.bangor.ac.uk/student-life/unibuddy,200
https://www.bangor.ac.uk/cy/bywyd-myfyrwyr/clybiau-cymdeithasau,200
https://www.bangor.ac.uk/student-life/youtube,200
https://www.bangor.ac.uk/student-life/socialmedia,200
https://www.bangor.ac.uk/cy/digwyddiad-ol-raddedig/cofrestru,200
https://www.bangor.ac.uk/postgraduate-event/parking,200
https://www.bangor.ac.uk/postgraduate-event/how-to-get-here,200
https://www.bangor.ac.uk/postgraduate-event/food-and-drink,200
https://www.bangor.ac.uk/postgraduate-event/programme,200
https://www.bangor.ac.uk/postgraduate-event/accommodation,200
https://www.bangor.ac.uk/arts-humanities-and-social-sciences/research,200
https://www.bangor.ac.uk/arts-culture-language/about,200
https://bc.bangor.ac.uk/,200
https://www.bangor.ac.uk/nwms,200
https://www.bangor.ac.uk/research/medicine-and-health,200
https://www.bangor.ac.uk/research/themes/arts-humanities-and-business,200
https://www.bangor.ac.uk/shs/research,200
https://www.bangor.ac.uk/cy/ymchwil/ysgolion,200
https://www.bangor.ac.uk/spss/research-and-impact,200
https://www.bangor.ac.uk/sens/research-impact,200
https://www.bangor.ac.uk/research/themes/environmental-sciences-and-engineering,200
https://www.bangor.ac.uk/scsee/research-facilities,200
https://www.bangor.ac.uk/history-law-social-sciences/research,200
https://www.bangor.ac.uk/research/about/impact,200
https://www.bangor.ac.uk/bbs/research,200
https://www.bangor.ac.uk/educational-sciences/research,200
https://www.bangor.ac.uk/international/future/living,200
https://www.bangor.ac.uk/international/travelling-to-bangor,200
https://www.bangor.ac.uk/international/support/airport-pickup,200
https://www.bangor.ac.uk/cy/darlithoedd-cyhoeddus,200
https://www.bangor.ac.uk/cy/newyddion/2025-06-09-prifysgol-bangor-yn-y-safle-cyntaf-yng-nghymru-ac-yn-15fed-yn-y-deyrnas-unedig,200
https://www.bangor.ac.uk/cy/newyddion/2026-02-03-prifysgol-bangor-ymhlith-400-prifysgol-goraur-byd-yn-ol-time,200
https://www.bangor.ac.uk/cy/newyddion/2025-06-18-safle-prifysgol-bangor-yn-codi-o-ran-cynaliadwyedd-byd-eang,200
https://www.bangor.ac.uk/courses?term=&level_of_study=pgt_course&academic_school=All&field_course_year_start_value=All&field_pgr_start_yr_multi_value=All&field_pgt_start_yr_multi_value=All&field_ug_start_yr_multi_value=All&field_course_start_date_type_value=All&ug_subject_area=All&ug_subject_combination=All&ug_course_type=All&pgt_subject_area=All&pgt_course_type=All&pgt_course_mode=All&pgt_start_date=All&pgr_subject_area=All&pgr_course_type=All,200
https://www.bangor.ac.uk/cy/digwyddiad-ol-raddedig,200
https://www.bangor.ac.uk/courses?term=&level_of_study=pgr_course&academic_school=All&field_course_year_start_value=All&field_pgr_start_yr_multi_value=All&field_pgt_start_yr_multi_value=All&field_ug_start_yr_multi_value=All&field_course_start_date_type_value=All&ug_subject_area=All&ug_subject_combination=All&ug_course_type=All&pgt_subject_area=All&pgt_course_type=All&pgt_course_mode=All&pgt_start_date=All&pgr_subject_area=All&pgr_course_type=All,200
https://www.bangor.ac.uk/cy/wedi-ymgeisio/diwrnod-i-ymgeiswyr/ystyried-astudio-drwy-gyfrwng-y-gymraeg,200
https://www.bangor.ac.uk/bangortv/studentlife,200
https://www.bangor.ac.uk/cy/bangortv,200
https://www.bangor.ac.uk/bangortv/profiles,200
https://www.bangor.ac.uk/bangortv/clubs,200
https://www.bangor.ac.uk/bangortv/talking-about,200
https://www.bangor.ac.uk/bangortv/studying-at-bangor,200
https://www.bangor.ac.uk/bangortv/accommodation,200
https://www.bangor.ac.uk/bangortv/official,200
https://www.bangor.ac.uk/bangortv/location,200
https://www.bangor.ac.uk/courses/postgraduate-research/bilingualism-mphil,200
https://www.bangor.ac.uk/courses/postgraduate-research/archaeology-phd,200
https://www.bangor.ac.uk/courses/postgraduate-research/law-phd,200
https://www.bangor.ac.uk/courses/postgraduate-research/biological-sciences-mscres,200
https://www.bangor.ac.uk/courses/postgraduate-research/ageing-and-dementia-studies-distance-learning-professional-doctorate,200
https://www.bangor.ac.uk/courses/postgraduate-research/agroforestry-phd,200
https://www.bangor.ac.uk/courses/postgraduate-research/agriculture-phd,200
https://www.bangor.ac.uk/courses/postgraduate-research/ageing-and-dementia-studies-phd,200
https://www.bangor.ac.uk/courses/postgraduate-research/ageing-and-dementia-studies-mphil,200
https://www.bangor.ac.uk/courses/postgraduate-research/ageing-and-dementia-studies-mres,200
https://www.bangor.ac.uk/courses/postgraduate-research/computer-science-masters-by-research-mscres,200
https://www.bangor.ac.uk/courses/postgraduate-research/bilingualism-phd,200
https://www.bangor.ac.uk/courses?term=&level_of_study=pgr_course&page=0,200
https://www.bangor.ac.uk/courses?term=&level_of_study=pgr_course&page=2,200
https://www.bangor.ac.uk/courses/postgraduate-research/celtic-studies-astudiaethau-celtaidd-phd,200
https://www.bangor.ac.uk/courses?term=&level_of_study=pgr_course&page=1,200
https://www.bangor.ac.uk/courses/postgraduate-research/communication-networks-and-protocols-phd,200
https://www.bangor.ac.uk/courses/postgraduate-research/artificial-intelligence-machine-learning-and-advanced-computing-phd,200
https://www.bangor.ac.uk/courses/postgraduate-research/biological-sciences-phd,200
https://www.bangor.ac.uk/cy/courses?level_of_study=pgr_course&term=,200
https://www.bangor.ac.uk/courses/postgraduate-research/clinical-sciences-mscres,200
https://www.bangor.ac.uk/courses/postgraduate-research/chinese-studies-phd,200
https://www.bangor.ac.uk/courses/postgraduate-research/artificial-intelligence-and-intelligent-agents-phd,200
https://www.bangor.ac.uk/courses?term=&level_of_study=pgr_course&page=3,200
https://www.bangor.ac.uk/cy/bywyd-myfyrwyr/cymdeithasu,200
https://www.bangor.ac.uk/student-life/union,200
https://jobs.bangor.ac.uk/benefits.php.en,200
https://jobs.bangor.ac.uk/internal/index.php.en,401
https://jobs.bangor.ac.uk/login.php.en,200
https://jobs.bangor.ac.uk/index.php.cy,200
https://jobs.bangor.ac.uk/ApplicantGuide.pdf,200
https://jobs.bangor.ac.uk/index.php.en,200
https://www.bangor.ac.uk/humanresources/afcovenant.php.en,200
https://jobs.bangor.ac.uk/FAQ.pdf,200
https://www.bangor.ac.uk/cy/calendr-academaidd,200
https://www.bangor.ac.uk/cy/bywyd-myfyrwyr/astudio-dramor,200
https://www.bangor.ac.uk/cy/courses?field_course_year_start_value=All&field_pgr_start_yr_multi_value=All&field_pgt_start_yr_multi_value=All&level_of_study=pgr_course&oth_course_study_location=All&oth_subject_area=All&pgr_course_type=All&pgr_subject_area=All&pgt_course_mode=All&pgt_course_type=All&pgt_subject_area=All&term=&ug_subject_area=All,200
https://www.bangor.ac.uk/courses?term=&level_of_study=pgr_course&ug_subject_area=All&pgt_subject_area=All&pgr_subject_area=All&field_course_year_start_value=All&field_pgr_start_yr_multi_value=All&field_pgt_start_yr_multi_value=All&pgt_course_type=All&pgt_course_mode=All&pgr_course_type=All&oth_course_study_location=All&oth_subject_area=All&page=2,200
https://www.bangor.ac.uk/courses?term=&level_of_study=pgr_course&ug_subject_area=All&pgt_subject_area=All&pgr_subject_area=All&field_course_year_start_value=All&field_pgr_start_yr_multi_value=All&field_pgt_start_yr_multi_value=All&pgt_course_type=All&pgt_course_mode=All&pgr_course_type=All&oth_course_study_location=All&oth_subject_area=All&page=0,200
https://www.bangor.ac.uk/courses?term=&level_of_study=pgr_course&ug_subject_area=All&pgt_subject_area=All&pgr_subject_area=All&field_course_year_start_value=All&field_pgr_start_yr_multi_value=All&field_pgt_start_yr_multi_value=All&pgt_course_type=All&pgt_course_mode=All&pgr_course_type=All&oth_course_study_location=All&oth_subject_area=All&page=3,200
https://www.bangor.ac.uk/courses?term=&level_of_study=pgr_course&ug_subject_area=All&pgt_subject_area=All&pgr_subject_area=All&field_course_year_start_value=All&field_pgr_start_yr_multi_value=All&field_pgt_start_yr_multi_value=All&pgt_course_type=All&pgt_course_mode=All&pgr_course_type=All&oth_course_study_location=All&oth_subject_area=All&page=1,200
https://www.bangor.ac.uk/courses/other-courses/banking-technology-fintech-asb-9049,200
https://www.bangor.ac.uk/courses/other-courses/contraception-and-associated-health-nhs-4384,200
https://www.bangor.ac.uk/courses?term=&level_of_study=other_course&ug_subject_area=All&pgt_subject_area=All&pgr_subject_area=All&field_course_year_start_value=All&field_pgr_start_yr_multi_value=All&field_pgt_start_yr_multi_value=All&pgt_course_type=All&pgt_course_mode=All&pgr_course_type=All&oth_course_study_location=All&oth_subject_area=All&page=1,200
https://www.bangor.ac.uk/courses/other-courses/childrens-voice-cynefin-and-co-creation-of-the-curriculum,200
https://www.bangor.ac.uk/courses/other-courses/advanced-critical-care-nhs-4443,200
https://www.bangor.ac.uk/courses?term=&level_of_study=other_course&ug_subject_area=All&pgt_subject_area=All&pgr_subject_area=All&field_course_year_start_value=All&field_pgr_start_yr_multi_value=All&field_pgt_start_yr_multi_value=All&pgt_course_type=All&pgt_course_mode=All&pgr_course_type=All&oth_course_study_location=All&oth_subject_area=All&page=5,200
https://www.bangor.ac.uk/courses/other-courses/advances-in-renal-care-nhs-4246,200
https://www.bangor.ac.uk/courses/other-courses/active-workplace-champion-training,200
https://www.bangor.ac.uk/courses/other-courses/accelerating-expertise-jxh-4105,200
https://www.bangor.ac.uk/courses?term=&level_of_study=other_course&ug_subject_area=All&pgt_subject_area=All&pgr_subject_area=All&field_course_year_start_value=All&field_pgr_start_yr_multi_value=All&field_pgt_start_yr_multi_value=All&pgt_course_type=All&pgt_course_mode=All&pgr_course_type=All&oth_course_study_location=All&oth_subject_area=All&page=4,200
https://www.bangor.ac.uk/courses/other-courses/capital-markets-treasury-management-asb-9040,200
https://www.bangor.ac.uk/courses/other-courses/advanced-research-and-enquiry-skills,200
https://www.bangor.ac.uk/courses?term=&level_of_study=other_course&ug_subject_area=All&pgt_subject_area=All&pgr_subject_area=All&field_course_year_start_value=All&field_pgr_start_yr_multi_value=All&field_pgt_start_yr_multi_value=All&pgt_course_type=All&pgt_course_mode=All&pgr_course_type=All&oth_course_study_location=All&oth_subject_area=All&page=2,200
https://www.bangor.ac.uk/courses/other-courses/aspects-of-global-banking-asb-9052,200
https://www.bangor.ac.uk/courses/other-courses/contraception-and-associated-health-nhs-3103,200
https://www.bangor.ac.uk/courses/other-courses/advanced-critical-care-nhs-3210,200
https://www.bangor.ac.uk/courses?term=&level_of_study=other_course&ug_subject_area=All&pgt_subject_area=All&pgr_subject_area=All&field_course_year_start_value=All&field_pgr_start_yr_multi_value=All&field_pgt_start_yr_multi_value=All&pgt_course_type=All&pgt_course_mode=All&pgr_course_type=All&oth_course_study_location=All&oth_subject_area=All&page=3,200
https://www.bangor.ac.uk/courses/other-courses/assessment-in-medical-and-health-professions-education-mse-4030,200
https://www.bangor.ac.uk/courses/other-courses/collaborative-and-professional-practice,200
https://www.bangor.ac.uk/courses/other-courses/corporate-finance-asb-9032,200
https://www.bangor.ac.uk/courses?term=&level_of_study=other_course&ug_subject_area=All&pgt_subject_area=All&pgr_subject_area=All&field_course_year_start_value=All&field_pgr_start_yr_multi_value=All&field_pgt_start_yr_multi_value=All&pgt_course_type=All&pgt_course_mode=All&pgr_course_type=All&oth_course_study_location=All&oth_subject_area=All&page=0,200
https://www.bangor.ac.uk/courses/other-courses/contemporary-approaches-to-medical-and-health-professions-education-micro,200
https://www.bangor.ac.uk/cy/courses?field_course_year_start_value=All&field_pgr_start_yr_multi_value=All&field_pgt_start_yr_multi_value=All&level_of_study=other_course&oth_course_study_location=All&oth_subject_area=All&pgr_course_type=All&pgr_subject_area=All&pgt_course_mode=All&pgt_course_type=All&pgt_subject_area=All&term=&ug_subject_area=All,200
https://www.bangor.ac.uk/courses/other-courses/corporate-strategy-asb-9033,200
https://www.bangor.ac.uk/courses/other-courses/competency-assessment-mindfulness-facilitation,200
https://www.bangor.ac.uk/courses/other-courses/an-introduction-to-isupport-for-young-people-supporting-young-people-who-live,200
https://www.bangor.ac.uk/courses/other-courses/child-adolescent-mental-health-nhs-4377,200
https://www.bangor.ac.uk/energy/links.php.en,200
https://www.bangor.ac.uk/energy/index.php.en,200
https://www.bangor.ac.uk/energy/solar.php.en,200
https://www.bangor.ac.uk/energy/courses.php.en,200
https://www.bangor.ac.uk/energy/nuclear-futures-institute,200
https://www.bangor.ac.uk/energy/index.php.cy,200
https://www.bangor.ac.uk/energy/other.php.en,200
https://www.bangor.ac.uk/energy/news/,200
http://nuclear-futures.bangor.ac.uk/,0
https://www.bangor.ac.uk/energy/contact.php.en,200
https://www.bangor.ac.uk/energy/partners.php.en,200
http://nuclear-futures.bangor.ac.uk/people/welee.php,0
http://seec.bangor.ac.uk/,200
https://www.bangor.ac.uk/energy/marine.php.en,200
https://www.bangor.ac.uk/cy/strategaeth-2030,200
https://www.bangor.ac.uk/sites/default/files/2024-04/Strategy%202030%20-%20English%2010-4-24.pdf,200
https://www.bangor.ac.uk/sites/default/files/2025-05/Strategy%202030%20Nov23-accessible.pdf,200
https://www.bangor.ac.uk/cy/eiddo-deallusol,200
https://www.bangor.ac.uk/news?news_category=1646,200
https://www.bangor.ac.uk/cy/newyddion/2023-11-16-system-newydd-prifysgol-bangor-ar-gyfer-gwyliadwriaeth-iechyd-y-cyhoedd-trwy,200
https://www.bangor.ac.uk/cy/digwyddiadau/croesir-bont-barddoniaeth-a-chyfieithu-mewn-perfformiad,200
https://www.bangor.ac.uk/governance-and-compliance/documents/policy-development-framework.pdf,200
https://www.bangor.ac.uk/governance-and-compliance/emergency-management-and-continuity.php.en,200
https://www.bangor.ac.uk/governance-and-compliance/safeguarding.php.en,200
https://www.bangor.ac.uk/regulations/index.php.en,200
https://www.bangor.ac.uk/governance-and-compliance/contracts.php.en,200
https://www.bangor.ac.uk/governance-and-compliance/contact.php.en,200
https://www.bangor.ac.uk/governance-and-compliance/complaints.php.en,200
https://www.bangor.ac.uk/governance-and-compliance/policy-register/index.php.cy,200
https://www.bangor.ac.uk/governance-and-compliance/stafftraining.php.en,200
https://www.bangor.ac.uk/governance-and-compliance/ethicsandresearchethics.php.en,200
https://www.bangor.ac.uk/governance-and-compliance/legalservices.php.en,200
https://www.bangor.ac.uk/governance-and-compliance/governance.php.en,200
https://www.bangor.ac.uk/governance-and-compliance/university-diary.php.en,200
https://www.bangor.ac.uk/governance-and-compliance/students.php.en,200
https://www.bangor.ac.uk/governance-and-compliance/datafreedom.php.en,200
https://www.bangor.ac.uk/cy/astudio/archebu-prosbectws,200
https://www.bangor.ac.uk/cy/ymchwil/newyddion/ymchwilydd-o-brifysgol-bangor-yn-rownd-derfynol-gwobrau-blavatnik-i-wyddonwyr,200
https://www.bangor.ac.uk/student-life/student-finance-archived,403
https://www.bangor.ac.uk/cy/study/parents,200
https://www.bangor.ac.uk/courses/undergraduate/c101-biology-mbiol,200
https://www.bangor.ac.uk/courses?level_of_study=wt_undergraduate_programme&page=6,200
https://www.bangor.ac.uk/courses/undergraduate/c100-biology-bsc-hons,200
https://www.bangor.ac.uk/courses?level_of_study=wt_undergraduate_programme&page=10,200
https://www.bangor.ac.uk/courses/undergraduate/b102-biomedical-science-bsc-hons,200
https://www.bangor.ac.uk/courses/undergraduate/c511-biology-with-biotechnology-bsc-hons,200
https://www.bangor.ac.uk/courses?level_of_study=wt_undergraduate_programme&page=3,200
https://www.bangor.ac.uk/courses/undergraduate/n312-banking-with-financial-technology-fintech-bsc-hons,200
https://www.bangor.ac.uk/courses/undergraduate/b741-adult-nursing-bn-hons,200
https://www.bangor.ac.uk/courses?level_of_study=wt_undergraduate_programme&page=1,200
https://www.bangor.ac.uk/courses?level_of_study=wt_undergraduate_programme&page=7,200
https://www.bangor.ac.uk/courses/undergraduate/b112-biomedical-science-with-foundation-year-bsc-hons,200
https://www.bangor.ac.uk/cy/courses?level_of_study=wt_undergraduate_programme,200
https://www.bangor.ac.uk/courses?level_of_study=wt_undergraduate_programme&page=0,200
https://www.bangor.ac.uk/courses?level_of_study=wt_undergraduate_programme&page=2,200
https://www.bangor.ac.uk/courses/undergraduate/n391-banking-and-finance-bsc-hons,200
https://www.bangor.ac.uk/courses?level_of_study=wt_undergraduate_programme&page=8,200
https://www.bangor.ac.uk/courses/undergraduate/c10f-biology-with-foundation-year-bsc-hons,200
https://www.bangor.ac.uk/courses?level_of_study=wt_undergraduate_programme&page=4,200
https://www.bangor.ac.uk/courses?level_of_study=wt_undergraduate_programme&page=5,200
https://www.bangor.ac.uk/courses/undergraduate/c510-biology-with-biotechnology-mbiol,200
https://www.bangor.ac.uk/courses/undergraduate/n32f-banking-with-financial-technology-with-foundation-year-bsc-hons,200
https://www.bangor.ac.uk/www.ucas.com,404
https://www.bangor.ac.uk/cy/ehangu-mynediad,200
https://www.bangor.ac.uk/wideningaccess,200
https://www.bangor.ac.uk/nolink,404
https://www.bangor.ac.uk/classcymru.co.uk,404
https://www.bangor.ac.uk/sites/default/files/2023-03/carers-policy.pdf,200
https://www.bangor.ac.uk/studentfinance/info/index,200
https://www.bangor.ac.uk/studentfinance/info/scholarships,200
https://my.bangor.ac.uk/studentfinance/current_students/index.php.en,401
http://www.bangor.ac.uk/studentservices/moneyadvice/pt.php.en,200
https://www.bangor.ac.uk/student-administration/fees/,200
https://www.bangor.ac.uk/finance-services/payments/home,200
https://www.bangor.ac.uk/studentservices/moneyadvice/pt.php.en,200
https://www.bangor.ac.uk/finance-services/payments/international,200
https://www.bangor.ac.uk/eu-students,200
https://www.bangor.ac.uk/studentfinance/work,200
https://www.bangor.ac.uk/cy/cyllidmyfyrwyr,200
https://www.bangor.ac.uk/studentfinance/postgrad/funding,200
https://www.bangor.ac.uk/student-finance/bangor-bursaries,200
https://www.bangor.ac.uk/cy/cyllid-myfyrwyr/ysgoloriaethau,200
https://www.bangor.ac.uk/sports-scholarships,200
https://www.bangor.ac.uk/studentfinance/info/startupbursary,200
https://www.bangor.ac.uk/node/34061,404
https://www.bangor.ac.uk/studentfinance/info/welshbursary,200
https://www.bangor.ac.uk/studentfinance/info/bangor-bursaries,200
https://www.bangor.ac.uk/international/,200
https://www.bangor.ac.uk/studentfinance/info/ccc,200
https://www.bangor.ac.uk/studentfinance/info/bangorscholarships,200
https://www.bangor.ac.uk/studentservices/moneyadvice/carers.php.en,200
https://www2.bangor.ac.uk/virtual-experience/,200
https://www.bangor.ac.uk/studentfinance/info,200
https://www.bangor.ac.uk/study/undergrad/defer,200
https://www.bangor.ac.uk/courses?term=&level_of_study=ug_course&academic_school=All&field_course_year_start_value=All&field_pgr_start_yr_multi_value=All&field_pgt_start_yr_multi_value=All&field_ug_start_yr_multi_value=All&field_course_start_date_type_value=All&ug_subject_area=All&ug_subject_combination=All&ug_course_type=All&pgt_subject_area=All&pgt_course_type=All&pgt_course_mode=All&pgt_start_date=All&pgr_subject_area=All&pgr_course_type=All,200
https://www.bangor.ac.uk/international/exchanges,200
https://www.bangor.ac.uk/study/undergrad/sponsored,200
https://www.bangor.ac.uk/applied-%20archived,403
https://www.bangor.ac.uk/cy/astudio/israddedig/cais,200
https://www.bangor.ac.uk/cy/amdanom-ni/rheolaeth-a-llywodraethiant,200
https://www.bangor.ac.uk/about/minutes-and-reports,200
https://www.bangor.ac.uk/planning-and-student-data/strategic-plan/index.php.en,200
https://www.bangor.ac.uk/governance-office/honorary-appointments,200
https://www.bangor.ac.uk/about/university-executive-board,200
https://www.bangor.ac.uk/about/register-of-interest,200
https://www.bangor.ac.uk/sites/default/files/2022-08/Ord1%20-%20council.pdf,200
https://www.bangor.ac.uk/sites/default/files/2022-08/Ord13-Court-access.pdf,200
https://www.bangor.ac.uk/about/the-university-council,200
https://www.bangor.ac.uk/governance-and-compliance/documents/ordiances/2022/Ord12.pdf,200
https://www.bangor.ac.uk/study/postgraduate/why-study-at-bangor,200
https://www.bangor.ac.uk/study/postgraduate-research/data-science,200
https://www.bangor.ac.uk/study/postgraduate-research/translation-studies,200
https://www.bangor.ac.uk/study/postgraduate-research/forestry,200
https://www.bangor.ac.uk/study/postgraduate-research/marine-biology,200
https://www.bangor.ac.uk/courses?level_of_study=pgr_course,200
https://www.bangor.ac.uk/study/postgraduate-research/welsh-and-celtic-studies,200
https://www.bangor.ac.uk/study/postgraduate-research/environmental-science,200
https://www.bangor.ac.uk/study/postgraduate-research/biology,200
https://www.bangor.ac.uk/study/postgraduate-research/archaeology-and-heritage,200
https://www.bangor.ac.uk/study/postgraduate-research/law,200
https://www.bangor.ac.uk/study/postgraduate-research/film-media-and-journalism,200
https://www.bangor.ac.uk/study/postgraduate-research/renewables,200
https://www.bangor.ac.uk/study/postgraduate-research/clinical-psychology,200
https://www.bangor.ac.uk/accommodation/postgraduate,200
https://www.bangor.ac.uk/study/postgraduate-research/education,200
https://www.bangor.ac.uk/study/postgraduate-research/medical-sciences,200
https://www.bangor.ac.uk/study/postgraduate-research/business-management-and-marketing,200
https://www.bangor.ac.uk/study/postgraduate-research/electronic-engineering,200
https://www.bangor.ac.uk/study/postgraduate-research/music,200
https://www.bangor.ac.uk/study/postgraduate-research/sport-and-exercise-sciences,200
https://www.bangor.ac.uk/study/postgraduate-research/nanotechnology,200
https://www.bangor.ac.uk/cy/astudio/ol-raddedig-ymchwil,200
https://www.bangor.ac.uk/study/postgraduate-research/modern-languages-and-cultures,200
https://www.bangor.ac.uk/study/postgraduate-research/accounting-banking-and-finance,200
https://www.bangor.ac.uk/study/postgraduate-research/conservation,200
https://www.bangor.ac.uk/study/postgraduate-research/english-literature,200
https://www.bangor.ac.uk/study/postgraduate-research/computer-science,200
https://www.bangor.ac.uk/study/postgraduate-research/creative-and-critical-writing,200
https://www.bangor.ac.uk/study/postgraduate-research/physics,200
https://www.bangor.ac.uk/study/postgraduate-research/biotechnology,200
https://www.bangor.ac.uk/study/postgraduate-research/ocean-sciences,200
https://www.bangor.ac.uk/study/postgraduate-research/philosophy-and-religion,200
https://www.bangor.ac.uk/study/postgraduate-research/bilingualism-and-linguistics,200
https://www.bangor.ac.uk/study/postgraduate-research/sociology-and-social-policy,200
https://www.bangor.ac.uk/study/postgraduate-research/health-sciences,200
https://www.bangor.ac.uk/study/postgraduate-research/criminology-and-criminal-justice,200
https://www.bangor.ac.uk/study/postgraduate-research/geography,200
https://www.bangor.ac.uk/study/postgraduate-research/history-and-welsh-history,200
https://www.bangor.ac.uk/study/postgraduate-research/psychology,200
https://www.bangor.ac.uk/courses/postgraduate-taught/bank-management-and-technology-pgcert-pgcert,200
https://www.bangor.ac.uk/courses/postgraduate-taught/illicit-finance-mba,200
https://www.bangor.ac.uk/courses/postgraduate-taught/financial-crime-and-compliance-mba,200
https://www.bangor.ac.uk/sites/default/files/2023-05/CBMBA-business.pdf,200
https://www.bangor.ac.uk/executive-education/events/meet-the-risk-management-specialist-webcast-with-vincent-mok,200
https://www.bangor.ac.uk/courses/postgraduate-taught/chartered-banker-mba-mba,200
https://www.bangor.ac.uk/executive-education/news/executive-education-graduation-summer-2025,200
https://www.bangor.ac.uk/sites/default/files/2023-05/FCCMBA-Brochure.pdf,200
https://www.bangor.ac.uk/executive-education/news/chartered-banker-mba-graduate-takes-ceo-role-at-leading-kenyan-bank,200
https://www.bangor.ac.uk/courses/postgraduate-taught/bank-management-and-technology-pgcert,200
https://www.bangor.ac.uk/executive-education/single-modules,200
https://www.bangor.ac.uk/executive-education/request-further-information,200
https://www.bangor.ac.uk/courses/postgraduate-taught/financial-crime-and-compliance-mba-mba,200
https://www.bangor.ac.uk/cy/addysg-weithredol,200
https://www.bangor.ac.uk/Executive-Education/executive-education-news,200
https://www.bangor.ac.uk/executive-education/news/executive-education-winter-2025-graduation,200
https://www.bangor.ac.uk/giving/how-to-give,200
https://www.bangor.ac.uk/alumni/data-protection,200
https://www.bangor.ac.uk/alumni/services-and-benefits,200
https://www.bangor.ac.uk/alumni/atgofion-140-mlwyddiant-cyn-fyfyrwyr-140th-anniversary-alumni-memories,200
https://www.bangor.ac.uk/alumni/get-involved,200
https://www.bangor.ac.uk/alumni/events,200
https://www.bangor.ac.uk/alumni/about-us,200
https://www.bangor.ac.uk/alumni/update.php.en,200
https://www.bangor.ac.uk/alumni/news-and-communications,200
https://www.bangor.ac.uk/cy/alumni,200
https://www.bangor.ac.uk/alumni/advisory-board,200
https://www.bangor.ac.uk/giving/bangor-fund,200
https://www.bangor.ac.uk/alumni/keep-in-touch,200
https://www.bangor.ac.uk/alumni/profiles,200
https://www.bangor.ac.uk/atgofion-140-mlwyddiant-cyn-fyfyrwyr-140th-anniversary-alumni-memories,200
https://www.bangor.ac.uk/alumni/international,200
https://www.bangor.ac.uk/courses/postgraduate-taught/international-law-and-human-rights,200
https://www.bangor.ac.uk/courses/postgraduate-taught/law-and-criminology-llm,200
https://www.bangor.ac.uk/courses?term=law&level_of_study=All&page=1,200
https://www.bangor.ac.uk/courses?term=law&level_of_study=All&page=0,200
https://www.bangor.ac.uk/courses/undergraduate/c813-psychology-with-forensic-psychology-bsc-hons,200
https://www.bangor.ac.uk/cy/courses?level_of_study=All&term=law,200
https://www.bangor.ac.uk/courses/undergraduate/m1r8-law-with-modern-languages-llb-hons,200
https://www.bangor.ac.uk/courses/undergraduate/m1m9-law-with-criminology-llb-hons,200
https://www.bangor.ac.uk/courses/undergraduate/m101-law-2-year-accelerated-programme-llb-hons,200
https://www.bangor.ac.uk/courses/undergraduate/l436-professional-policing-bsc-hons,200
https://www.bangor.ac.uk/courses/undergraduate/m10f-law-with-foundation-year-llb-hons,200
https://www.bangor.ac.uk/courses/undergraduate/m1c8-law-with-psychology-llb-hons,200
https://www.bangor.ac.uk/courses/postgraduate-taught/law-llm,200
https://www.bangor.ac.uk/courses/undergraduate/m100-law-llb-hons,200
https://www.bangor.ac.uk/courses/undergraduate/m212-criminal-law-llb-hons,200
https://www.bangor.ac.uk/courses/postgraduate-research/criminology-criminal-justice-social-policy-social-sciences-mares,200
https://www.bangor.ac.uk/courses/postgraduate-taught/criminology-and-criminal-justice-ma,200
https://www.bangor.ac.uk/courses/postgraduate-taught/international-business-law-and-sustainability,200
https://www.bangor.ac.uk/courses/undergraduate/m1q5-law-with-cymraeg-welsh-llb-hons,200
https://www.bangor.ac.uk/courses/undergraduate/m1l2-law-with-politics-llb-hons,200
https://www.bangor.ac.uk/courses/postgraduate-research/criminology-and-criminal-justice-phd,200
https://www.bangor.ac.uk/courses/postgraduate-taught/criminology-and-law-ma,200
https://www.bangor.ac.uk/sites/default/files/2025-02/Study%20Abroad%20Guide_0.pdf,200
https://www.bangor.ac.uk/international/future/englishlanguage,200
https://www.bangor.ac.uk/international/exchanges/incoming/semester-dates,200
https://www.bangor.ac.uk/international/study_abroad_partners,200
https://www.bangor.ac.uk/international/studyabroad/incoming,200
https://www.bangor.ac.uk/courses/undergraduate-modules,200
https://www.bangor.ac.uk/courses?term=&level_of_study=pgt_course&ug_subject_area=All&pgt_subject_area=1041&pgr_subject_area=All&field_course_year_start_value=All&field_pgr_start_yr_multi_value=All&field_pgt_start_yr_multi_value=3451&pgt_course_type=All&pgt_course_mode=All&pgr_course_type=All&oth_course_study_location=All&oth_subject_area=All,200
https://www.bangor.ac.uk/courses?term=&level_of_study=pgt_course&ug_subject_area=All&pgt_subject_area=1061&pgr_subject_area=All&field_course_year_start_value=All&field_pgr_start_yr_multi_value=All&field_pgt_start_yr_multi_value=3451&pgt_course_type=All&pgt_course_mode=All&pgr_course_type=All&oth_course_study_location=All&oth_subject_area=All,200
https://www.bangor.ac.uk/node/2456,404
https://www.bangor.ac.uk/international/courses/january-start/,200
https://www.bangor.ac.uk/cy/study/postgraduate/january,200
https://www.bangor.ac.uk/courses?term=&level_of_study=pgt_course&ug_subject_area=All&pgt_subject_area=1046&pgr_subject_area=All&field_course_year_start_value=All&field_pgr_start_yr_multi_value=All&field_pgt_start_yr_multi_value=3451&pgt_course_type=All&pgt_course_mode=All&pgr_course_type=All&oth_course_study_location=All&oth_subject_area=All,200
https://www.bangor.ac.uk/student-administration/fees/index.php.en,200
https://www.bangor.ac.uk/courses?term=&level_of_study=pgt_course&ug_subject_area=All&pgt_subject_area=1106&pgr_subject_area=All&field_course_year_start_value=All&field_pgr_start_yr_multi_value=All&field_pgt_start_yr_multi_value=3451&pgt_course_type=All&pgt_course_mode=All&pgr_course_type=All&oth_course_study_location=All&oth_subject_area=All,200
https://www.bangor.ac.uk/courses?term=&level_of_study=pgt_course&ug_subject_area=All&pgt_subject_area=1156&pgr_subject_area=All&field_course_year_start_value=All&field_pgr_start_yr_multi_value=All&field_pgt_start_yr_multi_value=3451&pgt_course_type=All&pgt_course_mode=All&pgr_course_type=All&oth_course_study_location=All&oth_subject_area=All,200
https://www.bangor.ac.uk/courses?term=&level_of_study=pgt_course&ug_subject_area=All&pgt_subject_area=1096&pgr_subject_area=All&field_course_year_start_value=All&field_pgr_start_yr_multi_value=All&field_pgt_start_yr_multi_value=3451&pgt_course_type=All&pgt_course_mode=All&pgr_course_type=All&oth_course_study_location=All&oth_subject_area=All,200
https://www.bangor.ac.uk/courses?term=&level_of_study=pgt_course&ug_subject_area=All&pgt_subject_area=996&pgr_subject_area=All&field_course_year_start_value=All&field_pgr_start_yr_multi_value=All&field_pgt_start_yr_multi_value=3451&pgt_course_type=All&pgt_course_mode=All&pgr_course_type=All&oth_course_study_location=All&oth_subject_area=All,200
https://www.bangor.ac.uk/courses?term=&level_of_study=pgt_course&ug_subject_area=All&pgt_subject_area=1026&pgr_subject_area=All&field_course_year_start_value=All&field_pgr_start_yr_multi_value=All&field_pgt_start_yr_multi_value=3451&pgt_course_type=All&pgt_course_mode=All&pgr_course_type=All&oth_course_study_location=All&oth_subject_area=All,200
https://www.bangor.ac.uk/courses?term=&level_of_study=pgt_course&ug_subject_area=All&pgt_subject_area=1011&pgr_subject_area=All&field_course_year_start_value=All&field_pgr_start_yr_multi_value=All&field_pgt_start_yr_multi_value=3451&pgt_course_type=All&pgt_course_mode=All&pgr_course_type=All&oth_course_study_location=All&oth_subject_area=All,200
https://www.bangor.ac.uk/doctoral-school,200
https://www.bangor.ac.uk/research/innovation,200
https://research.bangor.ac.uk/portal/,404
https://www.bangor.ac.uk/cy/ymchwil/ynglyn,200
https://www.bangor.ac.uk/research-innovation-and-impact-office/ref,200
https://www.bangor.ac.uk/humanresources/equalitydiversity/athenaswanatbangor.php.en,200
https://www.bangor.ac.uk/research/about/research-strategy,200
https://www.bangor.ac.uk/sportbangor/information-for-students,200
https://www.bangor.ac.uk/sportbangor/information-for-staff,200
https://www.bangor.ac.uk/sportbangor/health-therapy-clinic,200
https://www.bangor.ac.uk/sportbangor/development-partnerships,200
https://www.bangor.ac.uk/sportbangor/juniors,200
https://www.bangor.ac.uk/sportbangor/facilities,200
https://www.bangor.ac.uk/fitness-classes,200
https://www.bangor.ac.uk/sportbangor/team,200
https://www.bangor.ac.uk/sportbangor/frequently-asked-questions,200
https://www.bangor.ac.uk/sportbangor/contact,200
https://www.bangor.ac.uk/information-for-the-public,200
https://www.bangor.ac.uk/sportbangor/active-staff,200
https://www.bangor.ac.uk/cy/chwaraeonbangor,200
https://www.bangor.ac.uk/sportbangor/opening-hours,200
https://www.bangor.ac.uk/sportbangor/student-membership,200
https://www.bangor.ac.uk/sportbangor/book,200
https://www.bangor.ac.uk/sportbangor/information-for-juniors,200
https://www.bangor.ac.uk/sportbangor/personal-training,200
https://www.bangor.ac.uk/sportbangor/prices,200
https://www.bangor.ac.uk/cy/wedi-ymgeisio/diwrnod-i-ymgeiswyr/sut-i-gyrraedd,200
https://www.bangor.ac.uk/student-life/alumni/videos-old,403
https://www.bangor.ac.uk/get-ready-for-university/videos,403
https://www.bangor.ac.uk/cy/student-life/news-videos,200
https://www.bangor.ac.uk/cy/wedi-ymgeisio/diwrnod-i-ymgeiswyr/radiograffeg-campws-wrecsam,200
https://www.bangor.ac.uk/about/01248383717,404
https://www.bangor.ac.uk/about/01248 383717,404
https://www.bangor.ac.uk/cy/amdanom/cysylltiadau,200
https://www.bangor.ac.uk/courses/postgraduate-taught/language-technologies-msc,200
https://www.bangor.ac.uk/courses/postgraduate-research/optical-communications-phd,200
https://www.bangor.ac.uk/courses?term=computer%20science&level_of_study=All,200
https://www.bangor.ac.uk/courses/undergraduate/g400-computer-science-bsc-hons,200
https://www.bangor.ac.uk/courses/postgraduate-research/image-processing-for-mobile-devices-phd,200
https://www.bangor.ac.uk/courses/postgraduate-research/medical-visualization-and-simulation-phd,200
https://www.bangor.ac.uk/courses/undergraduate/h117-computer-science-mcomp,200
https://www.bangor.ac.uk/courses/postgraduate-taught/advanced-computer-science-msc,200
https://www.bangor.ac.uk/courses/postgraduate-taught/advanced-data-science-msc,200
https://www.bangor.ac.uk/courses/undergraduate/g40f-computer-science-with-foundation-year-bsc-hons,200
https://www.bangor.ac.uk/courses?term=computer%20science&level_of_study=All&page=0,200
https://www.bangor.ac.uk/courses?term=computer%20science&level_of_study=All&page=1,200
https://www.bangor.ac.uk/courses/postgraduate-taught/artificial-intelligence-and-data-science-msc,200
https://www.bangor.ac.uk/courses/postgraduate-research/pattern-recognition-classifiers-phd,200
https://www.bangor.ac.uk/cy/courses?level_of_study=All&term=computer%20science,200
https://www.bangor.ac.uk/courses/postgraduate-taught/computing-for-data-science-msc,200
https://www.bangor.ac.uk/courses/postgraduate-taught/computing-msc,200
https://www.bangor.ac.uk/courses/postgraduate-taught/pgce-secondary-information-technology-english-medium,200
https://apps.bangor.ac.uk/apply/account/signup,200
https://www.bangor.ac.uk/cy/astudio/prentisiaeth-gradd,200
https://www.bangor.ac.uk/openday/wrexham,200
https://www.bangor.ac.uk/cy/wedi-ymgeisio/diwrnod-i-ymgeiswyr/rhageln,200
https://www.bangor.ac.uk/shs/wrexham,200
https://www.bangor.ac.uk/cy/astudio/rhan-amser,200
https://www.bangor.ac.uk/cy/wedi-ymgeisio/diwrnod-i-ymgeiswyr/bwyd-a-diod,200
https://www.bangor.ac.uk/management-centre/1884-restaurant-menu,200
https://www.bangor.ac.uk/international/international-partners,200
https://www.bangor.ac.uk/international/bahrain-bibf,200
https://www.bangor.ac.uk/international/courses,200
https://www.bangor.ac.uk/bcc,200
https://my.bangor.ac.uk/humanresources/stressmanagement2.php.en,401
https://www.bangor.ac.uk/health-and-wellbeing/news/celebrating-world-menopause-day-at-bangor-october-17th-2025-save-the-date,200
https://www.bangor.ac.uk/health-and-wellbeing/wellbeing-champions,200
https://www.bangor.ac.uk/health-and-wellbeing/meet-the-team,200
https://www.bangor.ac.uk/health-and-wellbeing/healthy-and-sustainable-food,200
https://www.bangor.ac.uk/health-and-wellbeing/events,200
https://www.bangor.ac.uk/health-and-wellbeing/strategy-2030,200
https://www.bangor.ac.uk/health-and-wellbeing/staff-wellbeing-coaches,200
https://www.bangor.ac.uk/health-and-wellbeing/news,200
https://www.bangor.ac.uk/health-and-wellbeing/contemporary-health-issues,200
https://www.bangor.ac.uk/health-and-wellbeing/sorted-app-for-mental-wellbeing,200
https://www.bangor.ac.uk/cy/iechyd-a-lles,200
https://www.bangor.ac.uk/health-and-wellbeing/news/stress-awareness-2025,200
https://www.bangor.ac.uk/health-and-wellbeing/neurodiversity-network,200
https://www.bangor.ac.uk/health-and-wellbeing/news/course-preventing-burnout,200
https://my.bangor.ac.uk/humanresources/rise-articulate.php.en,401
https://www.bangor.ac.uk/health-and-wellbeing/information-sheet,200
https://library.bangor.ac.uk/discovery/collectionDiscovery?vid=44WHELF_BANG%3A44WHELF_BANG_VU4&collectionId=81193280860002422,200
https://my.bangor.ac.uk/humanresources/occupationalhealth/index.php.en,401
https://www.bangor.ac.uk/health-and-wellbeing/mental-and-emotional-wellbeing,200
https://www.bangor.ac.uk/health-and-wellbeing/news/financial-wellbeing-sessions,200
https://www.bangor.ac.uk/health-and-wellbeing/physical-activity,200
https://www.bangor.ac.uk/openday/discover-your-home-from-home,200
https://www.bangor.ac.uk/openday/book-your-place-at-an-open-day,200
https://www.bangor.ac.uk/openday/change-or-cancel-booking,200
https://www.bangor.ac.uk/openday/food-drink-on-campus,200
https://www.bangor.ac.uk/open-day/frequently-asked-questions,200
https://www.bangor.ac.uk/openday/how-to-get-to-the-open-day,200
https://www.bangor.ac.uk/cy/taith-rithwir-prifysgol-bangor,200
https://www.bangor.ac.uk/openday/what-to-ask,200
https://www.bangor.ac.uk/openday/discover-the-best-of-our-city,200
https://www.bangor.ac.uk/openday/questions-about-student-support,200
https://www.bangor.ac.uk/cy/bywyd-myfyrwyr/bangor-ardal,200
https://www.bangor.ac.uk/health-sciences/wrexham/index.php.en,200
https://www.bangor.ac.uk/student-life/location,200
https://www.bangor.ac.uk/international/support/icecourse,403
https://www.bangor.ac.uk/international/webinars,200
https://www.bangor.ac.uk/international/courses/,200
https://www.bangor.ac.uk/international/guide,200
https://www.bangor.ac.uk/cy/international/about,200
https://www.bangor.ac.uk/international/exchanges/incoming/incomingindex,200
https://www.bangor.ac.uk/international/int-exchange-countries/intl_exchange_partners,200
https://www.bangor.ac.uk/international/exchanges/incoming/englishlang,200
https://www.bangor.ac.uk/international/exchanges/incoming/disabled,200
https://www.bangor.ac.uk/courses/undergraduate-modules/,200
https://www.bangor.ac.uk/accommodation/halls/jmj,200
https://www.bangor.ac.uk/study/index.php.cy,200
https://www.bangor.ac.uk/cy/study/cymraeg,200
https://www.bangor.ac.uk/canolfan-bedwyr/ccc,200
https://www.bangor.ac.uk/cymorthcymraeg/geirfa_myfyrwyr.php.en,200
https://www.bangor.ac.uk/cy/amdanom/ein-lleoliad,200
https://www.bangor.ac.uk/cy/gwasanaethau-busnes,200
https://www.bangor.ac.uk/cy/digwyddiadau/will-business-solve-the-environmental-crisis-for-us,200
https://www.bangor.ac.uk/governance-and-compliance/freedomofinformation/index.php.en,200
https://www.bangor.ac.uk/sites/default/files/2021-04/Privacy%20Policy.pdf,200
https://www.bangor.ac.uk/cy/amdanom/cwcis,200
https://www.bangor.ac.uk/governance-and-compliance/dataprotection/index.php.en,200
https://www.bangor.ac.uk/cy/newyddion/2026-03-12-prifysgol-bangor-yn-derbyn-gwobr-ffocws-doethurol-gan-ukri-i-lansio-rhaglen,200
https://www.bangor.ac.uk/skills-and-employability/new-students.php.en,200
https://careerconnect.bangor.ac.uk/,200
https://www.bangor.ac.uk/alumni/built-2024,200
https://www.bangor.ac.uk/cy/bywyd-myfyrwyr/cyflogadwyedd,200
https://www.bangor.ac.uk/cy/datganiad-hygyrchedd,200
https://www.bangor.ac.uk/accessibility-statement,200
https://www.bangor.ac.uk/staff/sacl/aled-llion-jones-081756/en,200
https://www.bangor.ac.uk/cy/canolfan-astudiaethau-arthuraidd/eu-arthurs-msca-dn-2026-30,200
https://www.bangor.ac.uk/centre-for-arthurian-studies,200
https://www.bangor.ac.uk/staff/sacl/raluca-radulescu-010323/en,200
https://www.bangor.ac.uk/governance-and-compliance/records-management.php.en,200
https://www.bangor.ac.uk/governance-and-compliance/legalcompliance.php.cy,200
https://www.bangor.ac.uk/governance-and-compliance/EIR.php.en,200
https://www.bangor.ac.uk/courses/postgraduate-taught/accounting-and-banking-msc,200
https://www.bangor.ac.uk/courses?term=&level_of_study=pgt_course&ug_subject_area=All&pgt_subject_area=All&pgr_subject_area=All&field_course_year_start_value=All&field_pgr_start_yr_multi_value=All&field_pgt_start_yr_multi_value=All&pgt_course_type=All&pgt_course_mode=All&pgr_course_type=All&oth_course_study_location=All&oth_subject_area=All&page=6,200
https://www.bangor.ac.uk/courses/postgraduate-taught/social-work-ma,200
https://www.bangor.ac.uk/courses/postgraduate-taught/applied-behaviour-analysis-msc,200
https://www.bangor.ac.uk/courses?term=&level_of_study=pgt_course&ug_subject_area=All&pgt_subject_area=All&pgr_subject_area=All&field_course_year_start_value=All&field_pgr_start_yr_multi_value=All&field_pgt_start_yr_multi_value=All&pgt_course_type=All&pgt_course_mode=All&pgr_course_type=All&oth_course_study_location=All&oth_subject_area=All&page=3,200
https://www.bangor.ac.uk/courses/postgraduate-taught/adult-nursing-msc,200
https://www.bangor.ac.uk/courses/postgraduate-taught/applied-linguistics-for-tefl-ma,200
https://www.bangor.ac.uk/courses?term=&level_of_study=pgt_course&ug_subject_area=All&pgt_subject_area=All&pgr_subject_area=All&field_course_year_start_value=All&field_pgr_start_yr_multi_value=All&field_pgt_start_yr_multi_value=All&pgt_course_type=All&pgt_course_mode=All&pgr_course_type=All&oth_course_study_location=All&oth_subject_area=All&page=2,200
https://www.bangor.ac.uk/courses?term=&level_of_study=pgt_course&ug_subject_area=All&pgt_subject_area=All&pgr_subject_area=All&field_course_year_start_value=All&field_pgr_start_yr_multi_value=All&field_pgt_start_yr_multi_value=All&pgt_course_type=All&pgt_course_mode=All&pgr_course_type=All&oth_course_study_location=All&oth_subject_area=All&page=7,200
https://www.bangor.ac.uk/courses/postgraduate-taught/accounting-msc,200
https://www.bangor.ac.uk/courses?term=&level_of_study=pgt_course&ug_subject_area=All&pgt_subject_area=All&pgr_subject_area=All&field_course_year_start_value=All&field_pgr_start_yr_multi_value=All&field_pgt_start_yr_multi_value=All&pgt_course_type=All&pgt_course_mode=All&pgr_course_type=All&oth_course_study_location=All&oth_subject_area=All&page=4,200
https://www.bangor.ac.uk/courses/postgraduate-taught/advanced-clinical-practice-msc,200
https://www.bangor.ac.uk/courses/postgraduate-taught/accounting-and-finance-msc,200
https://www.bangor.ac.uk/courses/postgraduate-taught/applied-marine-geoscience-msc,200
https://www.bangor.ac.uk/courses?term=&level_of_study=pgt_course&ug_subject_area=All&pgt_subject_area=All&pgr_subject_area=All&field_course_year_start_value=All&field_pgr_start_yr_multi_value=All&field_pgt_start_yr_multi_value=All&pgt_course_type=All&pgt_course_mode=All&pgr_course_type=All&oth_course_study_location=All&oth_subject_area=All&page=0,200
https://www.bangor.ac.uk/courses/postgraduate-taught/advanced-policing-msc,200
https://www.bangor.ac.uk/courses/postgraduate-taught/agroforestry-and-food-security-msc,200
https://www.bangor.ac.uk/courses?term=&level_of_study=pgt_course&ug_subject_area=All&pgt_subject_area=All&pgr_subject_area=All&field_course_year_start_value=All&field_pgr_start_yr_multi_value=All&field_pgt_start_yr_multi_value=All&pgt_course_type=All&pgt_course_mode=All&pgr_course_type=All&oth_course_study_location=All&oth_subject_area=All&page=1,200
https://www.bangor.ac.uk/cy/courses?field_course_year_start_value=All&field_pgr_start_yr_multi_value=All&field_pgt_start_yr_multi_value=All&level_of_study=pgt_course&oth_course_study_location=All&oth_subject_area=All&pgr_course_type=All&pgr_subject_area=All&pgt_course_mode=All&pgt_course_type=All&pgt_subject_area=All&term=&ug_subject_area=All,200
https://www.bangor.ac.uk/courses?term=&level_of_study=pgt_course&ug_subject_area=All&pgt_subject_area=All&pgr_subject_area=All&field_course_year_start_value=All&field_pgr_start_yr_multi_value=All&field_pgt_start_yr_multi_value=All&pgt_course_type=All&pgt_course_mode=All&pgr_course_type=All&oth_course_study_location=All&oth_subject_area=All&page=5,200
https://www.bangor.ac.uk/courses/postgraduate-taught/acca-qualification,200
https://www.bangor.ac.uk/courses/postgraduate-taught/agroforestry-and-food-security-distance-learning-msc,200
https://www.bangor.ac.uk/courses/postgraduate-taught/applied-innovation-design-msc,200
https://www.bangor.ac.uk/studentservices/counselling/index.php.en,200
https://www.bangor.ac.uk/student-life/work-experience,200
https://www.bangor.ac.uk/cy/bywyd-myfyrwyr,200
https://www.bangor.ac.uk/inclusive-community,200
https://www.bangor.ac.uk/courses?term=&level_of_study=wt_undergraduate_programme&ug_subject_area=All&pgt_subject_area=All&pgr_subject_area=All&field_course_year_start_value=All&field_pgr_start_yr_multi_value=All&field_pgt_start_yr_multi_value=All&pgt_course_type=All&pgt_course_mode=All&pgr_course_type=All&oth_course_study_location=All&oth_subject_area=All&page=7,200
https://www.bangor.ac.uk/courses?term=&level_of_study=wt_undergraduate_programme&ug_subject_area=All&pgt_subject_area=All&pgr_subject_area=All&field_course_year_start_value=All&field_pgr_start_yr_multi_value=All&field_pgt_start_yr_multi_value=All&pgt_course_type=All&pgt_course_mode=All&pgr_course_type=All&oth_course_study_location=All&oth_subject_area=All&page=8,200
https://www.bangor.ac.uk/courses?term=&level_of_study=wt_undergraduate_programme&ug_subject_area=All&pgt_subject_area=All&pgr_subject_area=All&field_course_year_start_value=All&field_pgr_start_yr_multi_value=All&field_pgt_start_yr_multi_value=All&pgt_course_type=All&pgt_course_mode=All&pgr_course_type=All&oth_course_study_location=All&oth_subject_area=All&page=6,200
https://www.bangor.ac.uk/cy/courses?field_course_year_start_value=All&field_pgr_start_yr_multi_value=All&field_pgt_start_yr_multi_value=All&level_of_study=wt_undergraduate_programme&oth_course_study_location=All&oth_subject_area=All&pgr_course_type=All&pgr_subject_area=All&pgt_course_mode=All&pgt_course_type=All&pgt_subject_area=All&term=&ug_subject_area=All,200
https://www.bangor.ac.uk/courses?term=&level_of_study=wt_undergraduate_programme&ug_subject_area=All&pgt_subject_area=All&pgr_subject_area=All&field_course_year_start_value=All&field_pgr_start_yr_multi_value=All&field_pgt_start_yr_multi_value=All&pgt_course_type=All&pgt_course_mode=All&pgr_course_type=All&oth_course_study_location=All&oth_subject_area=All&page=1,200
https://www.bangor.ac.uk/courses?term=&level_of_study=wt_undergraduate_programme&ug_subject_area=All&pgt_subject_area=All&pgr_subject_area=All&field_course_year_start_value=All&field_pgr_start_yr_multi_value=All&field_pgt_start_yr_multi_value=All&pgt_course_type=All&pgt_course_mode=All&pgr_course_type=All&oth_course_study_location=All&oth_subject_area=All&page=4,200
https://www.bangor.ac.uk/courses?term=&level_of_study=wt_undergraduate_programme&ug_subject_area=All&pgt_subject_area=All&pgr_subject_area=All&field_course_year_start_value=All&field_pgr_start_yr_multi_value=All&field_pgt_start_yr_multi_value=All&pgt_course_type=All&pgt_course_mode=All&pgr_course_type=All&oth_course_study_location=All&oth_subject_area=All&page=5,200
https://www.bangor.ac.uk/courses?term=&level_of_study=wt_undergraduate_programme&ug_subject_area=All&pgt_subject_area=All&pgr_subject_area=All&field_course_year_start_value=All&field_pgr_start_yr_multi_value=All&field_pgt_start_yr_multi_value=All&pgt_course_type=All&pgt_course_mode=All&pgr_course_type=All&oth_course_study_location=All&oth_subject_area=All&page=2,200
https://www.bangor.ac.uk/courses?term=&level_of_study=wt_undergraduate_programme&ug_subject_area=All&pgt_subject_area=All&pgr_subject_area=All&field_course_year_start_value=All&field_pgr_start_yr_multi_value=All&field_pgt_start_yr_multi_value=All&pgt_course_type=All&pgt_course_mode=All&pgr_course_type=All&oth_course_study_location=All&oth_subject_area=All&page=10,200
https://www.bangor.ac.uk/courses?term=&level_of_study=wt_undergraduate_programme&ug_subject_area=All&pgt_subject_area=All&pgr_subject_area=All&field_course_year_start_value=All&field_pgr_start_yr_multi_value=All&field_pgt_start_yr_multi_value=All&pgt_course_type=All&pgt_course_mode=All&pgr_course_type=All&oth_course_study_location=All&oth_subject_area=All&page=0,200
https://www.bangor.ac.uk/courses?term=&level_of_study=wt_undergraduate_programme&ug_subject_area=All&pgt_subject_area=All&pgr_subject_area=All&field_course_year_start_value=All&field_pgr_start_yr_multi_value=All&field_pgt_start_yr_multi_value=All&pgt_course_type=All&pgt_course_mode=All&pgr_course_type=All&oth_course_study_location=All&oth_subject_area=All&page=3,200
https://www.bangor.ac.uk/cy/wedi-ymgeisio/diwrnod-i-ymgeiswyr/darganfod-ein-llety-myfyrwyr,200
https://halls.bangor.ac.uk/?lang=EN,200
https://www.bangor.ac.uk/courses/other-courses/curriculum-in-medical-and-health-professions-education-mse-4014,200
https://www.bangor.ac.uk/courses/other-courses/micro-credential-sustainable-leadership-in-education-2-implementing-the-plan,403
https://www.bangor.ac.uk/courses/postgraduate-taught/neuroimaging-msc,200
https://www.bangor.ac.uk/courses/other-courses/performing-under-pressure-micro-credential,200
https://www.bangor.ac.uk/courses/other-courses/specialist-training-mindfulness-in-a-one-to-one-context,200
https://www.bangor.ac.uk/courses/other-courses/languages-for-all-french,200
https://www.bangor.ac.uk/short-courses-and-cpd/events/music-and-the-mind,200
https://www.bangor.ac.uk/courses/other-courses/leading-organisational-change,200
https://www.bangor.ac.uk/nwse/the-ripple-centre,200
https://www.bangor.ac.uk/courses/other-courses/psychological-skills-training-jxh-4103,200
https://www.bangor.ac.uk/courses/postgraduate-taught/counselling-children-and-young-people-4-18-years-pgdip,403
https://www.bangor.ac.uk/courses/other-courses/specialist-training-inquiry-skills-february-2027,200
https://www.bangor.ac.uk/courses/other-courses/language-planning-micro-credential,200
https://www.bangor.ac.uk/courses/other-courses/languages-for-all-chinese-mandarin,200
https://www.bangor.ac.uk/courses/other-courses/micro-credential-sustainable-leadership-in-education-1-making-the-change,200
https://www.bangor.ac.uk/courses/other-courses/psychology-of-team-performance-jxh-4106,200
https://www.bangor.ac.uk/courses/other-courses/inclusive-classroom-practice,200
https://www.bangor.ac.uk/courses/other-courses/working-together-and-learning-together-co-producing-research-with-people,200
https://www.bangor.ac.uk/courses/other-courses/understanding-childhood-youth-0,200
https://www.bangor.ac.uk/courses/other-courses/leadership-for-medical-and-health-professionals-an-introduction,200
https://www.bangor.ac.uk/courses/other-courses/pharmacogenomics-and-stratified-healthcare-micro-credential,200
https://www.bangor.ac.uk/short-courses-and-cpd/north-wales-medical-school-research-seminars,200
https://www.bangor.ac.uk/short-courses-and-cpd/events/reverse-engineering-the-brain-and-mind,200
https://www.bangor.ac.uk/courses/other-courses/understanding-personality-micro-credential,200
https://www.bangor.ac.uk/courses/other-courses/inner-change-works-empowering-resilience-and-responsivity-for-leaders-and,200
https://www.bangor.ac.uk/courses/other-courses/performing-under-pressure-jxh-4101-micro-credential,200
https://www.bangor.ac.uk/courses/other-courses/languages-for-all-spanish,200
https://www.bangor.ac.uk/courses/other-courses/introduction-to-neuroimaging-analysis,200
https://www.bangor.ac.uk/short-courses-and-cpd/events/taster-session-the-science-of-zombies-could-infection-change-human,200
https://www.bangor.ac.uk/courses/other-courses/sustainable-leadership-in-education-1-making-the-change-micro-credential,200
https://www.bangor.ac.uk/courses/postgraduate-taught/counselling-msc,200
https://www.bangor.ac.uk/courses/postgraduate-taught/community-nursing-specialist-practice-qualification-spq-general,200
https://www.bangor.ac.uk/courses/other-courses/evolving-in-mindfulness-consolidating-and-embodying-your-training-2026,200
https://www.bangor.ac.uk/courses/other-courses/protest-in-wales-an-interdisciplinary-perspective,200
https://www.bangor.ac.uk/courses/other-courses/positive-pro-active-whole-class-strategies-for-behaviour,200
https://www.bangor.ac.uk/shs/post-registration-modules,200
https://www.bangor.ac.uk/discover-the-human-mind-psychology-webinar-series,200
https://www.bangor.ac.uk/courses/other-courses/pedagogy-and-practice,200
https://www.bangor.ac.uk/short-courses-and-cpd/events/neuroethics,200
https://www.bangor.ac.uk/courses/other-courses/housing-policy,200
https://www.bangor.ac.uk/short-courses-and-cpd/events/dwy-iaith-dwy-galon-two-languages-two-hearts-welsh-medium-session,200
https://www.bangor.ac.uk/short-courses-and-cpd/events/taster-session-mutants-among-us-real-life-human-superpowers-explained,200
https://www.bangor.ac.uk/courses/other-courses/independent-authorisation-of-blood-component-transfusion,200
https://www.bangor.ac.uk/courses/other-courses/digital-childhood-getting-the-right-balance-between-wellbeing-and-development,200
https://www.bangor.ac.uk/courses/other-courses/evidence-informed-practice,200
https://www.bangor.ac.uk/courses/other-courses/the-coaching-dyad-jxh-4214-micro-credential,200
https://www.bangor.ac.uk/cy/cyrsiau-byr-a-dpp,200
https://www.bangor.ac.uk/courses/postgraduate-taught/community-nursing-specialist-practice-qualification-spq-learning,200
https://www.bangor.ac.uk/courses/other-courses/wellbeing-in-the-outdoor-classroom,200
https://www.bangor.ac.uk/courses/other-courses/emotional-health-mental-health-and-wellbeing,200
https://www.bangor.ac.uk/courses/other-courses/general-practice-nursing-nhs-3180,200
https://www.bangor.ac.uk/courses/other-courses/the-principles-and-methodology-in-the-teaching-of-learners-with-spld-dyslexia,200
https://www.bangor.ac.uk/courses/postgraduate-taught/medical-and-health-professions-education-pgdip,200
https://www.bangor.ac.uk/courses/other-courses/visceral-mind-functional-neuroanatomy-summer-school,200
https://www.bangor.ac.uk/short-courses-and-cpd/micro-credentials-at-bangor-university,200
https://www.bangor.ac.uk/courses/postgraduate-taught/community-nursing-specialist-practice-qualification-spq-mental-health,200
https://www.bangor.ac.uk/courses/other-courses/enhancing-professional-practice-human-factors-assertiveness-and-communication,200
https://www.bangor.ac.uk/courses/other-courses/social-media-marketing,200
https://www.bangor.ac.uk/courses?level_of_study=pgt_course&pgt_subject_area=1156,200
https://www.bangor.ac.uk/courses/other-courses/modern-families,200
https://www.bangor.ac.uk/courses/other-courses/evolving-in-mindfulness-consolidating-and-embodying-your-training-2027,200
https://www.bangor.ac.uk/courses/other-courses/introduction-to-neuroimaging,200
https://www.bangor.ac.uk/courses/other-courses/exploring-pedagogies,200
https://www.bangor.ac.uk/courses/other-courses/specialist-training-group-skills-2027,200
https://www.bangor.ac.uk/courses/other-courses/writing-for-publication-for-health-and-care-practitioners,200
https://www.bangor.ac.uk/courses/other-courses/mooc-in-infection-prevention-best-practice-and-behaviours,200
https://www.bangor.ac.uk/courses/postgraduate-taught/teaching-mindfulness-based-courses-ma,200
https://www.bangor.ac.uk/courses/other-courses/physiotherapy-clinical-education-cpd-course,200
https://www.bangor.ac.uk/courses/other-courses/individual-performance-psychology-micro-credential,200
https://www.bangor.ac.uk/short-courses-and-cpd/events/taster-session-designer-drugs-using-computers-and-ai-to-design-future,200
https://www.bangor.ac.uk/courses/postgraduate-taught/medical-and-health-professions-education-pgcert-pgcert,200
https://www.bangor.ac.uk/courses/other-courses/learning-rounds-neuropsychaitric-rehabilitation-case-conference,200
https://www.bangor.ac.uk/courses/other-courses/individual-performance-psychology-jxh-4104-micro-credential,200
https://www.bangor.ac.uk/courses/other-courses/specialist-training-teach-the-mbsr-mindfulness-based-stress-reduction,200
https://www.bangor.ac.uk/courses/postgraduate-taught/mindfulness-based-approaches-ma,200
https://www.bangor.ac.uk/events/mental-health-and-wellbeing-ila-4909,200
https://www.bangor.ac.uk/courses/postgraduate-taught/medical-and-health-professions-education-ma-ma,200
https://www.bangor.ac.uk/courses/other-courses/mindful-self-care-at-work-a-six-week-programme,200
https://www.bangor.ac.uk/research/news?page=5,200
https://www.bangor.ac.uk/research/news/major-new-funding-for-anglesey-green-transition-project,200
https://www.bangor.ac.uk/research/news/always-look-on-the-bright-side-of-academic-life-study-examines-how-joy-is-found-in,200
https://www.bangor.ac.uk/research/news?page=0,200
https://www.bangor.ac.uk/research/news/a-decade-on-wales-opt-out-organ-donation-law-shows-little-impact-researchers-say,200
https://www.bangor.ac.uk/research/news?page=6,200
https://www.bangor.ac.uk/research/news/health-and-care-research-wales-announces-latest-round-of-funding-awards,200
https://www.bangor.ac.uk/research/news?page=4,200
https://www.bangor.ac.uk/research/news/new-study-highlights-urgent-need-for-action-on-domestic-abuse-in-port-talbot,200
https://www.bangor.ac.uk/research/news?page=2,200
https://www.bangor.ac.uk/research/news?page=8,200
https://www.bangor.ac.uk/cy/ymchwil/newyddion,200
https://www.bangor.ac.uk/research/news/new-study-sheds-light-on-impact-of-stress-on-baby-lizards,200
https://www.bangor.ac.uk/research/news?page=3,200
https://www.bangor.ac.uk/research/news?page=17,200
https://www.bangor.ac.uk/research/news?page=1,200
https://www.bangor.ac.uk/research/news/bangor-university-researchers-listed-among-worldwide-top-1-1,200
https://www.bangor.ac.uk/research/news-0,200
https://www.bangor.ac.uk/research/news?page=7,200
https://www.bangor.ac.uk/sites/default/files/migrated-files/international/support/documents/3274-Student_Arrivals_-_Ten_Top_Tips_134519.pdf,200
https://www.bangor.ac.uk/international/international-recruitment-officers,200
https://www.bangor.ac.uk/arts-culture-language/elcos/pre-sessional,200
https://www.bangor.ac.uk/international/future/payment,200
https://www.bangor.ac.uk/studentservices/disability/index,200
https://www.bangor.ac.uk/sites/default/files/2023-06/UKVI%20interview%20guidance%20June%202023.pdf,200
https://www.bangor.ac.uk/sites/default/files/2024-02/CredibilityInterviews.pdf,200
https://www.bangor.ac.uk/international/support/health,200
https://www.bangor.ac.uk/international/support/visa_immigration,200
https://www.bangor.ac.uk/international/future/payment.php,200
https://www.bangor.ac.uk/international/ambassadors,200
https://www.bangor.ac.uk/international/accommodation-archived,403
http://forest4climateandpeople.bangor.ac.uk/news-blog/,200
https://www.bangor.ac.uk/news/research-on-parenting-wins-best-paper-award-from-the-association-for-child-and-adolescent,200
https://www.bangor.ac.uk/news/new-book-tracks-social-policy-in-wales-since-devolution,200
https://www.bangor.ac.uk/business/research/index.php.en,200
https://www.bangor.ac.uk/news/glacier-surface-temperature-on-the-rise-at-the-roof-of-the-world,200
https://www.bangor.ac.uk/news/enzymes-are-the-answer,200
https://www.bangor.ac.uk/health-sciences/staff/carys-jones/en,200
https://www.bangor.ac.uk/news/high-latitude-lakes-warming-at-a-rapid-pace,200
https://www.bangor.ac.uk/psychology/research/lbcd.php.en,200
https://www.bangor.ac.uk/psychology/staff/marketa-caravolas/en,200
https://www.bangor.ac.uk/health-sciences/staff/katherine-algarskaife/en,200
https://www.bangor.ac.uk/iris/ref,200
http://etw.bangor.ac.uk/database,200
https://www.bangor.ac.uk/natural-sciences/staff/tim-pagella/en,200
https://www.bangor.ac.uk/news/ocean-scientists-use-seabed-mapping-to-help-position-giant-windfarm,200
https://www.bangor.ac.uk/news/parental-unemployment-is-associated-with-a-risk-of-adverse-childhood-experiences-aces,200
https://www.bangor.ac.uk/business/research/financial-services.php.en,200
https://www.bangor.ac.uk/health-sciences/staff/catrin-hedd-jones/en,404
https://acquia-web-prod.bangor.ac.uk/environmental-sciences-and-engineering/index.php.en,0
https://www.bangor.ac.uk/news/new-development-in-digital-signal-processing-improves-bandwidth-10-fold,200
https://www.bangor.ac.uk/news/research-throws-further-light-on-how-el-nino-impacts-coral-reef-survival,200
https://www.bangor.ac.uk/natural-sciences/research/environment-natural-resources-and-geography/research_groups/forestry.php.en,200
https://www.bangor.ac.uk/human-sciences/index.php.en,200
https://www.bangor.ac.uk/languages-literatures-and-linguistics,200
https://www.bangor.ac.uk/news/linking-the-mechanics-of-lake-heatwaves-and-potentially-poisonous-blooms,200
https://www.bangor.ac.uk/news/antarctic-study-proves-glacier-has-undergone-irreversible-retreat-highlighting-potential-for,200
https://www.bangor.ac.uk/news/its-not-just-because-its-there-how-climbing-and-mountaineering-regulates-emotions-2,200
http://footsteps.bangor.ac.uk/en/?msclkid=3d70dd92ba3f11ecae1ec157a8450416,200
https://www.bangor.ac.uk/news/chartered-banker-mba-graduate-leads-pursuit-of-green-finance-in-guyana-0,200
https://www.bangor.ac.uk/news/coral-reefs-need-simultaneous-land-sea-management-for-survival-in-a-warming-ocean,200
https://www.bangor.ac.uk/natural-sciences,200
https://www.bangor.ac.uk/health-sciences/staff/gill-windle/en,200
https://www.bangor.ac.uk/news/bangor-university-named-amongst-top-ten-collaborative-institutions-in-health-economics,200
https://www.bangor.ac.uk/sites/default/files/2021-01/REF2021_Bangor%20University_Code%20of%20Practice_Oct2020_FINAL.pdf,200
https://www.bangor.ac.uk/mhs,200
https://www.bangor.ac.uk/news/international-prize-for-professor,200
https://www.bangor.ac.uk/cy/iris/ref-2021,200
https://www.bangor.ac.uk/news/bangor-behavioural-science-expert-advising-welsh-government-during-pandemic,200
https://www.bangor.ac.uk/languages-literatures-and-linguistics/research/literatures/index.php.en,200
https://www.bangor.ac.uk/news/collocation-editor-and-visualisation-tool-hits-6000-users-1,200
https://www.bangor.ac.uk/news/discovering-the-known-unknowns-assessing-if-uk-financial-regulation-has-improved-since-the,200
https://www.bangor.ac.uk/news/study-reveals-impact-of-powerful-ceos-and-money-laundering-on-bank-performance,200
https://www.bangor.ac.uk/news/rugby-union-reduce-non-contact-injury-by-increasing-preseason-training-load,200
https://www.bangor.ac.uk/news/developing-rugby-players-new-england-framework-draws-on-welsh-sport-science-research-0,200
https://www.bangor.ac.uk/natural-sciences/research/environment-natural-resources-and-geography/students/emilie_smith.php.en,200
https://www.bangor.ac.uk/psychology/staff/dusana-dorjee/en,200
https://www.bangor.ac.uk/news/when-it-comes-to-sleep-quality-could-be-better-than-quantity,200
https://www.bangor.ac.uk/news/developing-international-policy-standards-for-automated-empathy-ai,200
https://www.bangor.ac.uk/psychology/research/chbp.php.en,200
http://dsdc.bangor.ac.uk/,200
https://www.bangor.ac.uk/news/ancestral-variation-guides-future-environmental-adaptations-0,200
https://www.bangor.ac.uk/business/staff/john-ashton/en,404
https://www.bangor.ac.uk/psychology/staff/rebecca-crane/en,200
https://www.bangor.ac.uk/business,200
https://www.bangor.ac.uk/computer-science-and-electronic-engineering/research/research-groups.php.en,200
https://www.bangor.ac.uk/cahss,200
https://www.bangor.ac.uk/languages-literatures-and-linguistics/staff/alys-conran/en,200
https://www.bangor.ac.uk/news/collocation-editor-and-visualisation-tool-hits-6000-users-0,200
https://www.bangor.ac.uk/news/language-in-the-human-machine-era-how-will-new-forms-of-language-technology-change-our,200
https://www.bangor.ac.uk/natural-sciences/staff/fergus-sinclair/en,200
https://www.bangor.ac.uk/news/paper-refutes-assertion-that-effects-of-bottom-trawling-on-blue-carbon-can-be-compared-to-that,200
https://www.bangor.ac.uk/iris/ref-2021?page=0,200
https://www.bangor.ac.uk/news/how-do-we-support-our-sporting-greats-0,200
https://www.bangor.ac.uk/news/lakes-reflect-the-pace-of-shifting-seasons,200
https://www.bangor.ac.uk/news/tax-systems-faced-by-visitor-economies-how-does-wales-compare-to-elsewhere,200
https://www.bangor.ac.uk/human-behavioural-sciences,200
https://www.bangor.ac.uk/news/elephants-are-creatures-of-habit-when-it-comes-to-finding-food,200
https://www.bangor.ac.uk/news/its-not-just-because-its-there-how-climbing-and-mountaineering-regulates-emotions-1,200
https://www.bangor.ac.uk/languages-literatures-and-linguistics/staff/zoe-skoulding/en,200
https://www.bangor.ac.uk/computer-science-and-electronic-engineering,200
https://www.bangor.ac.uk/business/,200
https://www.bangor.ac.uk/iris/ref-2021?page=1,200
https://www.bangor.ac.uk/health-sciences/staff/heledd-owen-griffiths/en,200
https://www.bangor.ac.uk/news/ecological-doom-loops-why-ecosystem-collapses-may-occur-much-sooner-than-expected-new-research,200
https://www.bangor.ac.uk/cy/wedi-ymgeisio/diwrnod-i-ymgeiswyr,200
https://www.bangor.ac.uk/international/alreadyapplied/index,200
https://www.bangor.ac.uk/international/courses/january-start,200
https://www.bangor.ac.uk/sites/default/files/2025-11/May%202026%20Flyer_0.pdf,200
https://www.bangor.ac.uk/courses/postgraduate-taught/management-mba,200
https://www.bangor.ac.uk/studentservices/studenthousing/index,200
https://www.bangor.ac.uk/courses/postgraduate-taught/international-business-mba,200
https://www.bangor.ac.uk/spss,200
https://www.bangor.ac.uk/bbs,200
https://www.bangor.ac.uk/school-of-welsh,200
https://www.bangor.ac.uk/oceansciences/,200
https://www.bangor.ac.uk/oceansciences/index.php.en,200
https://www.bangor.ac.uk/history-law-social-sciences,200
https://www.bangor.ac.uk/arts-culture-language,200
https://www.bangor.ac.uk/sens,200
https://www.bangor.ac.uk/arts-humanities-and-business/,200
https://www.bangor.ac.uk/shs,200
https://www.bangor.ac.uk/cy/amdanom/ysgolion-academaidd,200
https://www.bangor.ac.uk/cmh,200
https://www.bangor.ac.uk/se,200
https://www.bangor.ac.uk/scse,200
http://www.bc.bangor.ac.uk/,200
https://www.bangor.ac.uk/buic/contacts,200
https://www.bangor.ac.uk/international/news,200
https://www.bangor.ac.uk/international/news/bangor-university-retains-first-class-award-for-seventh-year-running,200
https://www.bangor.ac.uk/international/in-your-country,200
https://www.bangor.ac.uk/international/exchanges-abroad,200
https://www.bangor.ac.uk/international/news/bangor-university-maintains-top-spot-in-alternative-university-league-table,200
https://www.bangor.ac.uk/international/news/alumnus-wins-study-uk-alumni-award-in-vietnam,200
https://www.bangor.ac.uk/international/news/bangor-university-researcher-announced-as-finalist-in-blavatnik-awards-for-young,200
https://www.bangor.ac.uk/elcos,200
https://www.bangor.ac.uk/node/46816,200
https://www.bangor.ac.uk/sites/default/files/2020-09/Guidelines-for-Students.pdf,200
https://www.bangor.ac.uk/study/postgraduate/apply_dclin,200
https://www.bangor.ac.uk/pgapplied/proposal-advice.php.en,200
https://www.bangor.ac.uk/cy/study/postgraduate-research/apply,200
https://www.bangor.ac.uk/study/postgraduate/apply_pgce,200
https://charteredbankermba.bangor.ac.uk/admissions.php.en,200
https://www.bangor.ac.uk/study/postgraduate/apply-physiotherapy,200
https://www.bangor.ac.uk/sites/default/files/2020-09/Guidelines_for_Agents%20-%20English%20Version%20V3.pdf,200
https://www.bangor.ac.uk/studentfinance/useful-links,200
https://www.bangor.ac.uk/student-administration/fees/index,200
https://www.bangor.ac.uk/cost-of-living-and-money-support,200
https://www.bangor.ac.uk/cy/cyllidmyfyrwyr/ol-radd,200
https://www.bangor.ac.uk/studentfinance/postgrad/payment,200
https://www.bangor.ac.uk/studentfinance/postgraduate/self-funding,200
https://www.bangor.ac.uk/studentfinance/postgraduate/loan-entitlement,200
https://www.bangor.ac.uk/studentfinance/postgrad/grants,200
https://www.bangor.ac.uk/research-innovation-and-impact-office/staff,200
https://www.bangor.ac.uk/cy/iris,200
https://www.bangor.ac.uk/doctoral-school/,200
https://www.bangor.ac.uk/iris/staff,200
https://www.bangor.ac.uk/iris/policies,200
https://www.bangor.ac.uk/cy/wedi-ymgeisio/diwrnod-i-ymgeiswyr/cofrestru,200
https://www.bangor.ac.uk/cy/ymchwil/newyddion/llyfr-newydd-yn-archwilio-sut-y-gall-ymwybyddiaeth-ofalgar-helpu-pobl-i-gael-mwy,200
https://www.bangor.ac.uk/international/countries/singapore,200
https://www.bangor.ac.uk/international/countries/tanzania,200
https://www.bangor.ac.uk/international/countries/philippines,200
https://www.bangor.ac.uk/international/countries/canada,200
https://www.bangor.ac.uk/international/countries/russia,200
https://www.bangor.ac.uk/international/countries/romania,200
https://www.bangor.ac.uk/international/countries/zimbabwe,200
https://www.bangor.ac.uk/international/countries/kazakhstan,200
https://www.bangor.ac.uk/international/countries/kuwait,200
https://www.bangor.ac.uk/international/countries/thailand,200
https://www.bangor.ac.uk/international/countries/indonesia,200
https://www.bangor.ac.uk/international/countries/bulgaria,200
https://www.bangor.ac.uk/international/countries/nigeria,200
https://www.bangor.ac.uk/international/countries/poland,200
https://www.bangor.ac.uk/international/countries/egypt,200
https://www.bangor.ac.uk/international/countries/jordan,200
https://www.bangor.ac.uk/international/countries/portugal,200
https://www.bangor.ac.uk/international/countries/botswana,200
https://www.bangor.ac.uk/international/countries/kenya,200
https://www.bangor.ac.uk/international/countries/saudi-arabia,200
https://www.bangor.ac.uk/international/countries/nepal,200
https://www.bangor.ac.uk/international/countries/uganda,200
https://www.bangor.ac.uk/international/countries/brazil,200
https://www.bangor.ac.uk/international/countries/mexico,200
https://www.bangor.ac.uk/international/countries/sudan,200
https://www.bangor.ac.uk/international/countries/japan,200
https://www.bangor.ac.uk/international/countries/iran,200
https://www.bangor.ac.uk/international/countries/slovenia,200
https://www.bangor.ac.uk/international/countries/germany,200
https://www.bangor.ac.uk/international/countries/colombia,200
https://www.bangor.ac.uk/international/countries/switzerland,200
https://www.bangor.ac.uk/international/countries/belgium,200
https://www.bangor.ac.uk/international/countries/usa,200
https://www.bangor.ac.uk/international/agents,200
https://www.bangor.ac.uk/international/countries/italy,200
https://www.bangor.ac.uk/international/countries/south-africa,200
https://www.bangor.ac.uk/international/countries/south-korea,200
https://www.bangor.ac.uk/international/countries/azerbaijan,200
https://www.bangor.ac.uk/international/countries/cameroon,200
https://www.bangor.ac.uk/node/36537276,404
https://www.bangor.ac.uk/international/countries/libya,200
https://www.bangor.ac.uk/international/countries/ukraine,200
https://www.bangor.ac.uk/international/countries/spain,200
https://www.bangor.ac.uk/international/countries/dominican-republic,200
https://www.bangor.ac.uk/international/countries/hong-kong,200
https://www.bangor.ac.uk/international/countries/new-zealand,200
https://www.bangor.ac.uk/international/countries/lithuania,200
https://www.bangor.ac.uk/international/countries/greece,200
https://www.bangor.ac.uk/international/countries/malaysia,200
https://www.bangor.ac.uk/international/countries/norway,200
https://www.bangor.ac.uk/international/countries/morocco,200
https://www.bangor.ac.uk/international/countries/oman,200
https://www.bangor.ac.uk/international/countries/pakistan,200
https://www.bangor.ac.uk/international/countries/china,200
https://www.bangor.ac.uk/international/countries/ghana,200
https://www.bangor.ac.uk/international/countries/mauritius,200
https://www.bangor.ac.uk/international/countries/united-arab-emirates,200
https://www.bangor.ac.uk/international/countries/india,200
https://www.bangor.ac.uk/international/countries/cyprus,200
https://www.bangor.ac.uk/international/countries/taiwan,200
https://www.bangor.ac.uk/international/countries/vietnam,200
https://www.bangor.ac.uk/international/countries/bahrain,200
https://www.bangor.ac.uk/international/countries/peru,200
https://www.bangor.ac.uk/international/countries/lebanon,200
https://www.bangor.ac.uk/international/countries/brunei,200
https://www.bangor.ac.uk/international/countries/qatar,200
https://www.bangor.ac.uk/international/countries/bangladesh,200
https://www.bangor.ac.uk/international/countries/croatia,200
https://www.bangor.ac.uk/international/countries/france,200
https://www.bangor.ac.uk/international/countries/sri-lanka,200
https://www.bangor.ac.uk/international/countries/slovakia,200
https://www.bangor.ac.uk/international/countries/czech-republic,200
https://www.bangor.ac.uk/international/countries/iraq,200
https://www.bangor.ac.uk/international/countries/luxembourg,200
https://www.bangor.ac.uk/international/countries/turkey,200
https://www.bangor.ac.uk/international/countries/united-kingdom,200
https://www.bangor.ac.uk/international/countries/australia,200
https://www.bangor.ac.uk/international/countries/uzbekistan,200
https://www.bangor.ac.uk/commercial-services/places-to-eat-and-drink.php.cy,200
https://www.bangor.ac.uk/commercial-services/catering-opening-hours.php.en,200
https://www.bangor.ac.uk/management_centre/restaurant.php.en,200
https://www.bangor.ac.uk/node/71071,404
https://www.bangor.ac.uk/skills-and-employability/employers/benterprising.php.en,410
https://www.bangor.ac.uk/cy/amdanom,200
https://www.bangor.ac.uk/sustainability,200
https://www.bangor.ac.uk/canolfanbedwyr/index.php.en,200
https://www.bangor.ac.uk/cy/bywyd-myfyrwyr/cefnogaeth,200
https://www.bangor.ac.uk/study/undergraduate/personal-tutor,200
https://www.bangor.ac.uk/studentservices/peer-guides/,200
https://www.bangor.ac.uk/teaching-and-learning-support,200
https://www.bangor.ac.uk/courses?term=&level_of_study=other_course&page=1,200
https://www.bangor.ac.uk/courses?term=&level_of_study=other_course&page=4,200
https://www.bangor.ac.uk/courses?term=&level_of_study=other_course&page=2,200
https://www.bangor.ac.uk/cy/courses?level_of_study=other_course&term=,200
https://www.bangor.ac.uk/courses?term=&level_of_study=other_course&page=3,200
https://www.bangor.ac.uk/courses?term=&level_of_study=other_course&page=0,200
https://www.bangor.ac.uk/courses?term=&level_of_study=other_course&page=5,200
https://www.bangor.ac.uk/vice-chancellor/tparc,200
https://www.bangor.ac.uk/cy/is-ganghellor,200
https://www.bangor.ac.uk/vice-chancellor/edmund-burke,200
https://my.bangor.ac.uk/en/features/6413,401
https://www.bangor.ac.uk/vice-chancellor/the-executive-office,200
https://www.bangor.ac.uk/governance-office,200
https://www.bangor.ac.uk/vice-chancellor/events,200
https://www.bangor.ac.uk/vice-chancellor/the-chancellor,200
https://www.bangor.ac.uk/international/bangor-university-english-language-test-buelt,403
http://www.bangor.ac.uk/buic/,200
https://www.bangor.ac.uk/international/exchanges/outgoing/destinations,200
https://www.bangor.ac.uk/international/exchanges/before-mobility,200
https://www.bangor.ac.uk/international/exchanges/emergency,200
https://www.bangor.ac.uk/international/exchanges/outgoing/study-abroad-costs,200
https://www.bangor.ac.uk/cy/international/exchanges/outgoing,200
https://www.bangor.ac.uk/international/exchanges/outgoing/my-bangor-exchange,200
https://www.bangor.ac.uk/international/exchanges/mobility,200
https://www.bangor.ac.uk/international/ExperienceYear/Work,200
https://www.bangor.ac.uk/international/exchanges/after-mobility,200
https://www.bangor.ac.uk/international/exchanges/Other,200
https://www.bangor.ac.uk/international/exchanges/outgoing/study-abroad,200
https://www.bangor.ac.uk/international/exchanges/outgoing/InformationforApplicants,200
https://www.bangor.ac.uk/international/exchanges/outgoing/your-options,200
https://www.bangor.ac.uk/international/exchanges/outgoing/erasmus,200
https://www.bangor.ac.uk/cy/diwrnodagored,200
https://www.bangor.ac.uk/courses/other-courses/renal-nursing-nhs-3118,200
https://www.bangor.ac.uk/courses/postgraduate-taught/mental-health-nursing-msc,200
https://www.bangor.ac.uk/courses/undergraduate/b763-learning-disabilities-nursing-bn-hons,200
https://www.bangor.ac.uk/courses/postgraduate-taught/examination-of-the-newborn-pgcert,200
https://www.bangor.ac.uk/courses/other-courses/fundamentals-of-critical-care-nhs-4442,200
https://www.bangor.ac.uk/courses/postgraduate-taught/critical-care-pgcert,200
https://www.bangor.ac.uk/cy/courses?level_of_study=All&term=nursing,200
https://www.bangor.ac.uk/courses/undergraduate/b732-childrens-nursing-bn-hons,200
https://www.bangor.ac.uk/courses/postgraduate-taught/diabetes-care-and-management-pgcert,200
https://www.bangor.ac.uk/courses/undergraduate/b762-mental-health-nursing-bn-hons,200
https://www.bangor.ac.uk/ds/the-doctoral-school-newsletter,200
https://www.bangor.ac.uk/doctoral-academy/events/introduction-to-research-integrity-trusted-research-and-due-diligence,200
https://www.bangor.ac.uk/doctoral-academy/events/preparing-for-your-doctoral-viva-webinar,200
https://www.bangor.ac.uk/doctoral-academy/news/james-pantyfedwen-foundation-grants,200
https://www.bangor.ac.uk/doctoral-academy/events/how-to-chair-a-conference-session-online-session,200
https://www.bangor.ac.uk/doctoral-academy/news/ahrc-doctoral-focal-award-celtic-crescent-creative-economy-digital-content,200
https://www.bangor.ac.uk/doctoral-academy/news/kickstart-your-career-in-environmental-research-apply-for-an-internship,200
https://www.bangor.ac.uk/doctoral-academy/news/friends-of-treborth-botanic-garden-mscres-bursaries-2026,200
https://www.bangor.ac.uk/cy/academi-ddoethurol,200
https://www.bangor.ac.uk/ref-2021,200
https://www.bangor.ac.uk/doctoral-academy/events/the-write-tool-for-the-job-why-overleaf-is-a-postgrads-best-friend-in,200
https://www.bangor.ac.uk/applicant-hub/conservation,200
https://www.bangor.ac.uk/applicant-hub/marketing,200
https://www.bangor.ac.uk/applicant-hub/dental-hygiene,200
https://www.bangor.ac.uk/applicant-hub/geography,200
https://www.bangor.ac.uk/applicant-hub/accounting-banking-and-finance,200
https://www.bangor.ac.uk/applicant-hub/english-literature-and-creative-writing,200
https://www.bangor.ac.uk/applicant-hub/psychology,200
https://www.bangor.ac.uk/applicant-hub/biomedical-science-and-medical-sciences,200
https://help.bangor.ac.uk/medicine-applications/,200
https://www.bangor.ac.uk/applicant-hub/law,200
https://www.bangor.ac.uk/applicant-hub/philosophy-ethics-and-religion,200
https://www.bangor.ac.uk/cy/gwybodaeth-i-ymgeiswyr,200
https://www.bangor.ac.uk/applicant-hub/music,200
https://www.bangor.ac.uk/applicant-hub/welsh,200
https://www.bangor.ac.uk/applicant-hub/criminology-and-criminal-justice,200
https://www.bangor.ac.uk/applicant-hub/midwifery,200
https://www.bangor.ac.uk/applicant-hub/ocean-sciences,200
https://www.bangor.ac.uk/applicant-hub/teaching,200
https://www.bangor.ac.uk/applicant-hub/history-archaeology-and-heritage,200
https://www.bangor.ac.uk/applicant-hub/film-media-journalism-and-drama,200
https://www.bangor.ac.uk/applicant-hub/forestry,200
https://www.bangor.ac.uk/applicant-hub/policing,200
https://www.bangor.ac.uk/applicant-hub/environmental-and-natural-sciences,200
https://www.bangor.ac.uk/applicant-hub/modern-languages,200
https://www.bangor.ac.uk/applicant-hub/sociology,200
https://www.bangor.ac.uk/applicant-hub/computer-science,200
https://www.bangor.ac.uk/applicant-hub/marine-biology,200
https://www.bangor.ac.uk/applicant-hub/sport-and-exercise-sciences,200
https://www.bangor.ac.uk/applicant-hub/nursing,200
https://www.bangor.ac.uk/applicant-hub/zoology,200
https://www.bangor.ac.uk/applicant-hub/biology,200
https://www.bangor.ac.uk/applicant-hub/english-language-and-linguistics,200
https://www.bangor.ac.uk/applicant-hub/business-and-management,200
https://www.bangor.ac.uk/applicant-hub/health-and-social-care,200
https://www.bangor.ac.uk/applicant-hub/economics,200
https://www.bangor.ac.uk/applicant-hub/pharmacy-and-pharmacology,200
https://www.bangor.ac.uk/applicant-hub/medicine,200
https://www.bangor.ac.uk/applicant-hub/politics,200
https://www.bangor.ac.uk/applicant-hub/childhood-and-youth-studies,200
https://www.bangor.ac.uk/applicant-hub/product-design,200
https://www.bangor.ac.uk/applicant-hub/engineering,200
https://www.bangor.ac.uk/applicant-hub/radiography,200
https://www.bangor.ac.uk/cy/wedi-ymgeisio/diwrnod-i-ymgeiswyr/beth-iw-ofyn,200
https://my.bangor.ac.uk/humanresources/staffdevelopment/coaching.php.en,401
https://my.bangor.ac.uk/humanresources/staffdevelopment/induction.php.en,401
https://my.bangor.ac.uk/humanresources/staffdevelopment/index.php.en,401
https://my.bangor.ac.uk/professional-services,401
https://my.bangor.ac.uk/humanresources/staffdevelopment/pdr/guide.php.en,401
https://my.bangor.ac.uk/humanresources/staffdevelopment/location.php.en,401
https://my.bangor.ac.uk/humanresources/staffdevelopment/pdr/strategic-aims.php.en,401
https://my.bangor.ac.uk/humanresources/staffdevelopment/learning-welsh.php.en,401
https://my.bangor.ac.uk/humanresources/staffdevelopment/pdr/index.php.en,401
https://my.bangor.ac.uk/humanresources/staffdevelopment/essential-training.php.en,401
https://my.bangor.ac.uk/humanresources/staffdevelopment/guide_for_managers.php.en,401
https://my.bangor.ac.uk/humanresources/staffdevelopment/pdr/monitoring.php.en,401
https://my.bangor.ac.uk/humanresources/index.php.en,401
https://my.bangor.ac.uk/research-support/researcher-development/programme/,401
https://my.bangor.ac.uk/humanresources/staffdevelopment/departmentalinduction.php.en,401
https://my.bangor.ac.uk/humanresources/staffdevelopment/researcherdevelopment/,401
https://my.bangor.ac.uk/humanresources/staffdevelopment/useful_links.php.en,401
https://my.bangor.ac.uk/humanresources/staffdevelopment/training.php.en,401
https://my.bangor.ac.uk/humanresources/staffdevelopment/our_staff.php.en,401
https://my.bangor.ac.uk/humanresources/staffdevelopment/academic-mentoring.php.en,401
https://my.bangor.ac.uk/humanresources/staffdevelopment/opps_by_type.php.en,401
https://my.bangor.ac.uk/humanresources/staffdevelopment/online-learning-opportunities.php.en,401
https://my.bangor.ac.uk/humanresources/staffdevelopment/about_us.php.en,401
https://my.bangor.ac.uk/humanresources/staffdevelopment/researcherdevelopment/index.php.en,401
https://my.bangor.ac.uk/humanresources/staffdevelopment/faq.php.en,401
https://my.bangor.ac.uk/humanresources/staffdevelopment/coaching-and-mentoring.php.en,401
https://my.bangor.ac.uk/humanresources/staffdevelopment/bangormanagers.php.en,401
https://my.bangor.ac.uk/humanresources/staffdevelopment/pdr/pdp-guide.php.en,401
https://www.bangor.ac.uk/cy/cilgant-celtaidd,200
https://www.bangor.ac.uk/sites/default/files/2021-07/Guidelines-for-Students_0.pdf,200
https://www.bangor.ac.uk/international/applying/research-proposal,200
https://www.bangor.ac.uk/courses/postgraduate-taught/sustainable-tropical-forestry-sutrofor-erasmus-mundus-course,403
https://www.bangor.ac.uk/courses/postgraduate-taught/sustainable-forest-and-nature-management-sufonama-erasmus-mundus-course,200
https://www.bangor.ac.uk/cy/newyddion/2026-03-12-dathlu-niwroamrywiaeth-a-wythnos-o-ymwybyddiaeth-creadigrwydd-a-chefnogaeth,200
https://www.bangor.ac.uk/cy/wedi-ymgeisio/diwrnod-i-ymgeiswyr/parcio,200
https://www.bangor.ac.uk/international/support/registration-and-orientation,200
https://www.bangor.ac.uk/international/support/work-and-volunteering,200
https://www.bangor.ac.uk/international/support/welfare,200
https://www.bangor.ac.uk/international/support/contact,200
https://www.bangor.ac.uk/cy/international/support/index,200
https://www.bangor.ac.uk/cy/courses?term=&level_of_study=other_course,200
https://www.bangor.ac.uk/cy/bywyd-myfyrwyr/chwaraeon,200
https://www.bangor.ac.uk/humanresources/staffdevelopment/researcherdevelopment/index.php.cy,401
https://my.bangor.ac.uk/cy/,401
https://www.bangor.ac.uk/cy/courses?term=nyrsio&level_of_study=All,200
https://www.bangor.ac.uk/cy/ymchwil,200
https://www.bangor.ac.uk/cy/bangorgynaliadwy,200
https://www.bangor.ac.uk/cy/bangor-140,200
https://www.bangor.ac.uk/cy/courses?term=&level_of_study=pgt_course,200
https://www.bangor.ac.uk/cy/courses?term=&level_of_study=pgr_course,200
https://www.bangor.ac.uk/cy/taith-rhithiwr-prifysgol-bangor,200
https://www.bangor.ac.uk/cy/courses?term=cyfrifiadureg&level_of_study=All,200
https://www.bangor.ac.uk/cy/courses?term=chwaraeon&level_of_study=All,200
https://www.bangor.ac.uk/canolfanbedwyr/polisi_iaith.php.cy,200
https://www.bangor.ac.uk/cy/newyddion?news_category=1661,200
https://www.bangor.ac.uk/mapcampws,200
https://www.bangor.ac.uk/governance-and-compliance/accessibility-statement.php.cy,200
https://www.bangor.ac.uk/cy/cynigion-cyd-destynol,200
https://www.bangor.ac.uk/widening-access/index.php.cy,200
https://www.bangor.ac.uk/cy/newyddion/2026-03-11-rhwydwaith-lhdtc-y-brifysgol-ar-restr-fer-gwobr-genedlaethol,200
https://www.bangor.ac.uk/cy/paratoi-ar-gyfer-y-brifysgol,200
https://www.bangor.ac.uk/quality/uk-quality-assured.php.cy,200
https://www.bangor.ac.uk/collaborationhub/index.php.cy,200
https://www.bangor.ac.uk/cy/ymchwil/newyddion/astudiaeth-newydd-yn-cysylltu-cyfraddau-marwolaethau-uwch-o-ganlyniad-i,200
https://www.bangor.ac.uk/cy/ymchwil/newyddion/ysgrifennydd-y-cabinet-yn-ymweld-ar-brifysgol-i-drafod-cyfleoedd-rhanbarthol,200
https://www.bangor.ac.uk/cy/courses?term=seicoleg&level_of_study=All,200
https://research.bangor.ac.uk/cy/,403
https://www.bangor.ac.uk/cy/digwyddiadau/teithau-tywys-casgliadau-celf-a-serameg,200
http://healthandwellbeing.bangor.ac.uk/index.php.cy,200
https://www.bangor.ac.uk/cy/courses?term=y gyfraith&level_of_study=All,200
https://www.bangor.ac.uk/cy/ymchwil/sefydliadau-a-chanolfannau-ymchwil,200
https://www.bangor.ac.uk/cy/courses?term=busnes&level_of_study=All,200
https://www.bangor.ac.uk/cy/taith-rhithwir-prifysgol-bangor,200
https://www.bangor.ac.uk/cy/cenhadaeth-ddinesig,200
https://www.bangor.ac.uk/property-and-campus-services/parking.php.en,200
https://www.bangor.ac.uk/research/research-themes/arts-humanities-business/emotional-artificial-intelligence,200
https://www.bangor.ac.uk/research/themes/human-sciences,200
https://www.bangor.ac.uk/research-innovation-and-impact-office,200
https://www.bangor.ac.uk/research/themes/human-sciences/dementia-care,200
https://www.bangor.ac.uk/research/themes/environmental-science-and-engineering/conservation,200
https://www.bangor.ac.uk/international/phdopps,200
https://www.bangor.ac.uk/sustainablebangor/news/bangor-university-retains-first-class-award-for-sixth-year-running,200
https://www.bangor.ac.uk/sustainablebangor/news/bangor-university-switches-to-ecosia-as-its-default-search-engine-to-support,200
https://www.bangor.ac.uk/sustainablebangor/news,200
https://www.bangor.ac.uk/sustainability/policies-and-strategies.php.en,200
https://www.bangor.ac.uk/sustainability/well-being-of-future-generations-act.php.en,200
https://www.bangor.ac.uk/sustainability/team.php.en,200
https://www.bangor.ac.uk/sustainablebangor/news/bangor-university-staff-and-students-join-thousands-in-london-for-river,200
https://www.bangor.ac.uk/sustainability/un_sustainable-development-goals.php.en,200
https://www.bangor.ac.uk/sustainablebangor/news/bangor-university-retains-first-class-award-for-seventh-year-running,200
https://www.bangor.ac.uk/sustainability/sustainability-at-bangor-uni.php.en,200
https://www.bangor.ac.uk/get-ready-for-university/differences,200
https://www.bangor.ac.uk/get-ready-for-university/blog-hacks,200
https://www.bangor.ac.uk/get-ready-for-university/connections,200
https://www.bangor.ac.uk/get-ready-for-university/faqs,200
https://www.bangor.ac.uk/going-to-university/faqs,200
https://www.bangor.ac.uk/get-ready-for-university/contact,200
https://www.bangor.ac.uk/get-ready-for-university/accommodation,200
https://www.bangor.ac.uk/get-ready-for-university/application,200
https://www.bangor.ac.uk/get-ready-for-university/results-day,200
https://www.bangor.ac.uk/news/12/tracking-covid-19-and-other-viruses-in-wastewater,200
https://www.bangor.ac.uk/bangor-university-community-day,200
https://www.bangor.ac.uk/mindfulness/,200
https://www.bangor.ac.uk/magical-bangor/industry-collaborations/nhs,200
https://www.bangor.ac.uk/news/celebrating-llandudnos-jewish-history,200
https://www.bangor.ac.uk/skills-and-employability/gsp/index.php.en,410
https://www.bangor.ac.uk/park,200
https://www.bangor.ac.uk/canolfanbedwyr/cysgliad.php.en?lang=en,200
https://www.bangor.ac.uk/confucius-institute/,200
https://www.bangor.ac.uk/sites/default/files/2024-09/strategy2030-civic-engagement-May24.docx,200
https://www.bangor.ac.uk/skills-and-employability/about-us.php.en,200
https://www.bangor.ac.uk/news/researchers-explore-the-influence-of-media-messaging-on-mask-wearing-choices,200
https://www.bangor.ac.uk/archives,200
https://www.bangor.ac.uk/community/bangor-university-community-fund,200
https://www.bangor.ac.uk/news/2022-10-14-bangor-university-collaborates-with-adra-housing-association-to-advance-skills-and,200
https://www.bangor.ac.uk/itservices/print-contact-us.php.en,200
https://www.bangor.ac.uk/news/01/we-tested-the-wastewater-from-planes-to-detect-covid-among-travellers-heres-what-we-found,200
https://www.bangor.ac.uk/library/visitor/visitor.php.en,200
https://targetconnect.bangor.ac.uk/unauth/employer/login,200
https://www.bangor.ac.uk/news/2021-07-06-m-sparc-campaign-inspires-north-wales-talent-to-come-home,200
https://www.bangor.ac.uk/bangor-heritage-college,200
http://dsdc.bangor.ac.uk/supporting-people.php.en,200
https://www.bangor.ac.uk/civic-mission/contact,200
https://www.bangor.ac.uk/skills-and-employability/go-wales-team.php.en,401
https://www.bangor.ac.uk/news/01/wastewater-monitoring-programme-extended-to-include-hospitals-and-monitoring-beyond-covid,200
https://www.bangor.ac.uk/community/community-board,200
https://www.bangor.ac.uk/courses?term=psychology&level_of_study=All&page=1,200
https://www.bangor.ac.uk/courses?term=psychology&level_of_study=All&page=0,200
https://www.bangor.ac.uk/courses/postgraduate-taught/clinical-and-health-psychology-msc,200
https://www.bangor.ac.uk/courses/postgraduate-taught/cognitive-behavioural-therapy-pgcert,200
https://www.bangor.ac.uk/courses/undergraduate/c801-psychology-with-neuropsychology-bsc-hons,200
https://www.bangor.ac.uk/courses/postgraduate-taught/dialectical-behaviour-therapy-dbt-pgdip,200
https://www.bangor.ac.uk/courses/undergraduate/l3c8-criminology-and-psychology-ba-hons,200
https://www.bangor.ac.uk/courses/undergraduate/c880-psychology-with-clinical-and-health-psychology-bsc-hons,200
https://www.bangor.ac.uk/cy/courses?level_of_study=All&term=psychology,200
https://www.bangor.ac.uk/courses/undergraduate/c800-psychology-bsc-hons,200
https://www.bangor.ac.uk/courses/postgraduate-taught/childhood-and-youth-ma,200
https://www.bangor.ac.uk/courses/undergraduate/q1c8-linguistics-and-psychology-ba-hons,200
https://www.bangor.ac.uk/courses/undergraduate/c80f-psychology-with-foundation-year-bsc-hons,200
https://www.bangor.ac.uk/courses/undergraduate/x319-childhood-and-youth-studies-and-psychology-ba-hons,200
https://www.bangor.ac.uk/bbs/research/rhanbarth,200
https://www.bangor.ac.uk/arts-humanities-and-business/research_centres.php.en,200
https://www.bangor.ac.uk/health-sciences/research/index.php.en,200
http://iswe.bangor.ac.uk/,200
http://www.cams.bangor.ac.uk/,500
https://www.bangor.ac.uk/languages-literatures-and-linguistics/galician/,200
http://arthurian-studies.bangor.ac.uk/,200
http://rsthomas.bangor.ac.uk/,200
http://ceas.bangor.ac.uk/,200
http://behaviourchange.bangor.ac.uk/,200
http://caer.bangor.ac.uk/,403
http://cftss.bangor.ac.uk/,200
http://ipep.bangor.ac.uk/,200
https://www.bangor.ac.uk/plocc,200
http://www.cebc.bangor.ac.uk/,200
http://research-centre-wales.sites.bangor.ac.uk/index.php.en,200
http://colclough.bangor.ac.uk/,200
https://www.bangor.ac.uk/bilingualism/,200
https://www.bangor.ac.uk/business/research_and_inst/ief/index,200
http://environmental-biotechnology.bangor.ac.uk/index,200
http://wcccn.bangor.ac.uk/,200
http://cbr.bangor.ac.uk/,200
https://www.bangor.ac.uk/iahp,200
https://www.bangor.ac.uk/healthcaresciences/research/index,404
https://www.bangor.ac.uk/news/2021-10-20-the-coleg-cymraeg-appoints-new-postgraduate-ambassadors,200
https://www.bangor.ac.uk/news/2022-05-23-welsh-international-athlete-awarded-llew-rees-memorial-prize-2022,200
https://www.bangor.ac.uk/news/latest?news_category=1661&page=1,200
https://www.bangor.ac.uk/news/2021-11-17-makers-of-tryweryn-film-with-zero-budget-over-the-moon-after-scooping-bafta-cymru,200
https://www.bangor.ac.uk/news/2021-12-14-phd-student-wins-national-im-a-scientist-get-me-out-of-here-competition,200
https://www.bangor.ac.uk/news/2023-05-05-royal-television-society-success-for-noah,200
https://www.bangor.ac.uk/news/2021-10-29-bangor-university-researchers-advise-tvs-gareth-jones-on-his-60k-swim-challenge,200
https://www.bangor.ac.uk/news/2021-10-11-inclusive-bangor-scholarships-awarded-202122,200
https://www.bangor.ac.uk/news/2022-07-18-two-outstanding-students-win-drapers-medals-at-bangor,200
https://www.bangor.ac.uk/news/2021-10-28-student-shares-nature-watching-tips-with-the-bbcs-autumnwatch,200
https://www.bangor.ac.uk/news/latest?news_category=1661&page=2,200
https://www.bangor.ac.uk/news/2022-02-01-bangors-book-publishers,200
https://www.bangor.ac.uk/news/latest?news_category=1661&page=0,200
https://www.bangor.ac.uk/news/2022-04-12-magnificent-seven-for-bangor-film-makers-at-the-rts-cymru-awards,200
https://www.bangor.ac.uk/news/2022-11-18-inclusive-bangor-scholarships-2223-awarded,200
https://www.bangor.ac.uk/courses?term=&level_of_study=pgt_course&page=2,200
https://www.bangor.ac.uk/cy/courses?level_of_study=pgt_course&term=,200
https://www.bangor.ac.uk/courses?term=&level_of_study=pgt_course&page=5,200
https://www.bangor.ac.uk/courses?term=&level_of_study=pgt_course&page=7,200
https://www.bangor.ac.uk/courses?term=&level_of_study=pgt_course&page=4,200
https://www.bangor.ac.uk/courses?term=&level_of_study=pgt_course&page=6,200
https://www.bangor.ac.uk/courses?term=&level_of_study=pgt_course&page=0,200
https://www.bangor.ac.uk/courses?term=&level_of_study=pgt_course&page=3,200
https://www.bangor.ac.uk/courses?term=&level_of_study=pgt_course&page=1,200
https://www.bangor.ac.uk/applicant-days-archived,0
https://www.bangor.ac.uk/cy/diwrnod-agored-bach,0
https://www.bangor.ac.uk/cy/diwrnodagored/y-gorau-o-ddinas-bangor,0
https://www.bangor.ac.uk/cy/diwrnodagored/newid-neu-ganslo,0
https://www.bangor.ac.uk/cy/diwrnodagored/sut-i-gyrraedd-yma,0
https://www.bangor.ac.uk/openday/programme,0
https://www.bangor.ac.uk/resources-hub/curriculum-related-research,0
https://www.bangor.ac.uk/resources-hub/support-for-students-making-the-transition-from-school-or-college-to-university,0
https://www.bangor.ac.uk/resources-hub/regional-he-in-fe-partnerships-and-progression-pathways,0
https://www.bangor.ac.uk/resources-hub/supporting-the-learning-experiences-of-school-age-children,0
https://www.bangor.ac.uk/resources-hub/cymraeg-2050-a-million-welsh-speakers,0
https://www.bangor.ac.uk/resources-hub/advanced-skills-baccalaureate-wales-resources,0
https://www.bangor.ac.uk/student-engagement-toolkit-for-planning-classroom-and-strategic-interventions,0
https://www.bangor.ac.uk/cy/hwb-adnoddau,0
https://my.bangor.ac.uk/mrc/digital.php.en,0
https://my.bangor.ac.uk/mrc/schools.php.en,0
https://my.bangor.ac.uk/mrc/top.php.en,0
https://my.bangor.ac.uk/mrc/open_days.php.en,0
https://www.bangor.ac.uk/mrc/marketing.php.cy,0
https://www.bangor.ac.uk/cy/news/expertise,0
https://www.bangor.ac.uk/news/expertise,0
https://www.bangor.ac.uk/mrc/open_days.php.cy,0
https://www.bangor.ac.uk/openday/,0
https://www.bangor.ac.uk/mrc/school-visit-registration/presentations.php.en,0
https://www.bangor.ac.uk/mrc/school-visit-registration/index.php.cy,0
https://www.bangor.ac.uk/mrc/school-visit-registration/fair.php.en,0
https://www.bangor.ac.uk/mrc/school-visit-registration/visit.php.en,0
https://www.bangor.ac.uk/studentservices/moneyadvice/EU.php.en,0
https://www.bangor.ac.uk/studentservices/moneyadvice/england.php.en,0
https://www.bangor.ac.uk/cy/cyllidmyfyrwyr/israddedigion-newydd,0
https://www.bangor.ac.uk/studentservices/moneyadvice/NHS.php.en,0
https://www.bangor.ac.uk/studentservices/moneyadvice/northernireland.php.en,0
https://www.bangor.ac.uk/studentservices/moneyadvice/wales.php.en,0
https://www.bangor.ac.uk/studentservices/moneyadvice/scotland.php.en,0
https://www.bangor.ac.uk/courses/postgraduate-taught/education-studies-part-time-ma,0
https://www.bangor.ac.uk/education-and-human-development/educational-resources.php.en,0
https://www.bangor.ac.uk/courses/postgraduate-taught/2021/national-education-wales-english-medium-ma,0
https://www.bangor.ac.uk/cy/dysgu-proffesiynol-i-ymarferwyr,0
https://www.bangor.ac.uk/canolfanbedwyr/sabothol.php.en,0
https://www.bangor.ac.uk/courses/postgraduate-taught/2021/education-studies-full-time-ma,0
https://www.bangor.ac.uk/mrc/documents/Social%20Media%20Guidelines%20March%202022.pdf,0
https://www.bangor.ac.uk/mrc/socialmedia.php.cy,0
https://www.bangor.ac.uk/mrc/documents/social-media-policy-2024-en.docx,0
https://www.bangor.ac.uk/mrc/digital.php.cy,0
https://www.bangor.ac.uk/cy/diwrnodagored/bwyd-a-diod-ar-y-campws,0
https://www.bangor.ac.uk/se/news/bryn-jones-wins-the-2025-eisteddfod-prose-medal,0
https://www.bangor.ac.uk/cy/ya,0
https://www.bangor.ac.uk/se/news/careers-fair-brings-potential-employers-to-bangor-university,0
https://www.bangor.ac.uk/se/news,0
https://www.bangor.ac.uk/staff/educational-sciences/en,0
https://www.bangor.ac.uk/educational-sciences/contact-us,0
https://www.bangor.ac.uk/tnwse/events/rethinking-educational-ethnography-2026,0
https://www.bangor.ac.uk/educational-sciences/facilities,0
https://www.bangor.ac.uk/nwse/research,0
https://www.bangor.ac.uk/se/news/new-online-booklets-help-teachers-discover-diverse-texts-in-welsh-and-english,0
https://www.bangor.ac.uk/se/about,0
https://www.bangor.ac.uk/cy/diwrnodagored/cwestiynau-am-gefnogaeth-i-fyfyrwyr,0
https://www.bangor.ac.uk/cy/diwrnodagored/darganfod-ein-llety-myfyrwyr,0
https://www.bangor.ac.uk/brand,0
https://www.bangor.ac.uk/cy/brand,0
https://apps.bangor.ac.uk/staff/email/signature/,0
https://www.bangor.ac.uk/cy/diwrnodagored/cwestiynau-cyffredin,0
https://www.bangor.ac.uk/mrc/top.php.en,0
https://www.bangor.ac.uk/mrc/index.php.cy,0
https://my.bangor.ac.uk/mrc/marketing.php.en,0
https://www.bangor.ac.uk/mrc/staff.php.cy,0
https://www.bangor.ac.uk/cy/rhaglen-y-diwrnod-agored-bach,0
https://www.bangor.ac.uk/music-and-media/,0
https://www.bangor.ac.uk/mrc/webteam.php.en,0
https://www.bangor.ac.uk/mrc/filminglocation.php.cy,0
https://www.bangor.ac.uk/tour/panoramic.php.en,0
https://www.bangor.ac.uk/cy/diwrnodagored/beth-iw-ofyn,0
https://www.bangor.ac.uk/cy/amdanom/arolwg-blynyddol,0
https://www.bangor.ac.uk/cy/cwestiynau-am-gefnogaeth-i-fyfyrwyr-bydd-cyfle-i-sgwrsio-gyda-staff-ar-y-diwrnod-agored,0
https://www.bangor.ac.uk/cy/diwrnodagored/parcio,0
https://www.bangor.ac.uk/cy/ystyried-astudio-drwy-gyfrwng-y-gymraeg-dyma-beth-iw-ddisgwyl-yn-y-diwrnod-agored,0
https://www.bangor.ac.uk/cy/beth-iw-ofyn-yn-ystod-diwrnod-agored,0
https://www.bangor.ac.uk/cy/darganfod-ein-llety-myfyrwyr-yn-ystod-y-diwrnod-agored,0
https://www.bangor.ac.uk/cy/cwestiynau-cyffredin-am-y-diwrnod-agored,0
https://www.bangor.ac.uk/cy/bwyd-a-diod-ar-y-campws-yn-ystod-ein-dyddiau-agored,0
https://www.bangor.ac.uk/mrc/brand/index.php.cy,0
https://www.bangor.ac.uk/conferences,0
https://www.bangor.ac.uk/mrc/corporate_communications.php.cy,0
https://www.bangor.ac.uk/news/index.php.cy,0
https://www.bangor.ac.uk/cy/gwybodaeth-i-ymgeiswyr-israddedig,0
https://www.bangor.ac.uk/addysg,0
https://www.bangor.ac.uk/cy/diwrnodagored/ol-radd,0
https://www.bangor.ac.uk/cy/wedi-ymgeisio,0
https://www.bangor.ac.uk/cy/darganfod-y-gorau-o-ddinas-bangor-ar-ardal,0
https://www.bangor.ac.uk/cy/sut-i-gyrraedd-y-diwrnod-agored,0
https://www.bangor.ac.uk/mrc/public-affairs.php.en,0
https://www.bangor.ac.uk/news/newsletter.php.en,0
https://www.bangor.ac.uk/mrc/press-office.php.en,0
https://www.bangor.ac.uk/cy/diwrnodagored/ystyried-astudio-drwy-gyfrwng-y-gymraeg,0
https://www.bangor.ac.uk/studentservices/disability/dyslexia.php.en,0
https://www.bangor.ac.uk/studentservices/studenthousing/index.php.en,0
https://www.bangor.ac.uk/studentservices/faith/index.php.en,0
https://www.bangor.ac.uk/studentservices/mature-students/index.php.en,0
https://www.bangor.ac.uk/studentservices/childcare.php.en,0
https://www.bangor.ac.uk/studentservices/onlinementalhealthresources.php.en,0
https://www.bangor.ac.uk/studentservices/mentalhealth/index.php.en,0
https://www.bangor.ac.uk/studentservices/wrexham-students.php.en,0
https://www.bangor.ac.uk/student-services/student-advice-team,0
https://www.bangor.ac.uk/student-services/thinking-of-leaving,0
https://www.bangor.ac.uk/studentservices/publications.php.en,0
https://www.bangor.ac.uk/cy/gwasanaethau-myfyrwyr,0
https://www.bangor.ac.uk/studentservices/care.php.en,0
https://www.bangor.ac.uk/student-services/student-experience,0
https://www.bangor.ac.uk/studentservices/contact.php.en,0
https://www.bangor.ac.uk/studentservices/about.php.en,0
https://www.bangor.ac.uk/access-centre/index.php.en,0
https://www.bangor.ac.uk/studentservices/students-living-home.php.en,0
https://www.bangor.ac.uk/inclusive-community/index.php.en,0
https://www.bangor.ac.uk/studentservices/info_staff.php.en,0
https://www.bangor.ac.uk/studentservices/disability/index.php.en,0
https://www.bangor.ac.uk/inclusive-community/harassment/index.php.en,0
https://www.bangor.ac.uk/studentservices/documents/Mental-health-strat-en.pdf,0
https://www.bangor.ac.uk/studentservices/peer-guides/index.php.en,0
https://www.bangor.ac.uk/collaborationhub/about-us.php.cy,0
https://www.bangor.ac.uk/sustainability/index.php.cy,0
https://www.bangor.ac.uk/accommodation/guarantee-accommodation.php.cy,0
https://www.bangor.ac.uk/cyrsiau/israddedig/,0
https://www.bangor.ac.uk/cy/amdanom/hanes-y-brifysgol,0
https://www.bangor.ac.uk/studentlife/clubs_societies.php.cy,0
https://www.bangor.ac.uk/about/academic-schools.php.cy,0
https://www.bangor.ac.uk/studentlife/bangor_intro.php.cy,0
https://www.bangor.ac.uk/accommodation/index.php.cy,0
https://www.bangor.ac.uk/quality/documents/QER-Action-Plan-CY.pdf,0
https://www.bangor.ac.uk/environment/index.php.cy,0
https://www.bangor.ac.uk/brailsford/index.php.cy,0
https://www.bangor.ac.uk/studentservices/index.php.cy,0
https://www.bangor.ac.uk/cy/student-life/bangor_intro,0
https://www.bangor.ac.uk/student-life/accommodation,0
https://www.bangor.ac.uk/student-life/profiles/nenie-anetekhai/en,0
https://www.bangor.ac.uk/student-life/bangor_intro,0
https://www.bangor.ac.uk/environment/recycling.php.en,0
https://www.bangor.ac.uk/environment/ems_documents.php.en,0
https://www.bangor.ac.uk/environment/energy.php.en,0
https://www.bangor.ac.uk/environment/carbon.php.en,0
https://www.bangor.ac.uk/environment/reuse.php.en,0
https://www.bangor.ac.uk/environment/nonrecyclable.php.en,0
https://www.bangor.ac.uk/environment/faq.php.en,0
https://www.bangor.ac.uk/environment/environmentteam.php.en,0
https://www.bangor.ac.uk/environment/infoab.php.en,0
https://www.bangor.ac.uk/environment/sustainability_in_construction.php.en,0
https://www.bangor.ac.uk/environment/documents/Environmental%20Incident%20Form.docx,0
https://www.bangor.ac.uk/environment/waste.php.en,0
https://www.bangor.ac.uk/25-by-25,0
https://www.bangor.ac.uk/25-by-25-get-involved,0
https://www.bangor.ac.uk/environment/ems.php.en,0
https://www.bangor.ac.uk/environment/wastecampaigns.php.en,0
https://www.bangor.ac.uk/environment/water.php.en,0
https://www.bangor.ac.uk/sustainability/engagement.php.en,0
https://www.bangor.ac.uk/environment/travel_and_transport.php.en,0
https://www.bangor.ac.uk/environment/biodiversity.php.en,0
https://www.bangor.ac.uk/cy/newyddion/2026-03-09-cwrs-cymunedol-cymraeg-yn-archwilio-hanes-a-rol-protest-yng-nghymru,0
https://www.bangor.ac.uk/cy/newyddion/2026-03-10-ymchwil-yn-tynnu-sylw-at-risgiau-iechyd-brys-o-gam-drin-unigrwydd-a,0
https://www.bangor.ac.uk/cy/newyddion/2026-03-09-astudiaeth-newydd-yn-cysylltu-cyfraddau-marwolaethau-uwch-o-ganlyniad-i,0
https://www.bangor.ac.uk/news/latest?page=7,0
https://www.bangor.ac.uk/news/2025-11-11-students-collaborate-with-top-tv-companies-to-develop-screenwriting-skills,0
https://www.bangor.ac.uk/news/2025-11-03-joint-proposal-to-establish-new-dental-school-in-wales,0
https://www.bangor.ac.uk/news/2025-10-31-when-the-dam-broke-the-1925-disaster-that-reshaped-a-welsh-community-and-a-countrys,0
https://www.bangor.ac.uk/news/latest?page=8,0
https://www.bangor.ac.uk/news/2025-10-21-zoology-with-animal-management-students-begin-chester-zoo-experience,0
https://www.bangor.ac.uk/news/2025-10-29-supporting-unpaid-carers-research-making-a-global-impact,0
https://www.bangor.ac.uk/news/2025-11-12-stress-and-anxiety-before-a-marathon-can-leave-runners-at-risk-of-getting-sick-new,0
https://www.bangor.ac.uk/cy/newyddion?page=6,0
https://www.bangor.ac.uk/news/2025-11-03-first-cohort-of-international-globe-masters-students,0
https://www.bangor.ac.uk/news/latest?page=9,0
https://www.bangor.ac.uk/news/2025-10-22-welsh-museums-festival-offers-a-golden-opportunity-to-see-rare-specimen-0,0
https://www.bangor.ac.uk/news/2025-10-22-hundreds-celebrate-1500-years-of-heritage-at-the-bangor-history-festival,0
https://www.bangor.ac.uk/news/2025-11-06-bangor-university-marks-one-year-of-ecosia-switch-with-over-18000-trees-planted,0
https://www.bangor.ac.uk/news/2025-11-07-bafta-winner-joanna-scanlan-returns-home-for-special-screening-of-joy-honouring,0
https://www.bangor.ac.uk/news/2025-11-12-bangor-university-researchers-listed-among-worldwide-top-1,0
https://www.bangor.ac.uk/news/2020-03-24-update-from-eat-drink-bangor-24032020,0
https://www.bangor.ac.uk/news/latest?page=104,0
https://www.bangor.ac.uk/news/2020-03-24-why-do-snakes-produce-venom-not-for-self-defence-study-shows,0
https://www.bangor.ac.uk/news/2023-03-03-0,0
https://www.bangor.ac.uk/news/2020-03-24-quality-improvement-paper-included-in-list-of-top-papers-for-2019,0
https://www.bangor.ac.uk/news/coronavirus-covid-19-,0
https://www.bangor.ac.uk/news/2020-03-26-coronavirus-experts-in-evolution-explain-why-social-distancing-feels-so-unnatural,0
https://www.bangor.ac.uk/news/2020-03-31-virtual-fieldtrip-for-bangor-wetland-students,0
https://www.bangor.ac.uk/news/2020-03-27-ffriddoedd-shop-and-barlows-opening-hours,0
https://www.bangor.ac.uk/news/latest?page=103,0
https://www.bangor.ac.uk/news/latest?page=101,0
https://www.bangor.ac.uk/news/2020-03-24-entrepreneurial-students-put-bangor-university-in-a-top-spot,0
https://www.bangor.ac.uk/news/latest?page=100,0
https://www.bangor.ac.uk/cy/newyddion?page=105,0
https://www.bangor.ac.uk/news/2020-04-01-people-power-for-ppe,0
https://www.bangor.ac.uk/news/2020-03-18-former-phds-talk-about-careers-outside-academia,0
https://www.bangor.ac.uk/news/latest?page=102,0
https://www.bangor.ac.uk/news/latest?page=99,0
https://www.bangor.ac.uk/news/2020-03-25-snake-venom-evolved-for-prey-not-protection,0
https://www.bangor.ac.uk/cy/newyddion/2026-03-10-kids-can-take-tablets-so-why-are-we-still-giving-liquid-medicines,0
https://www.bangor.ac.uk/cy/newyddion?page=0,0
https://www.bangor.ac.uk/news/2026-01-19-how-the-arts-power-a-healthier-wales-ps588-million-annual-impact-on-health-and,0
https://www.bangor.ac.uk/news/2026-01-16-mandatory-digital-id-cards-abandoned-where-did-the-government-go-wrong,0
https://www.bangor.ac.uk/news/2026-01-05-why-returning-to-sport-after-childbirth-is-tougher-than-it-looks-for-triathlete-0,0
https://www.bangor.ac.uk/news/2026-01-19-national-recognition-for-north-wales-medical-school-outreach-work,0
https://www.bangor.ac.uk/news/2026-01-06-bangor-university-professor-awarded-mbe-surprise-message-from-strictly-winner,0
https://www.bangor.ac.uk/news/2026-01-12-researchers-play-key-role-in-tree-species-project-to-help-make-forests-resilient-to,0
https://www.bangor.ac.uk/news/2026-01-13-research-uncovers-how-wales-sustains-little-known-commercial-moss-picking-industry,0
https://www.bangor.ac.uk/news/2026-01-21-celebration-at-bangor-university-to-mark-200th-anniversary-of-menai-suspension,0
https://www.bangor.ac.uk/news/2025-12-18-ps14m-investment-secured-to-futureproof-brambell-building,0
https://www.bangor.ac.uk/news/2026-01-12-a-student-studies-for-doctorate-in-welsh-after-learning-the-language-for-two-years,0
https://www.bangor.ac.uk/cy/newyddion?page=3,0
https://www.bangor.ac.uk/news/2026-01-20-the-albert-gubay-business-school-partners-with-snowdon-timber-on-knowledge-transfer,0
https://www.bangor.ac.uk/news/2026-01-08-north-wales-contractor-appointed-for-m-sparcs-second-building,0
https://www.bangor.ac.uk/news/2026-02-25-smartphone-photos-may-be-misleading-doctors-and-putting-patients-at-risk-new,0
https://www.bangor.ac.uk/news/2026-02-24-a-special-concert-to-honour-the-memory-of-legendary-singer-songwriter-david-cousins,0
https://www.bangor.ac.uk/cy/newyddion?page=1,0
https://www.bangor.ac.uk/news/2026-02-19-anglesey-entrepreneur-accelerates-global-growth-with-bangor-university-support,0
https://www.bangor.ac.uk/news/2026-02-13-using-books-as-discussion-prompts-can-help-children-with-language-delay,0
https://www.bangor.ac.uk/news/2026-02-09-new-study-warns-of-risks-in-ai-chatbots-giving-medical-advice,0
https://www.bangor.ac.uk/news/2026-02-17-bangor-university-maintains-top-spot-in-alternative-university-league-table,0
https://www.bangor.ac.uk/news/2026-02-10-bangor-university-researcher-announced-as-finalist-in-blavatnik-awards-for-young,0
https://www.bangor.ac.uk/news/2026-02-23-cabinet-secretary-visits-university-to-discuss-regional-opportunities,0
https://www.bangor.ac.uk/news/2026-02-18-nature-supports-a-good-life-in-more-ways-than-one,0
https://www.bangor.ac.uk/news/2026-02-20-can-a-rhythm-be-owned-what-a-reggaeton-lawsuit-reveals-about-how-copyright,0
https://www.bangor.ac.uk/news/2026-02-10-research-finds-complications-of-medical-tourism-may-cost-nhs-up-to-ps20000-per,0
https://www.bangor.ac.uk/news/2026-02-17-the-outrage-over-the-enhanced-games-ignores-the-risks-many-already-accept-in-sport,0
https://www.bangor.ac.uk/news/2025-11-21-clinical-research-in-north-wales-celebrated-at-regional-symposium,0
https://www.bangor.ac.uk/news/2025-11-21-outstanding-bangor-university-student-advisor-wins-staff-member-of-the-year,0
https://www.bangor.ac.uk/news/2025-11-14-bangor-university-welcomes-announcement-of-an-ai-growth-zone-for-north-wales,0
https://www.bangor.ac.uk/news/2025-11-21-bangor-universitys-trip-project-recognised-as-finalist-in-british-potato-industry,0
https://www.bangor.ac.uk/news/2025-11-24-study-reveals-stark-impact-of-deindustrialisation-on-mental-health-in-wales,0
https://www.bangor.ac.uk/news/2025-11-24-choking-during-sex-is-common-among-young-adults-but-the-risks-are-poorly-understood,0
https://www.bangor.ac.uk/news/2025-11-25-new-research-reveals-severe-impact-of-avian-flu-on-southern-elephant-seals,0
https://www.bangor.ac.uk/news/2025-11-20-broad-support-for-lethal-control-of-wild-deer-among-nature-organisation-subscribers,0
https://www.bangor.ac.uk/cy/newyddion?page=5,0
https://www.bangor.ac.uk/news/2025-11-21-rising-academic-star-wins-award-for-phd-research-on-experience-of-deaf-athletes,0
https://www.bangor.ac.uk/news/2025-11-13-wylfa-chosen-for-first-rolls-royce-smr-deployment-a-milestone-for-north-wales-and,0
https://www.bangor.ac.uk/news/2025-11-19-why-its-vital-to-monitor-wastewater-for-the-safety-of-public-health,0
https://www.bangor.ac.uk/news/2025-11-17-professor-laurence-williams-awarded-singapore-public-service-medal,0
https://www.bangor.ac.uk/cy/newyddion/2026-03-05-rhwydwaith-ymchwil-cardiofasgwlaidd-cenedlaethol-yn-cael-grant-trawsnewidiol-i,0
https://www.bangor.ac.uk/news/2026-02-06-why-raising-nhs-spending-on-new-drugs-by-25-is-the-wrong-decision-health-economists,0
https://www.bangor.ac.uk/news/2026-02-04-welsh-smes-invited-to-shape-the-future-of-generative-ai-adoption,0
https://www.bangor.ac.uk/news/2026-01-27-launch-of-bangor-university-pharmacy-course-a-big-shot-in-the-arm-for-local,0
https://www.bangor.ac.uk/news/2026-02-04-peter-mandelson-steps-down-from-the-house-of-lords-but-he-still-has-his-title,0
https://www.bangor.ac.uk/news/2026-01-30-new-limits-on-global-trade-of-sharks-wont-be-enough-to-save-them-from-overfishing,0
https://www.bangor.ac.uk/news/2026-02-05-uknnl-and-bangor-university-partnership-to-power-north-wales-nuclear-expertise-and,0
https://www.bangor.ac.uk/news/2026-02-05-the-albert-gubay-business-school-research-leader-appointed-to-uk-governments,0
https://www.bangor.ac.uk/news/2026-02-04-north-wales-tertiary-alliance-secures-ps803k-to-strengthen-learner-pathways-and,0
https://www.bangor.ac.uk/cy/newyddion?page=2,0
https://www.bangor.ac.uk/news/2026-01-26-one-country-is-trying-to-outlaw-political-lying-without-curbing-free-speech,0
https://www.bangor.ac.uk/news/2026-01-30-new-report-shines-a-light-on-how-teenagers-are-using-ai-companions,0
https://www.bangor.ac.uk/news/2026-01-30-changing-land-use-can-increase-threat-of-animal-to-human-disease-spread,0
https://www.bangor.ac.uk/news/2025-12-11-bangor-university-retains-first-class-award-for-seventh-year-running,0
https://www.bangor.ac.uk/news/2025-12-04-bangor-university-legal-advice-clinic-wins-top-pro-bono-award-for-wales,0
https://www.bangor.ac.uk/news/2025-11-27-bangor-heritage-college-launches-to-inspire-local-young-people,0
https://www.bangor.ac.uk/news/2025-12-10-new-research-suggests-warming-winters-could-cause-dna-damage-in-lizards,0
https://www.bangor.ac.uk/news/2025-12-02-making-the-unbearable-bearable-reflections-on-the-film-joy-2024,0
https://www.bangor.ac.uk/news/2025-12-01-a-decade-on-wales-opt-out-organ-donation-law-shows-little-impact-researchers-say,0
https://www.bangor.ac.uk/cy/newyddion?page=4,0
https://www.bangor.ac.uk/news/2025-12-08-bangor-university-honours-contributions-to-sustainability-health-marine-science-and,0
https://www.bangor.ac.uk/news/2025-12-09-eyes-wide-shut-is-the-ultimate-christmas-film,0
https://www.bangor.ac.uk/news/2025-11-27-international-collaboration-launched-to-protect-indonesias-endangered-sharks-and,0
https://www.bangor.ac.uk/news/2025-12-01-partnership-strengthens-as-more-bangor-students-train-with-mudiad-meithrin,0
https://www.bangor.ac.uk/news/2025-12-17-bangor-university-scientist-helps-uncover-why-europe-may-face-up-to-eight-months-of,0
https://www.bangor.ac.uk/news/2025-12-12-new-book-explores-how-mindfulness-can-help-people-live-and-work-with-greater,0
https://www.bangor.ac.uk/cy/newyddion/2026-03-03-yr-ysgol-gwyddorau-iechyd-yn-sicrhau-cymeradwyaeth-i-gyflwyno-cymhwyster,0
https://www.bangor.ac.uk/cy/newyddion/2026-03-09-anrhydedd-mawreddog-i-gyfarwyddwr-ymchwil-prifysgol-bangor,0
https://www.bangor.ac.uk/cy/newyddion/2026-03-06-prifysgol-bangor-yn-cynnal-panel-diwrnod-rhyngwladol-y-menywod-ar-wydnwch-a,0
https://www.bangor.ac.uk/events/international-womens-day-2026,0
https://www.bangor.ac.uk/cy/events,0
https://www.bangor.ac.uk/cy/ymweld,0
https://www.bangor.ac.uk/cy/astudio,0
https://www.bangor.ac.uk/courses?level_of_study=All,0
https://www.bangor.ac.uk/going-to-university,0
https://geiriadur.bangor.ac.uk/?locale=en,0
https://www.bangor.ac.uk/canolfan-bedwyr/language-technologies-unit,0
https://www.bangor.ac.uk/canolfan-bedwyr/staff,0
https://www.bangor.ac.uk/canolfan-bedwyr/language-support-for-students,0
https://www.bangor.ac.uk/canolfan-bedwyr/policy,0
https://www.bangor.ac.uk/canolfan-bedwyr/about,0
https://www.bangor.ac.uk/canolfan-bedwyr/professional-development-courses,0
https://www.bangor.ac.uk/canolfan-bedwyr/news/dewi-bryn-jones-awarded-the-2025-eisteddfod-science-and-technology-medal,0
https://www.bangor.ac.uk/canolfan-bedwyr/arfer,0
https://www.bangor.ac.uk/canolfan-bedwyr/welsh-courses-for-staff,0
https://www.bangor.ac.uk/canolfan-bedwyr/cymraegclir,0
https://www.bangor.ac.uk/canolfan-bedwyr/news/arfer-app-revolutionising-the-use-of-welsh-in-the-workplace,0
https://www.bangor.ac.uk/canolfan-bedwyr/translation,0
https://www.bangor.ac.uk/canolfan-bedwyr/cysgliad-video-tutorials,0
https://www.bangor.ac.uk/cy/canolfan-bedwyr,0
https://www.bangor.ac.uk/canolfan-bedwyr/language-skills,0
https://www.bangor.ac.uk/canolfan-bedwyr/news/reaching-across-the-isles-uk-llm-brings-ai-to-uk-languages-with-nvidia,0
https://www.bangor.ac.uk/cy/canolfan-bedwyr/canllaw-cyflym,0
https://www.bangor.ac.uk/cymorthcymraeg/ysgrifennu.php.en,0
https://www.bangor.ac.uk/regulations/regulations/documents/BUReg01-v201701b.pdf,0
https://www.bangor.ac.uk/cymorthcymraeg/siarad.php.en,0
https://www.bangor.ac.uk/sites/default/files/2024-08/hysbysiad_cydymffurfio.pdf,0
https://www.bangor.ac.uk/sites/default/files/2024-01/acc-Polisi_Iaith_Gymraeg_10_2023.pdf,0
https://www.bangor.ac.uk/doctoral-academy/events/supervising-postgraduate-researchers-session-for-pgr-supervisors,0
https://www.bangor.ac.uk/doctoral-academy/events/introduction-to-r-two-half-day-webinars,0
https://my.bangor.ac.uk/doctoral-school/workshops/programme/,0
https://www.bangor.ac.uk/cy/yydd/gweithdai,0
https://blackboard.bangor.ac.uk/ultra/courses/_133120_1/outline,0
https://www.bangor.ac.uk/doctoral-academy/events/induction-event-for-new-postgraduate-researchers-online-0,0
https://www.bangor.ac.uk/doctoral-academy/events/organise-cite-succeed-reference-management-using-refworks-in-person-session,0
https://www.bangor.ac.uk/ds/news?page=7,0
https://www.bangor.ac.uk/doctoral-academy/news/bfwg-british-federation-of-women-graduates-north-west-travel-bursary,0
https://www.bangor.ac.uk/ds/news?page=17,0
https://www.bangor.ac.uk/ds/news/international-science-partnerships-fund-ispf-institutional-support-grant,0
https://www.bangor.ac.uk/doctoral-academy/news/creative-writing-and-ecologies-of-place-in-collective-practice-fully-funded,0
https://www.bangor.ac.uk/ds/news?page=8,0
https://www.bangor.ac.uk/ds/news?page=5,0
https://www.bangor.ac.uk/ds/news?page=3,0
https://www.bangor.ac.uk/cy/yydd/newyddion,0
https://www.bangor.ac.uk/ds/news?page=0,0
https://www.bangor.ac.uk/doctoral-academy/news/turing-internship-network-new-paid-phd-internship-opportunities,0
https://www.bangor.ac.uk/ds/news?page=1,0
https://www.bangor.ac.uk/ds/news?page=6,0
https://www.bangor.ac.uk/doctoral-academy/news/open-innovation-team-phd-placement-scheme-2026-27,0
https://www.bangor.ac.uk/doctoral-academy/news/bangor-university-1884-journal-cahss-conference-special-edition,0
https://www.bangor.ac.uk/doctoral-academy/news/cose-pgr-conference-skills-training-event,0
https://www.bangor.ac.uk/ds/news?page=4,0
https://www.bangor.ac.uk/ds/news?page=2,0
https://www.bangor.ac.uk/doctoral-academy/news/future-ai-conference-2026,0
https://www.bangor.ac.uk/international/future/deans-scholarship,0
https://www.bangor.ac.uk/international/future/commonwealth.php,0
https://www.bangor.ac.uk/international/commonwealthshared/scholarship,0
https://www.bangor.ac.uk/international/support/cost_living,0
https://www.bangor.ac.uk/international/csc_scholarships,0
https://www.bangor.ac.uk/international/canadian-centennial,0
https://www.bangor.ac.uk/international/future/alumni_scholarship.php,0
https://www.bangor.ac.uk/international/future/heads-of-school-research-scholarship,0
https://www.bangor.ac.uk/international/future/fins,0
https://www.bangor.ac.uk/international/refugee-scholarship,0
https://www.bangor.ac.uk/international/future/chevening_scholarship.php,0
https://www.bangor.ac.uk/sns/commonwealth-scholarship-commission,0
https://www.bangor.ac.uk/international/future/vice-chancellor-research-scholarship,0
https://www.bangor.ac.uk/international/future/deans-research-scholarship,0
https://www.bangor.ac.uk/international/future/international-scholarship,0
https://www.bangor.ac.uk/international/future/vice-chancellor-scholarship,0
https://www.bangor.ac.uk/cy/system/404,0
https://www.bangor.ac.uk/cy/gostyngiadalumni,0
https://apps.bangor.ac.uk/apply/staff/apply/,0
https://www.bangor.ac.uk/regulations/codes/documents/BU_AppealsandComplaintsProcedureforApplicantsv201701.pdf,0
https://www.bangor.ac.uk/planning/dataprotection/documents/Student%20Data%20Protection%20Statement%20final%20July%202018.pdf,0
https://apps.bangor.ac.uk/apply/landing/,0
https://apps.bangor.ac.uk/apply/agent/,0
https://www.bangor.ac.uk/finance/pl/slavery-statement.pdf,0
https://support.bangor.ac.uk/,0
https://www.bangor.ac.uk/about/academic-schools,0
https://apps.bangor.ac.uk/apply/account/login/,0
https://www.bangor.ac.uk/cy/yydd/partneriaethau-hyfforddiant-doethurol,0
https://www.bangor.ac.uk/cy/yydd/cysylltu,0
https://www.bangor.ac.uk/cy/yydd/darpar-ymgeiswyr-ymchwil,0
https://www.bangor.ac.uk/cy/yydd/deon,0
https://www.bangor.ac.uk/cy/cadwraeth-ac-adfer-ecosystemau-gadarn,0
https://www.bangor.ac.uk/studentservices/moneyadvice/index.php.cy,0
https://www.bangor.ac.uk/cy/yydd/staff-goruchwylwyr,0
https://www.bangor.ac.uk/cy/studentfinance/info/sportsscholarships,0
https://www.bangor.ac.uk/cy/yydd/ymchwilwyr-olraddedig-presennol,0
https://www.bangor.ac.uk/cy/cyllidmyfyrwyr/ol-radd/ysgoloriaethau/pantyfedwen,0
https://www.bangor.ac.uk/studentservices/,0
https://www.bangor.ac.uk/sites/default/files/2025-12/scholarship-application-guidelines-2025-26.pdf,0
https://www.bangor.ac.uk/cy/ysgoloriaethau-chwaraeon,0
https://www.bangor.ac.uk/staff/shs/sion-williams-009344/en,0
https://www.bangor.ac.uk/staff/shs/nathan-bray-063939/en,0
https://www.bangor.ac.uk/staff/sacl/thora-tenbrink-088973/en,0
https://www.bangor.ac.uk/staff/sacl/eirini-sanoudaki-000113/en,0
https://www.bangor.ac.uk/staff/ocean-sciences/james-waggitt-107382/en,0
https://www.bangor.ac.uk/staff/sacl/sue-niebrzydowski-008060/en,0
https://www.bangor.ac.uk/staff/sens/aaron-comeault-485161/en,0
https://www.bangor.ac.uk/staff/scse/william-teahan-007529/en,0
https://www.bangor.ac.uk/staff/shlss/marie-parker-jones-064929/en,0
https://www.bangor.ac.uk/staff/spss/vicky-gottwald-016917/en,0
https://www.bangor.ac.uk/staff/ysgol-y-gymraeg/jerry-hunter-009101/en,0
https://www.bangor.ac.uk/about/senior-management/paul-spencer,0
https://www.bangor.ac.uk/cse/cose-pgr-hub,0
https://www.bangor.ac.uk/staff/se/emily-roberts-tyler-048434/en,0
https://www.bangor.ac.uk/staff/nwms/christopher-staples-111587/en,0
https://www.bangor.ac.uk/staff/bbs/charlotte-rimmer-050132/en,0
https://www.bangor.ac.uk/doctoral-school/training.php.en,0
https://www.bangor.ac.uk/staff/sens/alexander-georgiev-125564/en,0
https://www.bangor.ac.uk/ds/prospective-research-candidates/our-researchers,0
https://my.bangor.ac.uk/celt/pgcert.php.en,0
https://www.bangor.ac.uk/ds/student accommodation,0
https://www.bangor.ac.uk/studentservices/disability/documents/InformationforProspectiveStudentsThreeFoldwithStraplineoneachpageENGLISH.pdf,0
https://www.bangor.ac.uk/staff/sens/graeme-shannon-113103/en,0
https://www.bangor.ac.uk/staff/sens/david-fidler-128537/en,0
https://www.bangor.ac.uk/staff/sens/john-healey-007483/en,0
https://www.bangor.ac.uk/staff/sos/james-waggitt-107382/en,0
https://www.bangor.ac.uk/staff/sens/peter-haswell-097853/en,0
https://www.bangor.ac.uk/courses?term=&level_of_study=ug_course&ug_subject_area%5B0%5D=406&ug_subject_area%5B1%5D=421&ug_subject_area%5B2%5D=426&ug_subject_area%5B3%5D=451&ug_subject_area%5B4%5D=441&ug_subject_area%5B5%5D=461,0
https://www.bangor.ac.uk/staff/sos/stuart-jenkins-008971/en,0
https://www.bangor.ac.uk/research/themes/environmental-science-and-engineering/agroecological,0
https://www.bangor.ac.uk/staff/natural-sciences/craig-shuttleworth-082156/en,0
https://www.bangor.ac.uk/staff/sens/robbie-blackhall-miles-692979,0
https://www.bangor.ac.uk/staff/sos/vahid-seydi-533484/en,0
https://www.bangor.ac.uk/staff/sos/daniel-stuart-088230/en,0
https://www.bangor.ac.uk/research-students/sens/ffion-evans-178885/en,0
https://www.bangor.ac.uk/staff/sos/ian-mccarthy-008788/en,0
https://www.bangor.ac.uk/staff/sens/benjamin-jarrett-602764/en,0
https://www.bangor.ac.uk/staff/sens/sopan-patil-096948/en,0
https://www.bangor.ac.uk/staff/biocomposites/morwenna-spear-009700/en,0
https://www.bangor.ac.uk/research-students/ocean-sciences/claire-carrington-129189/en,0
https://www.bangor.ac.uk/staff/ocean-sciences/craig-robertson-016770/en,0
https://www.bangor.ac.uk/staff/se/laura-grange-479754/en,0
https://www.bangor.ac.uk/staff/sos/shelagh-malham-008935/en,0
https://www.bangor.ac.uk/staff/sos/winnie-courtene-jones-014870/en,0
https://www.bangor.ac.uk/staff/sens/leejiah-dorward-476984/en,0
https://www.bangor.ac.uk/research-students/sos/lauren-evans-644067/en,0
https://www.bangor.ac.uk/staff/sos/peter-robins-011021/en,0
https://www.bangor.ac.uk/staff/sos/james-stuart-smith-623625/en,0
https://www.bangor.ac.uk/staff/sos/tim-whitton-035436/en,0
https://www.bangor.ac.uk/staff/sos/thomas-galley-017073/en,0
https://www.bangor.ac.uk/staff/natural-sciences/neal-hockley-011884/en,0
https://www.bangor.ac.uk/staff/sens/morag-mcdonald-007087/en,0
https://www.bangor.ac.uk/staff/natural-sciences/eleanor-warren-thomas-193898/en,0
https://www.bangor.ac.uk/research-students/sos/deanna-groom-526553/en,0
https://www.bangor.ac.uk/staff/ocean-sciences/katrien-van-landeghem-015216/en,0
https://www.bangor.ac.uk/staff/sens/alexander-papadopulos-128237/en,0
https://www.bangor.ac.uk/staff/sens/william-schneider-541586/en,0
https://www.bangor.ac.uk/staff/sens/harriet-ibbett-331437/en,0
https://www.bangor.ac.uk/research-students/sens/siyang-ren-570721/en,0
https://www.bangor.ac.uk/staff/sos/emily-phillips-368672/en,0
https://www.bangor.ac.uk/staff/sens/kirsty-macleod-571963/en,0
https://www.bangor.ac.uk/staff/sens/andy-smith-017079/en,0
https://www.bangor.ac.uk/staff/sos/charlotte-colvin-088580/en,0
https://www.bangor.ac.uk/research-students/sos/amelia-corvin-czarnodolski-653391/en,0
https://www.bangor.ac.uk/staff/natural-sciences/sophie-williams-012789/en,0
http://perfectinvader.bangor.ac.uk/index.php.en,0
https://www.bangor.ac.uk/staff/natural-sciences/freya-st-john-015664/en,0
https://www.bangor.ac.uk/research/themes/environmental-science-and-engineering/mobile-bottom-fishing,0
https://www.bangor.ac.uk/research-students/sens/joe-roy-686315/en,0
https://www.bangor.ac.uk/staff/sens/neal-hockley-011884/en,0
https://www.bangor.ac.uk/marine-top-predator-ecology,0
https://www.bangor.ac.uk/staff/sens/robert-griffiths-620381/,0
https://www.bangor.ac.uk/staff/natural-sciences/john-healey-007483/en,0
https://www.bangor.ac.uk/staff/sens/timothy-peters-072185/en,0
https://www.bangor.ac.uk/staff/sos/sophie-berenice-wilmes-014038/en,0
https://www.bangor.ac.uk/staff/sens/farnon-ellwood-573335/en,0
https://www.bangor.ac.uk/research-students/sos/hana-amir-128400/en,0
https://www.bangor.ac.uk/research-students/sos/jonathan-heath-161834/en,0
https://www.bangor.ac.uk/staff/sens/robbie-blackhall-miles-692979/en,0
https://www.bangor.ac.uk/research-students/sens/ivonne-salamanca-593398/en,0
https://www.bangor.ac.uk/staff/sos/daisuke-goto-672837/en,0
https://www.bangor.ac.uk/staff/natural-sciences/ewa-krzyszczyk-019848/en,0
https://www.bangor.ac.uk/conservation-and-restoration-of-resilient-ecosystems/news/before-the-ipbes-plenary-stakeholder-day,0
https://www.bangor.ac.uk/staff/sens/sophie-wynne-jones-109476/en,0
https://www.bangor.ac.uk/staff/sos/gemma-veneruso-104352/en,0
https://www.bangor.ac.uk/research-students/sos/sarah-aljutaili-660579/en,0
https://www.bangor.ac.uk/research-students/sens/rebecca-bracegirdle-480987/en,0
https://www.bangor.ac.uk/staff/sens/tyler-hallman-659106/en,0
https://www.bangor.ac.uk/research-students/sos/claire-carrington-129189/en,0
https://www.bangor.ac.uk/research-students/sens/rose-pugh-517294/en,0
https://www.bangor.ac.uk/research-students/sens/charlie-gregory-134331/en,0
https://www.bangor.ac.uk/staff/sens/tim-pagella-000553/en,0
https://www.bangor.ac.uk/staff/sens/daniela-de-angeli-dutra-717125/en,0
https://www.bangor.ac.uk/staff/natural-sciences/julia-patricia-gordon-jones-010356/en,0
https://www.bangor.ac.uk/sns/conservation-agreements-in-the-comoros,0
https://www.bangor.ac.uk/staff/sens/jessica-kevill-534368/en,0
https://www.bangor.ac.uk/research-students/sens/matthew-scowen-015796/en,0
https://www.bangor.ac.uk/staff/sos/laura-richardson-061068/en,0
https://www.bangor.ac.uk/staff/sos/bex-turner-101588/en,0
https://www.bangor.ac.uk/staff/natural-sciences/farnon-ellwood-573335/en,0
https://www.bangor.ac.uk/research-students/sens/jack-atkin-willoughby-525454/en,0
https://www.bangor.ac.uk/research-students/sos/lisa-goberdhan-556193/en,0
https://www.bangor.ac.uk/sns,0
https://www.bangor.ac.uk/staff/sens/simon-valle-452728/en,0
https://www.bangor.ac.uk/staff/sos/sophie-ward-058396/en,0
https://www.bangor.ac.uk/meeb,0
https://www.bangor.ac.uk/staff/sens/svenja-tidau-497222/en,0
https://www.bangor.ac.uk/staff/sens/james-gibbons-010846/en,0
https://www.bangor.ac.uk/research-students/sens/john-benjamin-owens-087101/en,0
https://www.bangor.ac.uk/research-students/sens/patrick-allsop-121179/en,0
https://www.bangor.ac.uk/staff/sos/alec-moore-085457/en,0
http://forest4climateandpeople.bangor.ac.uk/,0
https://www.bangor.ac.uk/research-students/sos/saniye-smith-516531/en,0
https://www.bangor.ac.uk/staff/sens/rosemary-moorhouse-gann-600139/en,0
https://www.bangor.ac.uk/staff/sos/jan-geert-hiddink-009786/en,0
https://www.bangor.ac.uk/staff/sens/benjamin-spielman-651623/en,0
https://www.bangor.ac.uk/courses?term=&level_of_study=pgr_course&pgr_subject_area%5B0%5D=1296&pgr_subject_area%5B1%5D=1316&pgr_subject_area%5B2%5D=1336,0
https://www.bangor.ac.uk/research-students/sos/lorna-mckellar-552250/en,0
https://www.bangor.ac.uk/staff/sens/mark-mainwaring-023874/en,0
https://www.bangor.ac.uk/courses?term=&level_of_study=pgt_course&pgt_subject_area%5B0%5D=1111&pgt_subject_area%5B1%5D=1091&pgt_subject_area%5B2%5D=1116&pgt_subject_area%5B3%5D=1126,0
https://www.bangor.ac.uk/staff/sens/lars-markesteijn-122281/en,0
https://www.bangor.ac.uk/oceansciences/about/facilities/madog/index.php.en,0
https://www.bangor.ac.uk/staff/sens/nathalie-fenner-015344/en,0
https://www.bangor.ac.uk/staff/scse/panagiotis-ritsos-077960/en,0
https://www.bangor.ac.uk/staff/sos/charlotte-heney-104357/en,0
https://www.bangor.ac.uk/staff/natural-sciences/marielle-smith-593809/en,0
https://www.bangor.ac.uk/research-students/sos/marie-touchon-602902/en,0
https://www.bangor.ac.uk/staff/sens/simon-creer-008526/en,0
https://www.bangor.ac.uk/staff/sens/julia-patricia-gordon-jones-010356/en,0
https://www.bangor.ac.uk/staff/sos/liz-morris-webb-021688/en,0
https://www.bangor.ac.uk/staff/sens/rhea-burton-roberts-069025/en,0
https://www.bangor.ac.uk/research-students/ocean-sciences/deanna-groom-526553/en,0
https://www.bangor.ac.uk/staff/sos/craig-robertson-016770/en,0
https://www.bangor.ac.uk/conservation-and-restoration-of-resilient-ecosystems/news,0
https://www.bangor.ac.uk/research-students/sens/beccy-ives-715576/en,0
https://www.bangor.ac.uk/research-students/sens/penny-downes-590425/en,0
https://www.bangor.ac.uk/research-students/sens/nisabhat-tonwoot-512575/en,0
https://research.bangor.ac.uk/en/persons/tonthoza-uganja/,0
https://www.bangor.ac.uk/staff/ocean-sciences/gareth-williams-041291/en,0
https://www.bangor.ac.uk/research-students/sens/abi-cousins-133851/en,0
https://www.bangor.ac.uk/staff/natural-sciences/alex-sutton-571468/en,0
https://www.bangor.ac.uk/staff/natural-sciences/leejiah-dorward-476984/en,0
https://www.bangor.ac.uk/staff/sens/anita-malhotra-009176/en,0
https://www.bangor.ac.uk/staff/scse/iestyn-pierce-008384/en,0
https://research.bangor.ac.uk/en/persons/becca-funnell/,0
https://www.bangor.ac.uk/conservation-and-restoration-of-resilient-ecosystems/news/new-limits-on-global-trade-of-sharks-wont,0
https://www.bangor.ac.uk/conservation-and-restoration-of-resilient-ecosystems/news/building-a-career-in-conservation,0
https://treborth.bangor.ac.uk/,0
https://www.bangor.ac.uk/staff/sens/anna-wood-583948/en,0
https://www.bangor.ac.uk/staff/natural-sciences/harriet-ibbett-331437/en,0
https://www.bangor.ac.uk/staff/sens/eefke-mollee-085515/en,0
https://www.bangor.ac.uk/conservation-and-restoration-of-resilient-ecosystems/news/building-partnerships-for-shark-and-ray,0
https://www.bangor.ac.uk/oceansciences,0
https://www.bangor.ac.uk/conservation-and-restoration-of-resilient-ecosystems/events,0
https://www.bangor.ac.uk/staff/sens/richard-holland-113845/en,0
https://www.bangor.ac.uk/staff/sos/ronan-roche-076894/en,0
https://www.bangor.ac.uk/staff/sens/andrew-pullin-014400/en,0
https://www.bangor.ac.uk/staff/sens/ewa-krzyszczyk-019848/en,0
https://www.bangor.ac.uk/staff/sos/nicholas-jones-010186/en,0
https://www.bangor.ac.uk/staff/sos/jonathan-king-008147/en,0
https://www.bangor.ac.uk/research-students/sos/ankita-bhattacharya-590600/en,0
https://www.bangor.ac.uk/staff/sens/seumas-bates-537286/en,0
https://www.bangor.ac.uk/research-students/sens/daisy-alston-347260/en,0
https://www.bangor.ac.uk/cy/cyllidmyfyrwyr/cysylltiadau-defnyddiol,0
https://www.bangor.ac.uk/finance/ic/ic003,0
https://www.bangor.ac.uk/studentservices/mature-students/faq-mature-students.php.en,0
https://www.bangor.ac.uk/studentservices/mentalhealth/emergency.php.en,0
https://www.bangor.ac.uk/studentservices/student-health/healthyeating.php.en,0
https://www.bangor.ac.uk/studentservices/disability/personal-care-support.php.en,0
https://www.bangor.ac.uk/studentservices/helplines.php.en,0
https://www.bangor.ac.uk/studentservices/moneyadvice/estranged.php.en,0
https://www.bangor.ac.uk/studentservices/moneyadvice/current-students/index.php.en,0
https://www.bangor.ac.uk/studentservices/student-health/meningitis.php.en,0
https://www.bangor.ac.uk/studentservices/disability/confidentiality.php.en,0
https://www.bangor.ac.uk/international/index.php.en,0
https://www.bangor.ac.uk/studentservices/disability/publications.php.en,0
https://www.bangor.ac.uk/inclusive-community/harassment/sexual-violence.php.en,0
https://www.bangor.ac.uk/studentservices/wellbeing/self-help.php.en,0
https://www.bangor.ac.uk/studentservices/moneyadvice/benefits.php.en,0
https://www.bangor.ac.uk/studentservices/faith/staff-fellowship.php.en,0
https://www.bangor.ac.uk/studentservices/peer-guides/helping.php.en,0
https://www.bangor.ac.uk/studentservices/mentalhealth/support-information.php.en,0
https://www.bangor.ac.uk/studentservices/student-health/unwell.php.en,0
https://www.bangor.ac.uk/studentservices/disability/support_workers.php.en,0
https://www.bangor.ac.uk/studentservices/student-health/measles.php.en,0
https://www.bangor.ac.uk/studentservices/moneyadvice/NHS,0
https://www.bangor.ac.uk/studentservices/moneyadvice/gambling.php.en,0
https://www.bangor.ac.uk/studentservices/student-health/smoking.php.en,0
https://www.bangor.ac.uk/student-services/hardship-fund,0
https://www.bangor.ac.uk/studentservices/disability/info-parents.php.en,0
https://www.bangor.ac.uk/studentservices/disability/forms_guides.php.en,0
https://www.bangor.ac.uk/studentservices/coronavirusmentalhealth.php.en,0
https://www.bangor.ac.uk/studentservices/moneyadvice/dla.php.en,0
https://www.bangor.ac.uk/studentservices/disability/info_staff.php.en,0
https://www.bangor.ac.uk/studentservices/moneyadvice/pgce.php.en,0
https://www.bangor.ac.uk/studentservices/leaving/index.php.en,0
https://www.bangor.ac.uk/studentservices/mentalhealth/strategy.php.en,0
https://www.bangor.ac.uk/studentservices/moneyadvice/crisis-grant.php.en,0
https://www.bangor.ac.uk/studentservices/mentalhealth/help.php.en,0
https://www.bangor.ac.uk/studentservices/faith/bereavement.php.en,0
https://www.bangor.ac.uk/students-with-families,0
https://www.bangor.ac.uk/student-services/student-health,0
https://www.bangor.ac.uk/studentservices/yousaidwedid.php.en,0
https://www.bangor.ac.uk/studentservices/wellbeing/confidentiality.php.en,0
https://www.bangor.ac.uk/studentservices/disability/academic-disability-tutors.php.en,0
https://www.bangor.ac.uk/studentservices/mentalhealth/confidentiality.php.en,0
https://www.bangor.ac.uk/studentservices/peer-guides/be_a_pg.php.en,0
https://www.bangor.ac.uk/studentservices/disability/assessment_centre.php.en,0
https://www.bangor.ac.uk/studentservices/student-health/documents/student-pregnancy-maternity-parental-policy.pdf,0
https://www.bangor.ac.uk/studentservices/faith/coronavirus-chaplaincy.php.en,0
https://www.bangor.ac.uk/studentservices/staff.php.en,0
https://www.bangor.ac.uk/studentservices/moneyadvice/useful.php.en,0
https://www.bangor.ac.uk/studentservices/mature-students/new-current-students.php.en,0
https://www.bangor.ac.uk/studentservices/mature-students/top-tips-mature.php.en,0
https://www.bangor.ac.uk/studentservices/faith/thought.php.en,0
https://www.bangor.ac.uk/studentservices/disability/students.php.en,0
https://www.bangor.ac.uk/studentservices/mentalhealth/what-we-do.php.en,0
https://www.bangor.ac.uk/studentservices/peer-guides/postgraduate.php.en,0
https://www.bangor.ac.uk/studentservices/moneyadvice/paydayloans.php.en,0
https://www.bangor.ac.uk/studentservices/moneyadvice/debt.php.en,0
https://www.bangor.ac.uk/studentservices/faith/spiritual.php.en,0
https://www.bangor.ac.uk/studentservices/moneyadvice/nhs-pg.php.en,0
https://www.bangor.ac.uk/studentservices/faith/news.php.en,0
https://www.bangor.ac.uk/studentservices/moneyadvice/undergraduate.php.en,0
https://www.bangor.ac.uk/studentservices/moneyadvice/budgeting.php.en,0
https://www.bangor.ac.uk/studentservices/disability/faqs.php.en,0
https://www.bangor.ac.uk/studentservices/disability/funding_bodies.php.en,0
https://www.bangor.ac.uk/studentservices/mentalhealth/contact-us.php.en,0
https://www.bangor.ac.uk/studentservices/useful.php.en,0
https://www.bangor.ac.uk/studentservices/faq-home.php.en,0
https://www.bangor.ac.uk/studentservices/mature-students/prospective-students.php.en,0
https://www.bangor.ac.uk/studentservices/peer-guides/more_info.php.en,0
https://www.bangor.ac.uk/studentservices/peer-guides/coordinators.php.en,0
https://www.bangor.ac.uk/studentservices/disability/personal_learning_support.php.en,0
https://www.bangor.ac.uk/studentservices/faith/local_faith.php.en,0
https://www.bangor.ac.uk/studentservices/wellbeing/events.php.en,0
https://www.bangor.ac.uk/studentservices/phone.php.en,0
https://www.bangor.ac.uk/studentservices/peer-guides/meet-pg.php.en,0
https://www.bangor.ac.uk/studentservices/faith/chaplaincyteam.php.en,0
https://www.bangor.ac.uk/studentservices/disability/exams.php.en,0
https://www.bangor.ac.uk/studentservices/wellbeing/emergency.php.en,0
https://www.bangor.ac.uk/studentservices/mentalhealth/worried.php.en,0
https://www.bangor.ac.uk/studentservices/moneyadvice/care.php.en,0
https://www.bangor.ac.uk/studentservices/top-tips.php.en,0
https://www.bangor.ac.uk/studentservices/wellbeing/art-therapy.php.en,0
https://www.bangor.ac.uk/studentservices/peer-guides/news.php.en,0
https://www.bangor.ac.uk/studentservices/peer-guides/calendar.php.en,0
https://www.bangor.ac.uk/studentservices/student-health/dental.php.en,0
https://www.bangor.ac.uk/student-services/24-7-student-assistance-programme,0
https://www.bangor.ac.uk/studentservices/faith/meet-the-team.php.en,0
https://www.bangor.ac.uk/studentservices/mentalhealth/staff_supporting.php.en,0
https://www.bangor.ac.uk/studentservices/mature-students/student-profiles.php.en,0
https://www.bangor.ac.uk/studentservices/faith/muslim_prayers.php.en,0
https://www.bangor.ac.uk/studentservices/wellbeing/support.php.en,0
https://www.bangor.ac.uk/student-services/student-wellbeing-ambassadors,0
https://www.bangor.ac.uk/studentservices/student-health/drugs-and-alcohol.php.en,0
https://www.bangor.ac.uk/studentservices/wellbeing/strategy.php.en,0
https://www.bangor.ac.uk/studentservices/student-health/familyplanning.php.en,0
https://www.bangor.ac.uk/ds/staff-supervisors/video-resources,0
https://www.bangor.ac.uk/ds/staff-supervisors/key-documents,0
https://www.bangor.ac.uk/ds/staff-supervisors/the-role,0
https://www.bangor.ac.uk/humanresources/concordat.php.en,0
https://my.bangor.ac.uk/doctoral-school/SupportforDoctoralStudents.php.en,0
https://my.bangor.ac.uk/doctoral-school/videos-for-doctoral-candidates.php.en,0
https://www.bangor.ac.uk/accommodation/contact,0
https://www.bangor.ac.uk/cy/llety/dychwelwyr-gwneud-cais,0
https://www.bangor.ac.uk/cy/accommodation/gwybodeth-am-fyw-mewn-neuaddau-i-rieni-a-gwarcheidwaid,0
https://www.bangor.ac.uk/cy/bywyd-myfyrwyr/unibuddy?unibuddy=buddies/staff/681a25a00a1c33fac26e6ab9,0
https://www.bangor.ac.uk/cy/llety/ystafell/dychwelwyr,0
https://www.bangor.ac.uk/accommodation/rooms/st-marys/en-suite,0
https://www.bangor.ac.uk/accommodation/rooms/st-marys/studio-premium,0
https://www.bangor.ac.uk/accommodation/rooms/st-marys/large-budget-single,0
https://www.bangor.ac.uk/accommodation/rooms/st-marys/studio-deluxe,0
https://www.bangor.ac.uk/accommodation/rooms/ffriddoedd/en-suite-large-modern,0
https://www.bangor.ac.uk/accommodation/rooms/st-marys/budget-single,0
https://www.bangor.ac.uk/accommodation/rooms/st-marys/studio-premium-plus,0
https://www.bangor.ac.uk/accommodation/rooms/st-marys/single,0
https://www.bangor.ac.uk/accommodation/rooms/ffriddoedd/en-suite-modern,0
https://www.bangor.ac.uk/accommodation/rooms/ffriddoedd/en-suite-classic-welsh,0
https://www.bangor.ac.uk/accommodation/rooms/st-marys/studio,0
https://www.bangor.ac.uk/regulations/regulations/documents/BUReg13-2019v1.4.pdf,0
https://www.bangor.ac.uk/cy/llety/arhosiadbyr,0
https://my.bangor.ac.uk/property-and-campus-services/student-permits.php.en,0
https://www.bangor.ac.uk/cy/llety/cwestiynau-cyffredin,0
https://www.bangor.ac.uk/accommodation/postgraduate/faq,0
https://www.bangor.ac.uk/accommodation/undergraduate/faq,0
https://www.bangor.ac.uk/cy/llety/neuaddau/mentoriaid,0
https://www.bangor.ac.uk/campuslife/yoan,0
https://www.bangor.ac.uk/campuslife/kieren,0
https://www.bangor.ac.uk/campuslife/priya,0
https://www.bangor.ac.uk/campuslife/events/sewing-workshop-15,0
https://www.bangor.ac.uk/campuslife/nathaniel,0
https://www.bangor.ac.uk/campuslife/events/outdoor-cinema-4,0
https://www.bangor.ac.uk/campuslife/events/switch-night-just-dance-3,0
https://www.bangor.ac.uk/campuslife/rebecca,0
https://www.bangor.ac.uk/campuslife/Eliana,0
https://www.bangor.ac.uk/campuslifefaith,0
https://www.bangor.ac.uk/campuslife/juliet,0
https://www.bangor.ac.uk/campuslife/emmanuel,0
https://www.bangor.ac.uk/campuslife/events,0
https://www.bangor.ac.uk/campuslife/events/free-fairtrade-hot-chocolate-1,0
https://www.bangor.ac.uk/campuslife/emily,0
https://www.bangor.ac.uk/campuslife/sara,0
https://www.bangor.ac.uk/sites/default/files/2025-12/Join%20the%20team%20brochure%202026%20English.pdf,0
https://www.bangor.ac.uk/campuslife/stana,0
https://apps.bangor.ac.uk/student/requests/halls/communal/booking/new/,0
https://www.bangor.ac.uk/cy/campwsbyw,0
https://www.bangor.ac.uk/accommodation/rooms/st-marys/en-suite-january,0
https://www.bangor.ac.uk/accommodation/rooms/st-marys/studio-premium-plus-january,0
https://www.bangor.ac.uk/accommodation/rooms/ffriddoedd/en-suite-classic-january,0
https://www.bangor.ac.uk/accommodation/rooms/st-marys/single-january,0
https://www.bangor.ac.uk/cy/llety/ystafell-ionawr,0
https://www.bangor.ac.uk/accommodation/new-postgraduate-students-book-your-room-january,0
https://www.bangor.ac.uk/regulations/regulations/documents/BUReg13-2024v1.0.pdf,0
https://www.bangor.ac.uk/sites/default/files/2025-02/U18%20Licence%20.pdf,0
https://www.bangor.ac.uk/accommodation/halls/important_info,0
https://www.bangor.ac.uk/sites/default/files/2026-03/early_release_from_halls_in_exceptional_circumstances.pdf,0
https://www.bangor.ac.uk/sites/default/files/2025-01/policy-and-procedures-students-under-18-en.pdf,0
https://www.bangor.ac.uk/accommodation/cover4insurance,0
https://www.bangor.ac.uk/sites/default/files/2025-02/Bangor%20University_%20Occupation%20contract%20%281%29.pdf,0
https://www.bangor.ac.uk/sites/default/files/2025-09/halls_handbook_2025-26.pdf,0
https://www.bangor.ac.uk/sites/default/files/2026-03/laundrette_opening_hours_2026.pdf,0
https://www.bangor.ac.uk/sites/default/files/migrated-files/accommodation/documents/TargetResponseTimes_000.pdf,0
https://www.bangor.ac.uk/sites/default/files/2025-01/code-of-conduct-en.pdf,0
https://www.bangor.ac.uk/sites/default/files/migrated-files/accommodation/documents/Damagecharges.pdf,0
https://www.bangor.ac.uk/sites/default/files/migrated-files/accommodation/documents/ProcedureataHallsDisciplinary_000.pdf,0
https://www.bangor.ac.uk/sites/default/files/2022-12/Bangor%20University_%20Occupation%20contract.pdf,0
https://www.bangor.ac.uk/accommodation/about,0
https://www.bangor.ac.uk/sites/default/files/migrated-files/accommodation/documents/FitnesstoResideFlowchartJune19EN_001.pdf,0
https://www.bangor.ac.uk/sites/default/files/2026-03/common_room_opening_hours_2026.pdf,0
https://www.bangor.ac.uk/sites/default/files/2020-09/FitnesstoResideProcedureJune19EN_002.pdf,0
https://www.bangor.ac.uk/campus-life/index,0
https://www.bangor.ac.uk/sites/default/files/2022-12/Withdrawal%20from%20Hall%20English%2022-23%20%281%29.pdf,0
https://www.bangor.ac.uk/accommodation/halls/parking,0
https://www.bangor.ac.uk/sites/default/files/migrated-files/accommodation/documents/FitnesstoResideProcedureJune19EN_001.pdf,0
https://www.bangor.ac.uk/cy/llety/handfodol,0
https://www.bangor.ac.uk/sites/default/files/2020-09/Englishhallskitchenbooklets.pdf,0
https://www.bangor.ac.uk/accommodation/halls/tv,0
https://www.bangor.ac.uk/sites/default/files/2020-09/FitnesstoResideFlowchartJune19EN_002.pdf,0
https://www.bangor.ac.uk/sites/default/files/2021-08/Customer-Care-Policy-2021.pdf,0
https://www.bangor.ac.uk/accommodation/halls/remittance@bangor.ac.uk,0
https://www.bangor.ac.uk/accommodation/halls/moneysupport@bangor.ac.uk,0
https://www.bangor.ac.uk/accommodation/halls/feepayment@bangor.ac.uk,0
https://www.bangor.ac.uk/accommodation/halls/halls@bangor.ac.uk,0
https://www.bangor.ac.uk/accommodation/halls/undeb@bangorstudents.com,0
https://www.bangor.ac.uk/cy/llety/neuaddau/talu,0
https://www.bangor.ac.uk/finance/ic/ic003.php.en,0
https://www.bangor.ac.uk/campus-life/index.php.en,0
https://www.bangor.ac.uk/sites/default/files/migrated-files/accommodation/documents/EN-Mission-Statement.pdf,0
https://www.bangor.ac.uk/cy/llety/cenhadaeth,0
https://www.bangor.ac.uk/cy/llety/pentref-y-santes-fair,0
https://www.bangor.ac.uk/cy/llety/ystafell,0
https://www.bangor.ac.uk/accommodation/rooms/st-marys/en-suite-premium,0
https://www.bangor.ac.uk/accommodation/rooms/st-marys/en-suite-premium-plus,0
https://www.bangor.ac.uk/accommodation/rooms/st-marys/en-suite-deluxe,0
https://www.bangor.ac.uk/cy/dewch-o-hyd-ich-ystafell-berffaith-myfyrwyr-israddedig,0
https://www.bangor.ac.uk/accommodation/rooms/ffriddoedd/budget-en-suite-large-modern,0
https://www.bangor.ac.uk/accommodation/rooms/ffriddoedd/budget-en-suite-modern,0
https://www.bangor.ac.uk/cy/llety/tim-bywyd-preswyl,0
https://www.bangor.ac.uk/cy/llety/fideos,0
https://www.bangor.ac.uk/cy/llety/ystafell/wrecsam/en-suite,0
https://www.bangor.ac.uk/cy/dewch-o-hyd-ich-ystafell-berffaith-myfyrwyr-ol-raddedig,0
https://www.bangor.ac.uk/cy/llety/neuaddau-ym-mangor,0
https://www.bangor.ac.uk/cy/yatafell/en-suite-89m2-1007m2-clasur-pentref-ffriddoedd,0
https://www.bangor.ac.uk/cy/llety/anableddau,0
https://www.bangor.ac.uk/cy/llety/neuaddau/ffriddoedd/borth,0
https://www.bangor.ac.uk/cy/llety/neuaddau/ffriddoedd/elidir,0
https://www.bangor.ac.uk/cy/myfyrwyr-ol-raddedig-newydd-archebwch-eich-ystafell,0
https://www.bangor.ac.uk/cy/llety/neuaddau/ffriddoedd/john-morris-jones,0
https://www.bangor.ac.uk/cy/pentref-ffriddoedd,0
https://www.bangor.ac.uk/cy/llety/gwneud-cais,0
https://www.bangor.ac.uk/cy/brailsford,0
https://www.bangor.ac.uk/accommodation/halls/wrexham/snowdon,0
https://www.bangor.ac.uk/accommodation/accessible_room,0
https://www.bangor.ac.uk/accommodation/halls/ffriddoedd/glyder,0
https://www.bangor.ac.uk/accommodation/halls/ffriddoedd/cefn-y-coed,0
https://www.bangor.ac.uk/accommodation/rooms/ffriddoedd/en-suite-large-classic-welsh,0
https://www.bangor.ac.uk/accommodation/tour/ffriddoedd-accessible-bedroom,0
https://my.bangor.ac.uk/handbook/postgrad-research/,0
https://my.bangor.ac.uk/handbook/staff,0
https://my.bangor.ac.uk/news/index.php.en,0
http://www.bangor.ac.uk/events,0
https://blackboard.bangor.ac.uk/webapps/login?action=default_login,0
https://blackboard.bangor.ac.uk/webapps/bbgs-cloud-portal-BB5b44960e2f250/app/portal/forgotpassword,0
https://blackboard.bangor.ac.uk/auth-saml/saml/login?apId=_195_1&redirectUrl=https%3A%2F%2Fblackboard.bangor.ac.uk%2Fultra,0
https://www.bangor.ac.uk/management_centre/TrainingDevelopmentLongerProgrammes.php.en,0
https://www.bangor.ac.uk/management_centre/cips.php.en,0
https://www.bangor.ac.uk/cy/astudio/cymwysterau-proffesiynol,0
https://www.bangor.ac.uk/management_centre/bespoke.php.en,0
https://www.bangor.ac.uk/management_centre/acca.php.en,0
https://www.bangor.ac.uk/management_centre/ilm.php.en,0
https://www.bangor.ac.uk/law/staff/en,0
https://www.bangor.ac.uk/profiles/Law/Alumni/VanAnhLe,0
https://www.bangor.ac.uk/courses?level_of_study=pgt_course&ug_subject_area=All&ug_subject_combination=All&ug_course_type=All&pgt_subject_area=1046&pgt_course_type=All&pgt_course_mode=All&pgt_start_date=All&pgr_subject_area=All&pgr_course_type=All,0
https://www.bangor.ac.uk/courses?level_of_study=pgt_course&ug_subject_area=All&ug_subject_combination=All&ug_course_type=All&ug_language=All&pgt_subject_area=1046&pgt_course_type=All&pgt_course_mode=All&pgt_start_date=All&pgt_language=All&pgr_subject_area=All&pgr_course_type=All,0
https://www.bangor.ac.uk/cy/astudio/ol-raddedig/y-gyfraith,0
https://www.bangor.ac.uk/languages-literatures-and-linguistics/staff/en,0
https://www.bangor.ac.uk/cy/astudio/ol-raddedig/astudiaethau-cyfieithu,0
https://www.bangor.ac.uk/courses?level_of_study=pgt_course&ug_subject_area=All&ug_subject_combination=All&ug_course_type=All&pgt_subject_area=1066&pgt_course_type=All&pgt_course_mode=All&pgt_start_date=All&pgr_subject_area=All&pgr_course_type=All,0
https://www.bangor.ac.uk/courses?level_of_study=pgt_course&ug_subject_area=All&ug_subject_combination=All&ug_course_type=All&ug_language=All&pgt_subject_area=1066&pgt_course_type=All&pgt_course_mode=All&pgt_start_date=All&pgt_language=All&pgr_subject_area=All&pgr_course_type=All,0
https://www.bangor.ac.uk/computer-science-and-electronic-engineering/staff/en,0
https://www.bangor.ac.uk/computer-science-and-electronic-engineering/research/eebg.php.en,0
https://www.bangor.ac.uk/courses?level_of_study=pgt_course&ug_subject_area=All&ug_subject_combination=All&ug_course_type=All&pgt_subject_area=1101&pgt_course_type=All&pgt_course_mode=All&pgt_start_date=All&pgr_subject_area=All&pgr_course_type=All,0
https://www.bangor.ac.uk/cy/astudio/ol-raddedig/peirianneg-electronig,0
https://www.bangor.ac.uk/computer-science-and-electronic-engineering/research/photonics.php.en,0
https://www.bangor.ac.uk/courses?level_of_study=pgt_course&ug_subject_area=All&ug_subject_combination=All&ug_course_type=All&ug_language=All&pgt_subject_area=1101&pgt_course_type=All&pgt_course_mode=All&pgt_start_date=All&pgt_language=All&pgr_subject_area=All&pgr_course_type=All,0
https://www.bangor.ac.uk/computer-science-and-electronic-engineering/research/vdgm.php.en,0
https://www.bangor.ac.uk/study/postgraduate/history-and-welsh-history,0
https://www.bangor.ac.uk/ysgolygymraeg/staff/en,0
https://www.bangor.ac.uk/cy/astudio/ol-raddedig/cymraeg,0
https://www.bangor.ac.uk/courses?level_of_study=pgt_course&ug_subject_area=All&ug_subject_combination=All&ug_course_type=All&pgt_subject_area=1071&pgt_course_type=All&pgt_course_mode=All&pgt_start_date=All&pgr_subject_area=All&pgr_course_type=All,0
https://www.bangor.ac.uk/courses?level_of_study=pgt_course&ug_subject_area=All&ug_subject_combination=All&ug_course_type=All&ug_language=All&pgt_subject_area=1071&pgt_course_type=All&pgt_course_mode=All&pgt_start_date=All&pgt_language=All&pgr_subject_area=All&pgr_course_type=All,0
https://www.bangor.ac.uk/courses?term=&level_of_study=pgt_course&academic_school=All&field_course_year_start_value=All&field_pgr_start_yr_multi_value=All&field_pgt_start_yr_multi_value=All&field_ug_start_yr_multi_value=All&field_course_start_date_type_value=All&ug_subject_area=All&ug_subject_combination=All&ug_course_type=All&pgt_subject_area=2041&pgt_course_type=All&pgt_course_mode=All&pgt_start_date=All&pgr_subject_area=All&pgr_course_type=All,0
https://www.bangor.ac.uk/staff/medical-health-sciences/en,0
https://www.bangor.ac.uk/undergraduate-information-request,0
https://www.bangor.ac.uk/cy/astudio/ol-raddedig/gwaith-cymdeithasol,0
https://www.bangor.ac.uk/cheme,0
https://www.bangor.ac.uk/courses/postgraduate-taught/medical-molecular-biology-with-genetics-msc,0
https://www.bangor.ac.uk/nwcr-institute,0
https://www.bangor.ac.uk/nworth,0
https://www.bangor.ac.uk/courses?level_of_study=pgt_course&ug_subject_area=All&ug_subject_combination=All&ug_course_type=All&ug_language=All&pgt_subject_area=1191&pgt_course_type=All&pgt_course_mode=All&pgt_start_date=All&pgt_language=All&pgr_subject_area=All&pgr_course_type=All,0
https://www.bangor.ac.uk/study/postgraduate/sport-health-and-exercise-sciences,0
https://www.bangor.ac.uk/courses?level_of_study=pgt_course&ug_subject_area=All&ug_subject_combination=All&ug_course_type=All&pgt_subject_area=1191&pgt_course_type=All&pgt_course_mode=All&pgt_start_date=All&pgr_subject_area=All&pgr_course_type=All,0
https://www.bangor.ac.uk/medical-sciences/staff/en,0
https://www.bangor.ac.uk/courses/postgraduate-research/molecular-medicine-mres,0
https://www.bangor.ac.uk/north-wales-centre-for-primary-care-research,0
https://www.bangor.ac.uk/cy/astudio/ol-raddedig/gwyddorau-meddygol,0
https://www.bangor.ac.uk/cy/astudio/ol-raddedig/addysg-feddygol,0
https://www.bangor.ac.uk/courses?term=&level_of_study=pgt_course&ug_subject_area=All&pgt_subject_area=1161&pgr_subject_area=All&field_course_year_start_value=All&field_pgr_start_yr_multi_value=All&field_pgt_start_yr_multi_value=All&pgt_course_type=All&pgt_course_mode=All&pgr_course_type=All&oth_course_study_location=All&oth_subject_area=All,0
https://www.bangor.ac.uk/courses?term=meded&level_of_study=other_course&ug_subject_area=All&pgt_subject_area=All&pgr_subject_area=All&field_course_year_start_value=All&field_pgr_start_yr_multi_value=All&field_pgt_start_yr_multi_value=All&pgt_course_type=All&pgt_course_mode=All&pgr_course_type=All&oth_course_study_location=All&oth_subject_area=All,0
https://www.bangor.ac.uk/courses?level_of_study=pgt_course&ug_subject_area=All&ug_subject_combination=All&ug_course_type=All&pgt_subject_area=1026&pgt_course_type=All&pgt_course_mode=All&pgt_start_date=All&pgr_subject_area=All&pgr_course_type=All,0
https://www.bangor.ac.uk/cy/astudio/ol-raddedig/troseddeg-a-chyfiawnder-troseddol,0
https://www.bangor.ac.uk/courses?level_of_study=pgt_course&ug_subject_area=All&ug_subject_combination=All&ug_course_type=All&ug_language=All&pgt_subject_area=1026&pgt_course_type=All&pgt_course_mode=All&pgt_start_date=All&pgt_language=All&pgr_subject_area=All&pgr_course_type=All,0
https://www.bangor.ac.uk/history-philosophy-and-social-sciences/staff/en,0
https://www.bangor.ac.uk/cy/astudio/ol-raddedig/astudiaethau-celtaidd-arthuraidd-a-chanoloesol,0
https://www.bangor.ac.uk/courses?level_of_study=pgt_course&ug_subject_area=All&ug_subject_combination=All&ug_course_type=All&ug_language=All&pgt_subject_area=1016&pgt_course_type=All&pgt_course_mode=All&pgt_start_date=All&pgt_language=All&pgr_subject_area=All&pgr_course_type=All,0
https://www.bangor.ac.uk/courses?level_of_study=pgt_course&ug_subject_area=All&ug_subject_combination=All&ug_course_type=All&pgt_subject_area=1016&pgt_course_type=All&pgt_course_mode=All&pgt_start_date=All&pgr_subject_area=All&pgr_course_type=All,0
https://www.bangor.ac.uk/study/postgraduate-taught/archaeology,0
https://www.bangor.ac.uk/staff/ysgol-y-gymraeg/en,0
http://arthur.bangor.ac.uk/,0
https://www.bangor.ac.uk/cy/astudio/ol-raddedig/ysgrifennu-creadigol,0
https://www.bangor.ac.uk/courses?level_of_study=pgt_course&ug_subject_area=All&ug_subject_combination=All&ug_course_type=All&ug_language=All&pgt_subject_area=1021&pgt_course_type=All&pgt_course_mode=All&pgt_start_date=All&pgt_language=All&pgr_subject_area=All&pgr_course_type=All,0
https://www.bangor.ac.uk/courses?level_of_study=pgt_course&ug_subject_area=All&ug_subject_combination=All&ug_course_type=All&pgt_subject_area=1021&pgt_course_type=All&pgt_course_mode=All&pgt_start_date=All&pgr_subject_area=All&pgr_course_type=All,0
https://www.bangor.ac.uk/natural-sciences/research/facilities/henfaes.php.en,0
https://www.bangor.ac.uk/natural-sciences/undergraduate/forestry/documents/Spencer%20Reagon%20foprestry%20international%20exchange%20student%202019_.pdf,0
https://www.bangor.ac.uk/courses?level_of_study=pgt_course&ug_subject_area=All&ug_subject_combination=All&ug_course_type=All&ug_language=All&pgt_subject_area=1111&pgt_course_type=All&pgt_course_mode=All&pgt_start_date=All&pgt_language=All&pgr_subject_area=All&pgr_course_type=All,0
https://www.bangor.ac.uk/courses?level_of_study=pgt_course&ug_subject_area=All&ug_subject_combination=All&ug_course_type=All&pgt_subject_area=1111&pgt_course_type=All&pgt_course_mode=All&pgt_start_date=All&pgr_subject_area=All&pgr_course_type=All,0
https://www.bangor.ac.uk/cy/astudio/ol-raddedig/coedwigaeth,0
https://www.bangor.ac.uk/natural-sciences/staff/en,0
http://treborth.bangor.ac.uk/,0
https://www.bangor.ac.uk/profiles/students/syamili-manoj-santhic,0
https://www.bangor.ac.uk/study/postgraduate/biotechnology,0
https://www.bangor.ac.uk/cy/astudio/ol-raddedig/gwyddor-data,0
https://www.bangor.ac.uk/courses?level_of_study=pgt_course&ug_subject_area=All&ug_subject_combination=All&ug_course_type=All&pgt_subject_area=1096&pgt_course_type=All&pgt_course_mode=All&pgt_start_date=All&pgr_subject_area=All&pgr_course_type=All,0
https://www.bangor.ac.uk/courses?level_of_study=pgt_course&ug_subject_area=All&ug_subject_combination=All&ug_course_type=All&ug_language=All&pgt_subject_area=1096&pgt_course_type=All&pgt_course_mode=All&pgt_start_date=All&pgt_language=All&pgr_subject_area=All&pgr_course_type=All,0
https://www.bangor.ac.uk/cy/astudio/ol-raddedig/cydymaith-meddygol,0
https://www.bangor.ac.uk/courses/postgraduate-taught/physician-associate-studies-msc,0
https://www.bangor.ac.uk/staff/nwms,0
https://www.bangor.ac.uk/sport,0
https://www.bangor.ac.uk/natural-sciences/research/environment-natural-resources-and-geography/facilities/henfaes.php.en,0
https://www.bangor.ac.uk/languages-literatures-and-linguistics/,0
https://www.bangor.ac.uk/natural-sciences/research/environment-natural-resources-and-geography/facilities/environment_centre.php.en,0
https://www.bangor.ac.uk/cy/astudio/cyfleusterau,0
https://www.bangor.ac.uk/library/index.php.en,0
https://www.bangor.ac.uk/itservices,0
https://www.bangor.ac.uk/natural-sciences/about.php.en,0
https://www.bangor.ac.uk/news/2023-09-19-bangor-named-as-welsh-university-of-the-year,0
https://www.bangor.ac.uk/courses?level_of_study=pgt_course&ug_subject_area=All&ug_subject_combination=All&ug_course_type=All&pgt_subject_area=1156&pgt_course_type=All&pgt_course_mode=All&pgt_start_date=All&pgr_subject_area=All&pgr_course_type=All,0
https://www.bangor.ac.uk/courses/other-courses/community-nursing-specialist-practice-qualification-spq-learning-disability-rearchived,0
https://www.bangor.ac.uk/news/2023-09-19-bangor-university-continues-to-climb-in-the-times-the-sunday-times-good-university,0
https://www.bangor.ac.uk/courses/other-courses/community-nursing-specialist-practice-qualification-spq-mental-health-pgdip-rearchived,0
https://www.bangor.ac.uk/cy/astudio/ol-raddedig/gwyddorau-iechyd,0
https://www.bangor.ac.uk/courses/postgraduate-taught/public-health-and-health-promotion-msc,0
https://www.bangor.ac.uk/ahepw,0
https://www.bangor.ac.uk/news/2023-06-27-bangor-university-leaps-up-in-league-table-rankings,0
https://www.bangor.ac.uk/courses/other-courses/independent-prescribing-nhs-4258,0
https://www.bangor.ac.uk/news/2023-08-17-bangor-university-takes-top-spot-in-alternative-university-guide,0
https://www.bangor.ac.uk/news/2023-04-28-university-in-top-10-at-whatuni-awards,0
https://www.bangor.ac.uk/courses/other-courses/community-nursing-specialist-practice-qualification-spq-general-practice-rearchived,0
https://www.bangor.ac.uk/courses?level_of_study=pgt_course&ug_subject_area=All&ug_subject_combination=All&ug_course_type=All&ug_language=All&pgt_subject_area=1156&pgt_course_type=All&pgt_course_mode=All&pgt_start_date=All&pgt_language=All&pgr_subject_area=All&pgr_course_type=All,0
https://www.bangor.ac.uk/health-sciences/research/ref.php.en,0
https://www.bangor.ac.uk/courses/other-courses/prescribing-for-pharmacists-nhs-4259,0
https://www.bangor.ac.uk/study/postgraduate/health-sciences/why-study,0
https://www.bangor.ac.uk/news/2023-09-12-bangor-amongst-the-highest-climbers-in-the-guardians-university-league-table,0
https://www.bangor.ac.uk/health-sciences/staff/en,0
https://www.bangor.ac.uk/courses?term=&level_of_study=pgt_course&academic_school=All&field_course_year_start_value=All&field_pgr_start_yr_multi_value=All&field_pgt_start_yr_multi_value=All&field_ug_start_yr_multi_value=All&field_course_start_date_type_value=All&ug_subject_area=All&ug_subject_combination=All&ug_course_type=All&pgt_subject_area=2051&pgt_course_type=All&pgt_course_mode=All&pgt_start_date=All&pgr_subject_area=All&pgr_course_type=All,0
https://www.bangor.ac.uk/cy/astudio/ol-raddedig/nyrsio,0
https://www.bangor.ac.uk/courses?term=&level_of_study=pgt_course&academic_school=All&field_course_year_start_value=All&field_pgr_start_yr_multi_value=All&field_pgt_start_yr_multi_value=All&field_ug_start_yr_multi_value=All&field_course_start_date_type_value=All&ug_subject_area=All&ug_subject_combination=All&ug_course_type=All&pgt_subject_area=2046&pgt_course_type=All&pgt_course_mode=All&pgt_start_date=All&pgr_subject_area=All&pgr_course_type=All,0
https://www.bangor.ac.uk/cy/astudio/ol-raddedig/bydwreigiaeth,0
https://www.bangor.ac.uk/oceansciences/staff/,0
https://www.bangor.ac.uk/courses?level_of_study=pgt_course&ug_subject_area=All&ug_subject_combination=All&ug_course_type=All&ug_language=All&pgt_subject_area=1126&pgt_course_type=All&pgt_course_mode=All&pgt_start_date=All&pgt_language=All&pgr_subject_area=All&pgr_course_type=All,0
https://www.bangor.ac.uk/oceansciences/alumni/profiles/emmer-litt.php.en,0
https://www.bangor.ac.uk/cy/astudio/ol-raddedig/gwyddorau-eigion,0
https://www.bangor.ac.uk/courses?level_of_study=pgt_course&ug_subject_area=All&ug_subject_combination=All&ug_course_type=All&pgt_subject_area=1126&pgt_course_type=All&pgt_course_mode=All&pgt_start_date=All&pgr_subject_area=All&pgr_course_type=All,0
https://www.bangor.ac.uk/psychology/staff/en,0
https://www.bangor.ac.uk/courses?level_of_study=pgt_course&ug_subject_area=All&ug_subject_combination=All&ug_course_type=All&ug_language=All&pgt_subject_area=1166&pgt_course_type=All&pgt_course_mode=All&pgt_start_date=All&pgt_language=All&pgr_subject_area=All&pgr_course_type=All,0
https://www.bangor.ac.uk/cy/astudio/ol-raddedig/niwrowyddoniaeth,0
https://www.bangor.ac.uk/profiles/students/elliott-ward,0
https://www.bangor.ac.uk/courses?level_of_study=pgt_course&ug_subject_area=All&ug_subject_combination=All&ug_course_type=All&pgt_subject_area=1166&pgt_course_type=All&pgt_course_mode=All&pgt_start_date=All&pgr_subject_area=All&pgr_course_type=All,0
https://www.bangor.ac.uk/courses?level_of_study=pgt_course&ug_subject_area=All&ug_subject_combination=All&ug_course_type=All&ug_language=All&pgt_subject_area=1131&pgt_course_type=All&pgt_course_mode=All&pgt_start_date=All&pgt_language=All&pgr_subject_area=All&pgr_course_type=All,0
https://www.bangor.ac.uk/courses?level_of_study=pgt_course&ug_subject_area=All&ug_subject_combination=All&ug_course_type=All&pgt_subject_area=1131&pgt_course_type=All&pgt_course_mode=All&pgt_start_date=All&pgr_subject_area=All&pgr_course_type=All,0
https://www.bangor.ac.uk/cy/astudio/ol-raddedig/ffiseg,0
https://www.bangor.ac.uk/staff/en,0
https://www.bangor.ac.uk/cy/study/postgraduate/apply,0
https://www.bangor.ac.uk/courses/postgraduate-taught/national-education-wales-welsh-medium-ma,0
https://www.bangor.ac.uk/courses/postgraduate-taught/education-studies-with-placement-full-time-ma,0
https://www.bangor.ac.uk/cy/astudio/ol-raddedig/addysg,0
https://www.bangor.ac.uk/courses?level_of_study=pgt_course&ug_subject_area=All&ug_subject_combination=All&ug_course_type=All&pgt_subject_area=1151&pgt_course_type=All&pgt_course_mode=All&pgt_start_date=All&pgr_subject_area=All&pgr_course_type=All,0
https://www.bangor.ac.uk/courses/postgraduate-taught/national-education-wales-english-medium-ma,0
https://www.bangor.ac.uk/courses/postgraduate-taught/education-studies-full-time-ma,0
https://www.bangor.ac.uk/education-and-human-development/staff/en,0
https://www.bangor.ac.uk/courses?level_of_study=pgt_course&ug_subject_area=All&ug_subject_combination=All&ug_course_type=All&ug_language=All&pgt_subject_area=1151&pgt_course_type=All&pgt_course_mode=All&pgt_start_date=All&pgt_language=All&pgr_subject_area=All&pgr_course_type=All,0
https://www.bangor.ac.uk/courses/postgraduate-taught/music-education-ma,0
https://www.bangor.ac.uk/natural-sciences/research/environment-natural-resources-and-geography/facilities/treborth.php.en,0
https://www.bangor.ac.uk/courses?level_of_study=pgt_course&ug_subject_area=All&ug_subject_combination=All&ug_course_type=All&ug_language=All&pgt_subject_area=1106&pgt_course_type=All&pgt_course_mode=All&pgt_start_date=All&pgt_language=All&pgr_subject_area=All&pgr_course_type=All,0
https://www.bangor.ac.uk/natural-sciences/research/environment-natural-resources-and-geography/research_groups/enviro.php.en,0
https://www.bangor.ac.uk/natural-sciences/research/environment-natural-resources-and-geography/research_groups/rivers.php.en,0
https://www.bangor.ac.uk/cy/astudio/ol-raddedig/gwyddor-yr-amgylchedd,0
https://www.bangor.ac.uk/natural-sciences/research/environment-natural-resources-and-geography/facilities/index.php.en,0
https://www.bangor.ac.uk/natural-sciences/research/environment-natural-resources-and-geography/research_groups/people.php.en,0
https://www.bangor.ac.uk/natural-sciences/research/environment-natural-resources-and-geography/research_groups/geospatial.php.en,0
https://www.bangor.ac.uk/natural-sciences/research/environment-natural-resources-and-geography/research_groups/conservation.php.en,0
https://www.bangor.ac.uk/natural-sciences/research/environment-natural-resources-and-geography/research_groups/crops.php.en,0
https://www.bangor.ac.uk/profiles/students/nana-quaison,0
https://www.bangor.ac.uk/courses?level_of_study=pgt_course&ug_subject_area=All&ug_subject_combination=All&ug_course_type=All&pgt_subject_area=1106&pgt_course_type=All&pgt_course_mode=All&pgt_start_date=All&pgr_subject_area=All&pgr_course_type=All,0
https://www.bangor.ac.uk/music-and-media/staff/en,0
https://www.bangor.ac.uk/cy/astudio/ol-raddedig/ffilm-cyfryngau-a-newyddiaduraeth,0
https://www.bangor.ac.uk/courses?level_of_study=pgt_course&ug_subject_area=All&ug_subject_combination=All&ug_course_type=All&pgt_subject_area=1036&pgt_course_type=All&pgt_course_mode=All&pgt_start_date=All&pgr_subject_area=All&pgr_course_type=All,0
https://www.bangor.ac.uk/courses?level_of_study=pgt_course&ug_subject_area=All&ug_subject_combination=All&ug_course_type=All&ug_language=All&pgt_subject_area=1036&pgt_course_type=All&pgt_course_mode=All&pgt_start_date=All&pgt_language=All&pgr_subject_area=All&pgr_course_type=All,0
https://www.bangor.ac.uk/courses?level_of_study=pgt_course&ug_subject_area=All&ug_subject_combination=All&ug_course_type=All&ug_language=All&pgt_subject_area=1031&pgt_course_type=All&pgt_course_mode=All&pgt_start_date=All&pgt_language=All&pgr_subject_area=All&pgr_course_type=All,0
https://www.bangor.ac.uk/cy/astudio/ol-raddedig/llenyddiaeth-saesneg,0
https://www.bangor.ac.uk/courses?level_of_study=pgt_course&ug_subject_area=All&ug_subject_combination=All&ug_course_type=All&pgt_subject_area=1031&pgt_course_type=All&pgt_course_mode=All&pgt_start_date=All&pgr_subject_area=All&pgr_course_type=All,0
https://www.bangor.ac.uk/sport-health-and-exercise-sciences/staff/en,0
https://www.bangor.ac.uk/study/postgraduate/sport-health-and-exercise-sciences/why-study,0
https://www.bangor.ac.uk/profiles/students/siwan-iorwerth,0
https://www.bangor.ac.uk/cy/astudio/ol-raddedig/gwyddorau-chwaraeon-ac-ymarfer,0
https://www.bangor.ac.uk/courses?level_of_study=pgt_course&ug_subject_area=All&ug_subject_combination=All&ug_course_type=All&pgt_subject_area=1181&pgt_course_type=All&pgt_course_mode=All&pgt_start_date=All&pgr_subject_area=All&pgr_course_type=All,0
https://www.bangor.ac.uk/study/postgraduate/sport-health-and-exercise-sciences/research,0
https://www.bangor.ac.uk/courses?level_of_study=pgt_course&ug_subject_area=All&ug_subject_combination=All&ug_course_type=All&ug_language=All&pgt_subject_area=1181&pgt_course_type=All&pgt_course_mode=All&pgt_start_date=All&pgt_language=All&pgr_subject_area=All&pgr_course_type=All,0
https://www.bangor.ac.uk/study/postgraduate/sport-and-exercise-sciences/research,0
https://www.bangor.ac.uk/study/postgraduate/sport-and-exercise-sciences/careers,0
https://www.bangor.ac.uk/study/postgraduate/sport-health-and-exercise-sciences/careers,0
https://www.bangor.ac.uk/study/postgraduate/sport-and-exercise-sciences/why-study,0
https://www.bangor.ac.uk/courses?level_of_study=pgt_course&ug_subject_area=All&ug_subject_combination=All&ug_course_type=All&pgt_subject_area=1076&pgt_course_type=All&pgt_course_mode=All&pgt_start_date=All&pgr_subject_area=All&pgr_course_type=All,0
https://www.bangor.ac.uk/cy/astudio/ol-raddedig/bioleg,0
https://www.bangor.ac.uk/courses?level_of_study=pgt_course&ug_subject_area=All&ug_subject_combination=All&ug_course_type=All&ug_language=All&pgt_subject_area=1076&pgt_course_type=All&pgt_course_mode=All&pgt_start_date=All&pgt_language=All&pgr_subject_area=All&pgr_course_type=All,0
https://www.bangor.ac.uk/node/106051,0
https://www.bangor.ac.uk/magical-bangor/what-our-students-say,0
https://www.bangor.ac.uk/bangor-graduate-attributes,0
https://www.bangor.ac.uk/cy/astudio/israddedig/pam-bangor,0
https://www.bangor.ac.uk/cy/astudio/ol-raddedig/hanes-a-threftadaeth,0
https://www.bangor.ac.uk/cy/astudio/ol-raddedig/cerddoriaeth,0
https://www.bangor.ac.uk/cy/astudio/ol-raddedig/cymdeithaseg-a-pholisi-cymdeithasol,0
https://www.bangor.ac.uk/cy/study/postgraduate/why-study-at-bangor,0
https://www.bangor.ac.uk/cy/astudio/ol-raddedig/busnes-rheolaeth-a-marchnata,0
https://www.bangor.ac.uk/cy/astudio/ol-raddedig/addysgu,0
https://www.bangor.ac.uk/cy/astudio/ol-raddedig/cyfrifeg-bancio-a-chyllid,0
https://www.bangor.ac.uk/cy/astudio/ol-raddedig/ynni-adnewyddadwy,0
https://www.bangor.ac.uk/cy/cofrestru-diddordeb-olraddedig,0
https://www.bangor.ac.uk/cy/astudio/ol-raddedig/nanodechnoleg,0
https://www.bangor.ac.uk/cy/astudio/ol-raddedig/cyfrifiadureg,0
https://www.bangor.ac.uk/cy/node/2456,0
https://www.bangor.ac.uk/cy/astudio/ol-raddedig/seicoleg-gymhwysol,0
https://www.bangor.ac.uk/cy/astudio/ol-raddedig/dwyieithrwydd-ac-ieithyddiaeth,0
https://www.bangor.ac.uk/cy/astudio/ol-raddedig/archaeoleg,0
https://www.bangor.ac.uk/cy/astudio/ol-raddedig/cadwraeth,0
https://www.bangor.ac.uk/cy/courses?level_of_study=pgt_course,0
https://www.bangor.ac.uk/cy/astudio/ol-raddedig/seicoleg,0
https://www.bangor.ac.uk/cy/astudio/ol-raddedig/bioleg-mor,0
https://www.bangor.ac.uk/cy/astudio/ol-raddedig/ffisiotherapi,0
https://www.bangor.ac.uk/cy/astudio/ol-raddedig/dylunio-arloesi-cymhwysol,0
https://www.bangor.ac.uk/courses?level_of_study=pgt_course&page=2,0
https://www.bangor.ac.uk/courses?level_of_study=pgt_course&page=7,0
https://www.bangor.ac.uk/courses?level_of_study=pgt_course&page=6,0
https://www.bangor.ac.uk/courses?level_of_study=pgt_course&page=0,0
https://www.bangor.ac.uk/courses?level_of_study=pgt_course&page=3,0
https://www.bangor.ac.uk/courses?level_of_study=pgt_course&page=4,0
https://www.bangor.ac.uk/courses?level_of_study=pgt_course&page=5,0
https://www.bangor.ac.uk/courses?level_of_study=pgt_course&page=1,0
https://www.bangor.ac.uk/courses?level_of_study=pgt_course&ug_subject_area=All&ug_subject_combination=All&ug_course_type=All&pgt_subject_area=1041&pgt_course_type=All&pgt_course_mode=All&pgt_start_date=All&pgr_subject_area=All&pgr_course_type=All,0
https://www.bangor.ac.uk/courses?level_of_study=pgt_course&ug_subject_area=All&ug_subject_combination=All&ug_course_type=All&ug_language=All&pgt_subject_area=1041&pgt_course_type=All&pgt_course_mode=All&pgt_start_date=All&pgt_language=All&pgr_subject_area=All&pgr_course_type=All,0
https://www.bangor.ac.uk/courses?level_of_study=pgt_course&ug_subject_area=All&ug_subject_combination=All&ug_course_type=All&ug_language=All&pgt_subject_area=1056&pgt_course_type=All&pgt_course_mode=All&pgt_start_date=All&pgt_language=All&pgr_subject_area=All&pgr_course_type=All,0
https://www.bangor.ac.uk/courses?level_of_study=pgt_course&ug_subject_area=All&ug_subject_combination=All&ug_course_type=All&pgt_subject_area=1056&pgt_course_type=All&pgt_course_mode=All&pgt_start_date=All&pgr_subject_area=All&pgr_course_type=All,0
https://www.bangor.ac.uk/courses?level_of_study=pgt_course&ug_subject_area=All&ug_subject_combination=All&ug_course_type=All&pgt_subject_area=1061&pgt_course_type=All&pgt_course_mode=All&pgt_start_date=All&pgr_subject_area=All&pgr_course_type=All,0
https://www.bangor.ac.uk/courses?level_of_study=pgt_course&ug_subject_area=All&ug_subject_combination=All&ug_course_type=All&ug_language=All&pgt_subject_area=1061&pgt_course_type=All&pgt_course_mode=All&pgt_start_date=All&pgt_language=All&pgr_subject_area=All&pgr_course_type=All,0
https://www.bangor.ac.uk/courses?term=Applied%20Innovation%20Design&level_of_study=pgt_course&ug_subject_area=All&ug_subject_combination=All&ug_course_type=All&pgt_subject_area=1141&pgt_course_type=All&pgt_course_mode=All&pgt_start_date=All&pgr_subject_area=All&pgr_course_type=All,0
https://www.bangor.ac.uk/study/postgraduate/applied-innovation-design/why-study,0
https://www.bangor.ac.uk/courses?level_of_study=pgt_course&ug_subject_area=All&ug_subject_combination=All&ug_course_type=All&ug_language=All&pgt_subject_area=1141&pgt_course_type=All&pgt_course_mode=All&pgt_start_date=All&pgt_language=All&pgr_subject_area=All&pgr_course_type=All,0
https://www.bangor.ac.uk/courses?level_of_study=pgt_course&ug_subject_area=All&ug_subject_combination=All&ug_course_type=All&pgt_subject_area=1086&pgt_course_type=All&pgt_course_mode=All&pgt_start_date=All&pgr_subject_area=All&pgr_course_type=All,0
https://www.bangor.ac.uk/profiles/students/ufuoma-peace-akpobome,0
https://www.bangor.ac.uk/courses?level_of_study=pgt_course&ug_subject_area=All&ug_subject_combination=All&ug_course_type=All&ug_language=All&pgt_subject_area=1086&pgt_course_type=All&pgt_course_mode=All&pgt_start_date=All&pgt_language=All&pgr_subject_area=All&pgr_course_type=All,0
https://www.bangor.ac.uk/oceansciences/pgrad/profiles/matt_haworth.php.en,0
https://www.bangor.ac.uk/courses?level_of_study=pgt_course&ug_subject_area=All&ug_subject_combination=All&ug_course_type=All&pgt_subject_area=1116&pgt_course_type=All&pgt_course_mode=All&pgt_start_date=All&pgr_subject_area=All&pgr_course_type=All,0
https://www.bangor.ac.uk/courses?level_of_study=pgt_course&ug_subject_area=All&ug_subject_combination=All&ug_course_type=All&ug_language=All&pgt_subject_area=1116&pgt_course_type=All&pgt_course_mode=All&pgt_start_date=All&pgt_language=All&pgr_subject_area=All&pgr_course_type=All,0
https://www.bangor.ac.uk/courses?term=physiotherapy&level_of_study=pgt_course&academic_school=All&field_course_year_start_value=All&field_pgr_start_yr_multi_value=All&field_pgt_start_yr_multi_value=All&field_ug_start_yr_multi_value=All&field_course_start_date_type_value=All&ug_subject_area=All&ug_subject_combination=All&ug_course_type=All&pgt_subject_area=2036&pgt_course_type=All&pgt_course_mode=All&pgt_start_date=All&pgr_subject_area=All&pgr_course_type=All,0
https://www.bangor.ac.uk/courses/postgraduate-taught/pgce-secondary-information-technology-welsh-medium-tar,0
https://www.bangor.ac.uk/courses/postgraduate-taught/pgce-secondary-religious-education-english-medium-pgce,0
https://www.bangor.ac.uk/courses/postgraduate-taught/pgce-secondary-history-welsh-medium-tar,0
https://www.bangor.ac.uk/courses/postgraduate-taught/pgce-secondary-geography-english-medium-pgce,0
https://www.bangor.ac.uk/courses/postgraduate-taught/pgce-secondary-art-english-medium-pgce,0
https://www.bangor.ac.uk/courses/postgraduate-taught/pgce-secondary-chemistry-english-medium-pgce,0
https://www.bangor.ac.uk/courses/postgraduate-taught/pgce-secondary-design-technology-english-medium-pgce,0
https://www.bangor.ac.uk/courses/postgraduate-taught/pgce-secondary-english-welsh-medium-tar,0
https://www.bangor.ac.uk/courses/postgraduate-taught/pgce-primary-with-qts-3-11-welsh-medium-tar,0
https://www.bangor.ac.uk/courses?level_of_study=pgt_course&ug_subject_area=All&ug_subject_combination=All&ug_course_type=All&ug_language=All&pgt_subject_area=1186&pgt_course_type=All&pgt_course_mode=All&pgt_start_date=All&pgt_language=All&pgr_subject_area=All&pgr_course_type=All,0
https://www.bangor.ac.uk/courses/postgraduate-taught/pgce-secondary-mathematics-welsh-medium-tar,0
https://www.bangor.ac.uk/courses/postgraduate-taught/pgce-secondary-music-welsh-medium-tar,0
https://www.bangor.ac.uk/courses/postgraduate-taught/pgce-secondary-modern-languages-welsh-medium-tar,0
https://www.bangor.ac.uk/courses/postgraduate-taught/pgce-secondary-biology-welsh-medium-tar,0
https://www.bangor.ac.uk/courses/postgraduate-taught/pgce-additional-learning-needs-primary-3-11-pgcert,0
https://www.bangor.ac.uk/courses/postgraduate-taught/pgce-secondary-art-welsh-medium-tar,0
https://www.bangor.ac.uk/courses/postgraduate-taught/pgce-secondary-physics-english-medium-pgce,0
https://www.bangor.ac.uk/courses/postgraduate-taught/pgce-secondary-biology-english-medium-pgce,0
https://www.bangor.ac.uk/courses/postgraduate-taught/pgce-secondary-mathematics-english-medium-pgce,0
https://www.bangor.ac.uk/courses/postgraduate-taught/pgce-secondary-design-technology-welsh-medium-tar,0
https://www.bangor.ac.uk/courses/postgraduate-taught/pgce-secondary-welsh-tar,0
https://www.bangor.ac.uk/courses/postgraduate-taught/pgce-secondary-religious-education-welsh-medium-tar,0
https://www.bangor.ac.uk/courses/postgraduate-taught/pgce-secondary-chemistry-welsh-medium-tar,0
https://www.bangor.ac.uk/courses/postgraduate-taught/pgce-primary-with-qts-3-11-english-medium,0
https://www.bangor.ac.uk/education-and-human-development/staff,0
https://www.bangor.ac.uk/courses/postgraduate-taught/pgce-secondary-outdoor-activities-welsh-medium-tar,0
https://www.bangor.ac.uk/courses?level_of_study=pgt_course&ug_subject_area=All&ug_subject_combination=All&ug_course_type=All&pgt_subject_area=1186&pgt_course_type=All&pgt_course_mode=All&pgt_start_date=All&pgr_subject_area=All&pgr_course_type=All,0
https://www.bangor.ac.uk/courses/postgraduate-taught/pgce-secondary-music-english-medium-pgce,0
https://www.bangor.ac.uk/courses/postgraduate-taught/pgce-secondary-modern-languages-english-medium-pgce,0
https://www.bangor.ac.uk/courses/postgraduate-taught/pgce-secondary-outdoor-activities-english-medium-pgce,0
https://www.bangor.ac.uk/courses/postgraduate-taught/pgce-secondary-history-english-medium-pgce,0
https://www.bangor.ac.uk/courses/postgraduate-taught/pgce-secondary-geography-welsh-medium-tar,0
https://www.bangor.ac.uk/courses/postgraduate-taught/pgce-secondary-physics-welsh-medium-tar,0
https://www.bangor.ac.uk/courses/postgraduate-taught/pgce-secondary-english-english-medium-pgce,0
https://www.bangor.ac.uk/courses/postgraduate-taught/pgce-secondary-physical-education-english-medium-pgce,0
https://www.bangor.ac.uk/courses/postgraduate-taught/pgce-secondary-information-technology-english-medium-pgce,0
https://www.bangor.ac.uk/courses?level_of_study=pgt_course&ug_subject_area=All&ug_subject_combination=All&ug_course_type=All&ug_language=All&pgt_subject_area=996&pgt_course_type=All&pgt_course_mode=All&pgt_start_date=All&pgt_language=All&pgr_subject_area=All&pgr_course_type=All,0
https://www.bangor.ac.uk/bbs/podcasts,0
https://www.bangor.ac.uk/profiles/BBS/Alumni/Mujahid-Rasul,0
https://www.bangor.ac.uk/news/2025-12-18-the-albert-gubay-business-school-achieves-outstanding-results-in-national,0
https://www.bangor.ac.uk/profiles/students/daisy-pierce,0
https://www.bangor.ac.uk/courses?level_of_study=pgt_course&ug_subject_area=All&ug_subject_combination=All&ug_course_type=All&pgt_subject_area=996&pgt_course_type=All&pgt_course_mode=All&pgt_start_date=All&pgr_subject_area=All&pgr_course_type=All,0
https://www.bangor.ac.uk/profiles/BBS/Alumni/Pradeep-Samtani,0
https://www.bangor.ac.uk/profiles/BBS/Student/NataliaKeleEhenulo,0
https://www.bangor.ac.uk/business/staff/en,0
https://www.bangor.ac.uk/natural-sciences/subject-areas/forestry/,0
https://www.bangor.ac.uk/profiles/students/gem-simmons,0
https://www.bangor.ac.uk/coese-research-institute/crre,0
https://www.bangor.ac.uk/courses?level_of_study=pgt_course&ug_subject_area=All&ug_subject_combination=All&ug_course_type=All&pgt_subject_area=1091&pgt_course_type=All&pgt_course_mode=All&pgt_start_date=All&pgr_subject_area=All&pgr_course_type=All,0
https://www.bangor.ac.uk/courses?level_of_study=pgt_course&ug_subject_area=All&ug_subject_combination=All&ug_course_type=All&ug_language=All&pgt_subject_area=1091&pgt_course_type=All&pgt_course_mode=All&pgt_start_date=All&pgt_language=All&pgr_subject_area=All&pgr_course_type=All,0
https://www.bangor.ac.uk/sens/conservation-at-bangor,0
https://www.bangor.ac.uk/courses?level_of_study=pgt_course&ug_subject_area=All&ug_subject_combination=All&ug_course_type=All&pgt_subject_area=1136&pgt_course_type=All&pgt_course_mode=All&pgt_start_date=All&pgr_subject_area=All&pgr_course_type=All,0
https://www.bangor.ac.uk/study/postgraduate/renewables/our-research,0
https://www.bangor.ac.uk/courses?level_of_study=pgt_course&ug_subject_area=All&ug_subject_combination=All&ug_course_type=All&ug_language=All&pgt_subject_area=1136&pgt_course_type=All&pgt_course_mode=All&pgt_start_date=All&pgt_language=All&pgr_subject_area=All&pgr_course_type=All,0
https://www.bangor.ac.uk/study/postgraduate/celtic-and-medieval-studies,0
https://www.bangor.ac.uk/courses?level_of_study=pgt_course&ug_subject_area=All&ug_subject_combination=All&ug_course_type=All&pgt_subject_area=1001&pgt_course_type=All&pgt_course_mode=All&pgt_start_date=All&pgr_subject_area=All&pgr_course_type=All,0
https://www.bangor.ac.uk/courses?level_of_study=pgt_course&ug_subject_area=All&ug_subject_combination=All&ug_course_type=All&ug_language=All&pgt_subject_area=1001&pgt_course_type=All&pgt_course_mode=All&pgt_start_date=All&pgt_language=All&pgr_subject_area=All&pgr_course_type=All,0
https://www.bangor.ac.uk/profiles/BBS/Alumni/Richard-Hughes,0
https://www.bangor.ac.uk/business/cmi,0
https://www.bangor.ac.uk/profiles/students/jeremy-smith,0
https://www.bangor.ac.uk/business/academic/crs_postgrad/january_intake.php.en,0
https://www.bangor.ac.uk/profiles/BBS/Alumni/%20Elen-Rankenhohn,0
https://www.bangor.ac.uk/profiles/BBS/Alumni/Elain-Haf-Davies,0
https://www.bangor.ac.uk/courses?level_of_study=pgt_course&ug_subject_area=All&ug_subject_combination=All&ug_course_type=All&ug_language=All&pgt_subject_area=1011&pgt_course_type=All&pgt_course_mode=All&pgt_start_date=All&pgt_language=All&pgr_subject_area=All&pgr_course_type=All,0
https://www.bangor.ac.uk/courses?level_of_study=pgt_course&ug_subject_area=All&ug_subject_combination=All&ug_course_type=All&pgt_subject_area=1011&pgt_course_type=All&pgt_course_mode=All&pgt_start_date=All&pgr_subject_area=All&pgr_course_type=All,0
https://www.bangor.ac.uk/courses?level_of_study=pgt_course&ug_subject_area=All&ug_subject_combination=All&ug_course_type=All&pgt_subject_area=1121&pgt_course_type=All&pgt_course_mode=All&pgt_start_date=All&pgr_subject_area=All&pgr_course_type=All,0
https://www.bangor.ac.uk/courses?level_of_study=pgt_course&ug_subject_area=All&ug_subject_combination=All&ug_course_type=All&ug_language=All&pgt_subject_area=1121&pgt_course_type=All&pgt_course_mode=All&pgt_start_date=All&pgt_language=All&pgr_subject_area=All&pgr_course_type=All,0
https://www.bangor.ac.uk/courses?level_of_study=pgt_course&ug_subject_area=All&ug_subject_combination=All&ug_course_type=All&ug_language=All&pgt_subject_area=1176&pgt_course_type=All&pgt_course_mode=All&pgt_start_date=All&pgt_language=All&pgr_subject_area=All&pgr_course_type=All,0
https://www.bangor.ac.uk/courses?level_of_study=pgt_course&ug_subject_area=All&ug_subject_combination=All&ug_course_type=All&pgt_subject_area=1176&pgt_course_type=All&pgt_course_mode=All&pgt_start_date=All&pgr_subject_area=All&pgr_course_type=All,0
https://www.bangor.ac.uk/alumni/alumni-profiles/james-donaldson,0
https://www.bangor.ac.uk/profiles/students/radha-shah,0
https://www.bangor.ac.uk/courses?level_of_study=pgt_course&ug_subject_area=All&ug_subject_combination=All&ug_course_type=All&ug_language=All&pgt_subject_area=1006&pgt_course_type=All&pgt_course_mode=All&pgt_start_date=All&pgt_language=All&pgr_subject_area=All&pgr_course_type=All,0
https://www.bangor.ac.uk/profiles/students/hai-yen-nguyen,0
https://www.bangor.ac.uk/courses?level_of_study=pgt_course&ug_subject_area=All&ug_subject_combination=All&ug_course_type=All&pgt_subject_area=1006&pgt_course_type=All&pgt_course_mode=All&pgt_start_date=All&pgr_subject_area=All&pgr_course_type=All,0
https://www.bangor.ac.uk/languages-literatures-and-linguistics/research/linguistics/index.php.en,0
https://www.bangor.ac.uk/centre-for-mindfulness,0
https://www.bangor.ac.uk/courses?level_of_study=pgt_course&ug_subject_area=All&ug_subject_combination=All&ug_course_type=All&pgt_subject_area=1146&pgt_course_type=All&pgt_course_mode=All&pgt_start_date=All&pgr_subject_area=All&pgr_course_type=All,0
https://www.bangor.ac.uk/courses?level_of_study=pgt_course&ug_subject_area=All&ug_subject_combination=All&ug_course_type=All&ug_language=All&pgt_subject_area=1146&pgt_course_type=All&pgt_course_mode=All&pgt_start_date=All&pgt_language=All&pgr_subject_area=All&pgr_course_type=All,0
https://cyfieithu.bangor.ac.uk/Aerosol/,0
https://my.bangor.ac.uk/canolfanbedwyr/archebu-cap/en,0
https://www.bangor.ac.uk/cy/canolfan-bedwyr/uned-gyfieithu,0
https://www.bangor.ac.uk/sites/default/files/2026-02/Taflen%20Gyfarwyddiadau%20Zoom.pdf,0
https://apps.bangor.ac.uk/staff/requests/booking/simultaneous/translation/new/,0
https://www.bangor.ac.uk/sites/default/files/2026-02/Taflen%20Gyfarwyddiadau%20Teams.pdf,0
https://www.bangor.ac.uk/arfer,0
https://www.bangor.ac.uk/celt/assessments-and-feedback,0
https://www.bangor.ac.uk/celt/diversity-inclusion-belonging,0
https://www.bangor.ac.uk/celt,0
https://www.bangor.ac.uk/staff/shlss/ama-eyo-076400/en,0
https://my.bangor.ac.uk/celt/documents/ukpsf.pdf,0
https://my.bangor.ac.uk/celt/peer-observation.php.en,0
https://www.bangor.ac.uk/cy/celt,0
https://www.bangor.ac.uk/celt/get-recognised-hea-cpd-scheme,0
https://www.bangor.ac.uk/sites/default/files/2024-09/CELT%20Conference%202024%20Brochure%20EN%20v2.pdf,0
https://www.bangor.ac.uk/celt/digitally-enhanced-teaching,0
https://www.bangor.ac.uk/staff/cmh/nichola-callow-008351/en,0
https://www.bangor.ac.uk/staff/sos/dei-huws-009343/en,0
https://www.bangor.ac.uk/celt/be-rewarded,0
https://www.bangor.ac.uk/staff/spss/thandi-gilder-016711/en,0
https://www.bangor.ac.uk/celt/get-qualified-hea-pgcertthe,0
https://www.bangor.ac.uk/celt-news,0
https://www.bangor.ac.uk/staff/se/sarah-zylinski-123788/en,0
https://www.bangor.ac.uk/staff/nwms/stephen-doughty-652021/en,0
https://www.bangor.ac.uk/celt/news/student-casework-manager-becomes-a-national-teaching-fellow,0
https://www.bangor.ac.uk/celt/news/new-celt-continuous-professional-development-workshop-series-for-2024,0
https://www.bangor.ac.uk/celt-new/news/bangor-universitys-professor-graham-bird-receives-prestigious-teaching-excellence-in,0
https://www.bangor.ac.uk/staff/sens/rebecca-jones-060766/en,0
https://www.bangor.ac.uk/celt-new/news/celt-conference-2023-enhancing-our-education,0
https://www.bangor.ac.uk/celt/celt-cpd-workshops,0
https://www.bangor.ac.uk/staff/sos/laura-grange-479754/en,0
https://www.bangor.ac.uk/celt/teaching-through-the-medium-of-welsh,0
https://www.bangor.ac.uk/governance-services/contacts,0
https://www.bangor.ac.uk/governance-and-compliance/index.php.cy,0
https://www.bangor.ac.uk/cy/gwasanaethau-myfyrwyr/profiad-myfyrwyr,0
https://www.bangor.ac.uk/cy/treborth,0
https://research.bangor.ac.uk/en/persons/jane-smith,0
https://research.bangor.ac.uk/en/persons/natalie-chivers-cross,0
https://www.bangor.ac.uk/treborth/gardens-woodland-and-glasshouses,0
https://www.bangor.ac.uk/treborth/news/conservationist-and-arctic-researcher-to-be-honoured-at-bangor-universitys-winter,0
https://www.bangor.ac.uk/treborth/news/treborth-botanic-garden-recognised-as-the-national-collection-holder-of-welsh-native,0
https://www.bangor.ac.uk/treboth/our-location-and-faqs,0
https://shop.bangor.ac.uk/product-catalogue/treborth-botanic-garden/donations/treborth-botanic-garden-donations,0
https://www.bangor.ac.uk/treborth/wildlife,0
https://www.bangor.ac.uk/treborth/wildlife-at-treborth,0
https://www.bangor.ac.uk/treborth/news/bangor-university-unveils-welsh-herbal-garden-at-treborth-to-celebrate-medicinal,0
https://shop.bangor.ac.uk/product-catalogue/treborth-botanic-garden,0
https://research.bangor.ac.uk/en/persons/rosemary-kressman,0
https://www.bangor.ac.uk/treborth/news/draig-beats-festival-draws-hundreds-for-a-day-of-wellbeing-music-and-science-in,0
https://www.bangor.ac.uk/treborth/trails,0
https://www.bangor.ac.uk/treborth/gardens-woodland-and-glasshouses-at-treborth,0
https://teras.bangor.ac.uk/index.php.en,0
https://teras.bangor.ac.uk/location.php.en,0
https://teras.bangor.ac.uk/vouchers.php.en,0
https://teras.bangor.ac.uk/documents/private-hire.pdf,0
https://teras.bangor.ac.uk/index.php.cy,0
https://teras.bangor.ac.uk/,0
https://teras.bangor.ac.uk/documents/teras-xmas2019-menu.pdf,0
https://teras.bangor.ac.uk/reservations.php.en,0
https://www.bangor.ac.uk/graduation/index.php.en,0
https://www.bangor.ac.uk/student-administration/indices/students.php.en,0
https://www.bangor.ac.uk/student-administration/publications/index.php.en,0
https://www.bangor.ac.uk/studentcharter/index.php.en,0
https://www.bangor.ac.uk/student-administration/staff.php.en,0
https://www.bangor.ac.uk/student-administration/faq/index.php.en,0
https://www.bangor.ac.uk/student-administration/indices/staff_times_and_dates.php.en,0
https://www.bangor.ac.uk/student-administration/publications/forms.php.en,0
https://www.bangor.ac.uk/student-administration/sturec/hesa-notice.php.en,0
https://www.bangor.ac.uk/student-administration/indices/admissions.php.en,0
https://www.bangor.ac.uk/student-administration/indices/staff_modules_and_courses.php.en,0
https://www.bangor.ac.uk/student-administration/indices/staff_assessment_and_exams.php.en,0
https://www.bangor.ac.uk/registration/online-registration,0
https://www.bangor.ac.uk/student-administration/sturec/Proof-of-identity.php.en,0
https://www.bangor.ac.uk/student-administration/indices/prospective.php.en,0
https://www.bangor.ac.uk/student-services/monitoring-and-compliance-team,0
https://www.bangor.ac.uk/student-administration/course/index.php.en,0
https://www.bangor.ac.uk/student-administration/indices/all_links_for_staff.php.en,0
https://www.bangor.ac.uk/student-administration/terms-and-conditions/index.php.en,0
https://www.bangor.ac.uk/student-administration/indices/parents.php.en,0
https://www.bangor.ac.uk/student-administration/indices/staff_tandl.php.en,0
https://www.bangor.ac.uk/student-administration/calendar/index.php.en,0
https://www.bangor.ac.uk/student-administration/admissions/index.php.en,0
https://www.bangor.ac.uk/student-administration/enquiry.php.en,0
https://www.bangor.ac.uk/student-administration/indices/current.php.en,0
https://www.bangor.ac.uk/student-administration/indices/past.php.en,0
https://www.bangor.ac.uk/student-administration/sturec/index.php.en,0
https://www.bangor.ac.uk/student-administration/documents/engagement-policy.pdf,0
https://www.bangor.ac.uk/student-administration/indices/a2z.php.en,0
https://www.bangor.ac.uk/student-administration/index.php.cy,0
https://www.bangor.ac.uk/student-administration/indices/staff_rae.php.en,0
https://www.bangor.ac.uk/student-administration/indices/staff.php.en,0
https://www.bangor.ac.uk/about/honorary-degrees-2024,0
https://www.bangor.ac.uk/about/honorary-degrees-2023,0
https://www.bangor.ac.uk/about/honorary-degrees-2025,0
https://www.bangor.ac.uk/about/honorary-degrees-2022,0
https://www.bangor.ac.uk/governance-and-compliance/ordinances/Ord31_Honorary_Degrees_and_Fellowships_v2.1_approved_November_2024%20ENG.pdf,0
https://www.bangor.ac.uk/cy/amdanom/cymrodyr-er-anrhydedd,0
https://www.bangor.ac.uk/spp/facts-and-figures,0
https://my.bangor.ac.uk/planning-and-student-data/business-intelligence/index.php.en,0
https://www.bangor.ac.uk/spp/contacts,0
https://www.bangor.ac.uk/cy/spc/cynllunio-a-data-myfyrwyr,0
https://my.bangor.ac.uk/planning-and-student-data/strategic-plan/index.php.en,0
https://www.bangor.ac.uk/cio/index.php.cy,0
https://my.bangor.ac.uk/humanresources/equalitydiversity/restricted/e-i-a-presentation.pdf,0
https://www.bangor.ac.uk/sites/default/files/2022-11/Equality-Impact-Assessment-Form-2021%20(1).pdf,0
https://www.bangor.ac.uk/cy/amdanom/addysgu,0
https://www.bangor.ac.uk/elcos/pre-sessional,0
https://www.bangor.ac.uk/elcos/mandarin,0
https://www.bangor.ac.uk/elcos/arabic,0
https://www.bangor.ac.uk/elcos/apply,0
https://www.bangor.ac.uk/elcos/staff,0
https://www.bangor.ac.uk/cy/elcos,0
https://www.bangor.ac.uk/elcos/modules,0
https://www.bangor.ac.uk/elcos/summer-school,0
https://www.bangor.ac.uk/international/support/,0
https://www.bangor.ac.uk/elcos/language-improvement,0
https://www.bangor.ac.uk/elcos/useful-information,0
https://www.bangor.ac.uk/commercial-services/baruno.php.cy,0
https://www.bangor.ac.uk/commercial-services/documents/baruno-menu-en.pdf,0
https://www.bangor.ac.uk/studentlife/index.php.en,0
https://www.bangor.ac.uk/index.php.en,0
https://www.bangor.ac.uk/courses/index.php.en,0
https://www.bangor.ac.uk/research/index.php.en,0
https://www.bangor.ac.uk/about/index.php.en,0
https://www.bangor.ac.uk/workingwithbusiness/index.php.en,0
https://www.bangor.ac.uk/alumni/index.php.en,0
https://dyslexia.bangor.ac.uk/research.php.en,0
https://dyslexia.bangor.ac.uk/assessment.php.en,0
https://dyslexia.bangor.ac.uk/,0
https://dyslexia.bangor.ac.uk/index.php.cy,0
https://dyslexia.bangor.ac.uk/about-us.php.en,0
https://dyslexia.bangor.ac.uk/location.php.en,0
https://dyslexia.bangor.ac.uk/teaching-and-intervention.php.en,0
https://dyslexia.bangor.ac.uk/news.php.en,0
https://xerte.bangor.ac.uk/xerte/play.php?template_id=250,0
https://shop.bangor.ac.uk/product-catalogue/canolfan-dyslecsia-miles-miles-dyslexia-centre,0
https://dyslexia.bangor.ac.uk/index.php.en,0
https://dyslexia.bangor.ac.uk/professional-development.php.en,0
https://www.bangor.ac.uk/student-administration/tu/documents/Calendar-2026-27.xlsx,0
https://www.bangor.ac.uk/itservices/admin/timetable/,0
https://apps.bangor.ac.uk/timetable/room/cal/,0
https://www.bangor.ac.uk/student-administration/tu/documents/Room%20Directions%20English%20&%20Welsh.pdf,0
https://my.bangor.ac.uk/gazettes/,0
https://apps.bangor.ac.uk/timetable/personal/cal/,0
https://www.bangor.ac.uk/itservices/getting-help.php.en,0
https://www.bangor.ac.uk/itservices/office365/CalSync.php.en,0
https://www.bangor.ac.uk/student-administration/tu/index.php.cy,0
https://www.bangor.ac.uk/student-administration/tu/rooms.php.en,0
https://www.bangor.ac.uk/student-administration/assessment/index.php.en,0
https://www.bangor.ac.uk/student-administration/tu/documents/calendar-2025-26.xlsx,0
https://www.bangor.ac.uk/itservices/lecturerooms/roomslist?depid=1,0
https://www.bangor.ac.uk/commercial-services/index.php.cy,0
https://tir-na-nog.bangor.ac.uk/playroom.php.en,0
https://tir-na-nog.bangor.ac.uk/research/,0
https://tir-na-nog.bangor.ac.uk/outdoors.php.en,0
https://my.bangor.ac.uk/index.php.en,0
https://www.bangor.ac.uk/ar/ro/recordsmanagement/freedomofinformation/index.php.en,0
https://tir-na-nog.bangor.ac.uk/toddler-room.php.en,0
https://tir-na-nog.bangor.ac.uk/testimonials.php.en,0
https://tir-na-nog.bangor.ac.uk/reports.php.en,0
https://tir-na-nog.bangor.ac.uk/index.php.cy,0
https://tir-na-nog.bangor.ac.uk/babyroom.php.en,0
https://tir-na-nog.bangor.ac.uk/mission.php.en,0
https://www.bangor.ac.uk/corporate/cookies/index.php.en,0
https://tir-na-nog.bangor.ac.uk/healthy.php.en,0
https://tir-na-nog.bangor.ac.uk/keyperson.php.en,0
https://tir-na-nog.bangor.ac.uk/virtual-tours.php.en,0
https://tir-na-nog.bangor.ac.uk/,0
https://tir-na-nog.bangor.ac.uk/contact.php.en,0
https://tir-na-nog.bangor.ac.uk/policies.php.en,0
https://tir-na-nog.bangor.ac.uk/early-years.php.en,0
https://tir-na-nog.bangor.ac.uk/index.php.en,0
https://tir-na-nog.bangor.ac.uk/opening-and-prices.php.en,0
https://www.bangor.ac.uk/corporate/contactus.php.en,0
https://www.bangor.ac.uk/planning-and-student-data/business-intelligence/index.php.en,0
https://www.bangor.ac.uk/planning-and-student-data/index.php.cy,0
https://www.bangor.ac.uk/planning-and-student-data/contact.php.en,0
https://www.bangor.ac.uk/cy/amdanom/graddau-er-anrhydedd,0
https://www.bangor.ac.uk/legal-and-compliance-services/contacts,0
https://www.bangor.ac.uk/cy/gwasanaethau-llywodraethu,0
https://my.bangor.ac.uk/employability-info/index.php.en,0
https://www.bangor.ac.uk/careers-and-employability/news/from-afghanistan-to-anglesey-masi-makes-an-impact-through-graduate,0
https://www.bangor.ac.uk/careers-and-employability/careers-and-employability-news,0
https://www.bangor.ac.uk/skills-and-employability/employers.php.en,0
https://www.bangor.ac.uk/careers-and-employability/news/learning-from-each-other-how-a-new-scheme-benefited-both-young,0
https://www.bangor.ac.uk/careers-and-employability/news/timber-business-branching-out-into-new-markets-and-territories-with,0
https://www.bangor.ac.uk/cy/gyrfaeodd-a-chyflogadwyedd,0
https://www.bangor.ac.uk/careers-and-employability/news/employability-and-excellence-award-winners-2024,0
https://www.bangor.ac.uk/skills-and-employability/graduates.php.en,0
https://www.bangor.ac.uk/cy/amdanom/partneriaeth,0
https://www.bangor.ac.uk/news-and-events-0,0
https://www.bangor.ac.uk/archives-and-special-collections/news/message-relating-to-the-recent-financial-sustainability,0
https://www.bangor.ac.uk/research-centres,0
https://www.bangor.ac.uk/archives-and-special-collections/news/bangor-fund-supports-online-exhibition-showcasing-rare,0
https://www.bangor.ac.uk/archives-and-special-collections/news/bangor-university-archives-iswe-awarded-welsh-government,0
https://www.bangor.ac.uk/archives-and-special-collections/about-us,0
https://www.bangor.ac.uk/archives-and-special-collections/news/bangor-fund-supports-preservation-of-universitys,0
https://www.bangor.ac.uk/archives-and-special-collections/our-collections,0
https://www.bangor.ac.uk/archives-and-special-collections/news/hundreds-celebrate-1500-years-of-heritage-at-the-bangor,0
https://www.bangor.ac.uk/ASC/digital-resources-1,0
http://library.bangor.ac.uk/,0
http://calmview.bangor.ac.uk/CalmView/Default.aspx,0
https://www.bangor.ac.uk/cy/archifau-a-chasgliadau-arbennig,0
https://www.bangor.ac.uk/user-information,0
https://www.bangor.ac.uk/courses/undergrad/apply.php.en,0
https://www.bangor.ac.uk/international/applying/home,0
https://www.bangor.ac.uk/admissions/index.php.cy,0
https://www.bangor.ac.uk/regulations/,0
https://www.bangor.ac.uk/courses/undergrad/apply_when.php.en,0
https://www.bangor.ac.uk/finance-services/online-shop,0
https://www.bangor.ac.uk/finance-services/payments,0
https://www.bangor.ac.uk/finance-services/suppliers,0
https://www.bangor.ac.uk/finance-services/general-information/contacts,0
https://www.bangor.ac.uk/finance-services/general-information,0
https://www.bangor.ac.uk/cy/gwasanaethau-cyllid,0
https://www.bangor.ac.uk/finance-services/staff,0
https://www.bangor.ac.uk/finance-services/faqs,0
https://my.bangor.ac.uk/finance-services/booking-business-travel.php.en,0
http://bucu.bangor.ac.uk/about,0
http://bucu.bangor.ac.uk/amdanom,0
http://bucu.bangor.ac.uk/help,0
http://bucu.bangor.ac.uk/join,0
http://bucu.bangor.ac.uk/documents/Recognition%20Agreement.pdf,0
http://bucu.bangor.ac.uk/documents/RulesofBangorUCU2022-Copy.pdf,0
http://bucu.bangor.ac.uk/news,0
http://bucu.bangor.ac.uk/contact,0
https://www.bangor.ac.uk/humanresources/policies/employment/Management%20of%20Change%20Policy%20&%20Procedure.pdf,0
http://bucu.bangor.ac.uk/documents/Bangor%20UCU%20Branch%20Handbook%20V4.0.pdf,0
http://bucu.bangor.ac.uk/documents/Time%20Off%20and%20Facilities%20Agreement%20June%202020.pdf,0
https://library.bangor.ac.uk/discovery/search?vid=44WHELF_BANG%3A44WHELF_BANG_VU4,0
https://library.bangor.ac.uk/discovery/search?vid=44WHELF_BANG:44WHELF_BANG_VU4&lang=en,0
https://www.bangor.ac.uk/cy/llyfrgell-ac-archifau,0
https://www.bangor.ac.uk/humanresources/bangorbenefits/childcaretnn.php.en,0
https://www.bangor.ac.uk/humanresources/occupationalhealth/mgrinfo.php.en,0
https://www.bangor.ac.uk/humanresources/bangorbenefits/wha-healthcare.php.en,0
https://www.bangor.ac.uk/humanresources/occupationalhealth/health-surveillance.php.en,0
https://www.bangor.ac.uk/humanresources/links.php.en,0
https://www.bangor.ac.uk/humanresources/clinical-academics.php.en,0
https://www.bangor.ac.uk/humanresources/forms.php.en,0
https://www.bangor.ac.uk/humanresources/bangorbenefits/creditunion.php.en,0
https://www.bangor.ac.uk/humanresources/bangorbenefits/myadvantages.php.en,0
https://www.bangor.ac.uk/humanresources/relocation/guidetoarea.php.en,0
https://www.bangor.ac.uk/humanresources/bangorbenefits/TNN_form_EN.docx,0
https://www.bangor.ac.uk/humanresources/occupationalhealth/index.php.en,0
https://www.bangor.ac.uk/humanresources/systems/systems.php.en,0
https://www.bangor.ac.uk/humanresources/occupationalhealth/menopause.php.en,0
https://www.bangor.ac.uk/humanresources/relocation/wales.php.en,0
https://www.bangor.ac.uk/humanresources/policieshome.php.en,0
https://www.bangor.ac.uk/humanresources/index.php.cy,0
https://www.bangor.ac.uk/humanresources/contacts.php.en,0
https://www.bangor.ac.uk/humanresources/occupationalhealth/contact.php.en,0
https://www.bangor.ac.uk/humanresources/documents/HR & Payroll_processing_time-scales.pdf,0
https://www.bangor.ac.uk/humanresources/systems/contacts.php.en,0
https://www.bangor.ac.uk/humanresources/FINAL%20Staff%20Privacy%20Notice%20.2021.En.pdf,0
https://www.bangor.ac.uk/humanresources/wam/index.php.en,0
https://www.bangor.ac.uk/humanresources/bangorbenefits/buyingannualleave.php.en,0
https://www.bangor.ac.uk/humanresources/occupationalhealth/accesstowork.php.en,0
https://www.bangor.ac.uk/humanresources/relocation/family.php.en,0
https://www.bangor.ac.uk/humanresources/systems/agresso.php.en,0
https://www.bangor.ac.uk/humanresources/bangorbenefits/changes.php.en,0
https://www.bangor.ac.uk/humanresources/systems/accesstoservices.php.en,0
https://www.bangor.ac.uk/humanresources/dynamicwork.php.en,0
https://www.bangor.ac.uk/humanresources/relocation/accomodation.php.en,0
https://www.bangor.ac.uk/humanresources/atoz.php.en,0
https://www.bangor.ac.uk/humanresources/location.php.en,0
https://www.bangor.ac.uk/humanresources/relocation/relocation.php.en,0
https://www.bangor.ac.uk/hr/equality-diversity-inclusion,0
https://www.bangor.ac.uk/humanresources/staffhandbook.php.en,0
https://www.bangor.ac.uk/humanresources/bangorbenefits/cycletoworkmain.php.en,0
https://www.bangor.ac.uk/humanresources/eap/index.php.en,0
https://www.bangor.ac.uk/humanresources/occupationalhealth/confidentiality.php.en,0
https://www.bangor.ac.uk/humanresources/stressmanagement2.php.en,0
https://www.bangor.ac.uk/humanresources/relocation/nonuk.php.en,0
https://www.bangor.ac.uk/humanresources/systems/erecruitment.php.en,0
https://www.bangor.ac.uk/humanresources/bangorbenefits/USS_FAQ_Apr16_EN.pdf,0
https://www.bangor.ac.uk/bangor-benefits,0
https://www.bangor.ac.uk/humanresources/bangorbenefits/forms.php.en,0
https://www.bangor.ac.uk/humanresources/staffsurvey2022/staff-survey.php.en,0
https://www.bangor.ac.uk/humanresources/staffdevelopment/induction.php.en,0
https://www.bangor.ac.uk/humanresources/occupationalhealth/referrals.php.en,0
https://www.bangor.ac.uk/finance/pensions/index.php.en,0
https://www.bangor.ac.uk/humanresources/bangorbenefits/faqupas.php.en,0
https://www.bangor.ac.uk/humanresources/holidayshours.php.en,0
https://www.bangor.ac.uk/humanresources/relocation/services.php.en,0
https://www.bangor.ac.uk/humanresources/bangorbenefits/pensionsmain.php.en,0
https://blackboard.bangor.ac.uk/ultra/courses/_116170_1/outline,0
https://www.bangor.ac.uk/humanresources/pmt/index.php.en,0
https://www.bangor.ac.uk/humanresources/bangorbenefits/cycletoworkfaq.php.en,0
https://www.bangor.ac.uk/humanresources/bangorbenefits/tirnanog_fees.php.en,0
https://www.bangor.ac.uk/humanresources/systems/bi.php.en,0
https://www.bangor.ac.uk/humanresources/occupationalhealth/staffinfo.php.en,0
https://www.bangor.ac.uk/humanresources/relocation/maps.php.en,0
https://www.bangor.ac.uk/humanresources/workingintheuk/index.php.en,0
https://www.bangor.ac.uk/humanresources/bangorbenefits/childcaresodexo.php.en,0
https://www.bangor.ac.uk/humanresources/occupationalhealth/location.php.en,0
https://www.bangor.ac.uk/humanresources/staffdevelopment/index.php.cy,0
https://www.bangor.ac.uk/studentengagement/index.php.cy,0
https://www.bangor.ac.uk/skills-and-employability/index.php.cy,0
https://www.bangor.ac.uk/research-innovation-and-impact-office/index.php.cy,0
https://www.bangor.ac.uk/santander-universities/index.php.cy,0
https://www.bangor.ac.uk/research-innovation-and-impact-office/business.php.cy,0
https://www.bangor.ac.uk/property-and-campus-services/index.php.cy,0
https://www.bangor.ac.uk/cy/gwasanaethau-digidol,0
https://www.bangor.ac.uk/canolfanbedwyr/cyfieithu.php.cy,0
http://tir-na-nog.bangor.ac.uk/index.php.cy,0
https://www.bangor.ac.uk/quality/index.php.cy,0
https://www.bangor.ac.uk/itservices/print-copy-scan.php.cy,0
http://www.dyslexia.bangor.ac.uk/index.php.cy,0
http://teras.bangor.ac.uk/index.php.cy,0
https://www.bangor.ac.uk/celt/index.php.cy,0
https://www.bangor.ac.uk/hss/index.php.cy,0
http://treborth.bangor.ac.uk/index.php.cy,0
https://www.bangor.ac.uk/hss/heads/buildings.php.en,0
https://www.bangor.ac.uk/hss/heads/map.php.en,0
https://www.bangor.ac.uk/hss/inflink/annual-reports.php.en,0
https://www.bangor.ac.uk/hss/heads/wrong.php.en,0
https://www.bangor.ac.uk/hss/forms/forms.php.en,0
https://www.bangor.ac.uk/hss/history.php.en,0
https://www.bangor.ac.uk/hss/inflink/infoab.php.en,0
https://www.bangor.ac.uk/hss/heads/ohsu-resp.php.en,0
https://www.bangor.ac.uk/hss/inflink/drones.php.en,0
https://www.bangor.ac.uk/hss/policies-guidance/intro.php.en,0
https://www.bangor.ac.uk/hss/training.php.en,0
https://www.bangor.ac.uk/hss/heads/why.php.en,0
https://www.bangor.ac.uk/hss/staff.php.en,0
https://www.bangor.ac.uk/hss/wellness/workand.php.en,0
https://www.bangor.ac.uk/hss/inflink/accidentandincidentfinalb.php.en,0
https://www.bangor.ac.uk/hss/inflink/documents/H&SPolicy&Arrangements.pdf,0
https://www.bangor.ac.uk/hss/heads/money.php.en,0
https://www.bangor.ac.uk/hss/coordinators.php.en,0
https://www.bangor.ac.uk/hss/wellness/intro.php.en,0
https://www.bangor.ac.uk/hss/law-duties/law.php.en,0
https://www.bangor.ac.uk/hss/heads/summary.php.en,0
https://www.bangor.ac.uk/hss/students/students.php.en,0
https://www.bangor.ac.uk/hss/heads/guide.php.en,0
https://www.bangor.ac.uk/hss/wellness/yourhealth.php.en,0
https://www.bangor.ac.uk/hss/heads/know.php.en,0
https://www.bangor.ac.uk/hss/report.php.en,0
http://hsgroup.bangor.ac.uk/index.php.en,0
https://www.bangor.ac.uk/hss/audits-reports.php.en,0
https://www.bangor.ac.uk/hss/heads/index.php.en,0
https://www.bangor.ac.uk/hss/inflink/overseas.php.en,0
https://www.bangor.ac.uk/hss/location.php.en,0
https://www.bangor.ac.uk/hss/forstaff.php.en,0
https://www.bangor.ac.uk/property-and-campus-services/security-services.php.en,0
https://www.bangor.ac.uk/hss/heads/help.php.en,0
https://www.bangor.ac.uk/hss/students-staff.php.en,0
https://www.bangor.ac.uk/governance-and-compliance/,0
https://www.bangor.ac.uk/hss/inflink/statutory.php.en,0
https://www.bangor.ac.uk/hss/about.php.en,0
https://www.bangor.ac.uk/hss/inflink/fire2012.php.en,0
https://www.bangor.ac.uk/hss/heads/delegate.php.en,0
https://www.bangor.ac.uk/hss/heads/need-to-do.php.en,0
https://www.bangor.ac.uk/hss/supervisory.php.en,0
https://www.bangor.ac.uk/hss/visitors.php.en,0
https://www.bangor.ac.uk/hss/heads/what.php.en,0
https://www.bangor.ac.uk/cy/gwasanaethau-campws,0
https://my.bangor.ac.uk/handbook/undergrad/,0
https://www.bangor.ac.uk/campus-services/campus-development,0
https://www.bangor.ac.uk/property-and-campus-services/docs/vehicle-parking-regulations-2024-25-en.docx,0
https://www.bangor.ac.uk/campus-services,0
https://www.bangor.ac.uk/property-and-campus-services/docs/vehicle-parking-regulations-en.docx,0
https://treborth.bangor.ac.uk/index.php.en,0
https://www.bangor.ac.uk/campus-services/system-status,0
https://www.bangor.ac.uk/quality/audits.php.en,0
https://www.bangor.ac.uk/quality/uk-quality-assured.php.en,0
https://www.bangor.ac.uk/bangor-university-202122-degree-outcomes-statement,0
https://www.bangor.ac.uk/quality/external/pgr.php.en,0
https://www.bangor.ac.uk/quality/course/valid.php.en,0
https://www.bangor.ac.uk/quality/information_for_student_reviewers.php.en,0
https://www.bangor.ac.uk/quality/psrb.php.en,0
https://www.bangor.ac.uk/quality/documents/DegreeOutcomesStatement2020-21.pdf,0
https://my.bangor.ac.uk/curriculum/index.php.en,0
https://www.bangor.ac.uk/quality/docs/CQFW fan.pdf,0
https://www.bangor.ac.uk/quality/ext_exam.php.en,0
https://www.bangor.ac.uk/bangor-university-2022-23-degree-outcomes-statement,0
https://www.bangor.ac.uk/quality/collaborative.php.en,0
https://www.bangor.ac.uk/quality/annual_rev.php.en,0
https://www.bangor.ac.uk/student-administration/course/valid.php.en,0
https://www.bangor.ac.uk/quality/quality_assurance.php.en,0
https://www.bangor.ac.uk/quality/staff.php.en,0
https://www.bangor.ac.uk/commercial-services/delivered-catering.php.cy,0
https://www.bangor.ac.uk/commercial-services/staff.php.cy,0
https://www.bangor.ac.uk/commercial-services/pontio-conferencing.php.cy,0
https://www.bangor.ac.uk/commercial-services/pontio-location.php.en,0
https://www.bangor.ac.uk/commercial-services/documents/fairtrade-policy-2024-en.pdf,0
https://www.bangor.ac.uk/sustainability/curriculum-teams.php.en,0
https://www.bangor.ac.uk/commercial-services/fair-trade.php.cy,0
https://www.bangor.ac.uk/management_centre/accommodation.php.en,0
https://www.bangor.ac.uk/management_centre/contact.php.en,0
https://www.bangor.ac.uk/management_centre/news.php.en,0
https://www.bangor.ac.uk/management_centre/centre.php.en,0
https://www.bangor.ac.uk/management_centre/intranet/human-resource-policies.php.en,0
https://www.bangor.ac.uk/management_centre/events,0
https://www.bangor.ac.uk/management_centre/intranet/email.php.en,0
https://www.bangor.ac.uk/business/index.php.en,0
https://www.bangor.ac.uk/management_centre/covid-safe-events.php.en,0
https://www.bangor.ac.uk/management_centre/events/,0
https://www.bangor.ac.uk/management_centre/iod-north-wales-hub.php.en,0
https://www.bangor.ac.uk/management_centre/Thelocalarea.php.en,0
https://www.bangor.ac.uk/management_centre/benefits.php.en,0
https://www.bangor.ac.uk/management_centre/opportunities.php.en,0
https://www.bangor.ac.uk/management_centre/intranet/index.php.en,0
https://www.bangor.ac.uk/management_centre/documents/TermsandConditions2022.pdf,0
https://www.bangor.ac.uk/management_centre/Parking.php.en,0
https://www.bangor.ac.uk/management_centre/contact/index.php.en,0
https://www.bangor.ac.uk/management_centre/ITAVservices.php.en,0
https://www.bangor.ac.uk/management_centre/conference.php.cy,0
https://www.bangor.ac.uk/management_centre/access.php.en,0
https://www.bangor.ac.uk/management_centre/virtualtour.php.en,0
https://www.bangor.ac.uk/management_centre/intranet/internal-jobs.php.en,0
https://www.bangor.ac.uk/management_centre/education.php.en,0
https://www.bangor.ac.uk/management_centre/index.php.en,0
https://www.bangor.ac.uk/management_centre/openingtimes.php.en,0
https://www.bangor.ac.uk/management_centre/contact/documents/PrivacyNoticeMay2018.pdf,0
https://bangor-web-int.bangor.ac.uk/index.php.en,0
https://www.bangor.ac.uk/management_centre/BUBCRules.php.en,0
https://www.bangor.ac.uk/management_centre/photogallery/categories/event/event.php.en,0
https://www.bangor.ac.uk/management_centre/governance.php.en,0
https://www.bangor.ac.uk/management_centre/businessclub.php.en,0
https://www.bangor.ac.uk/management_centre/intranet/health-and-safety-policies.php.en,0
https://conference-bookaccommodation.bangor.ac.uk/,0
https://www.bangor.ac.uk/commercial-services/documents/Brailsford - Sports Camps - Final Eng.pdf,0
https://www.bangor.ac.uk/commercial-services/sports-accommodation.php.cy,0
https://www.bangor.ac.uk/commercial-services/documents/football-camps.pdf,0
https://www.bangor.ac.uk/commercial-services/branded-goods.php.cy,0
https://www.bangor.ac.uk/commercial-services/location-reichel.php.en,0
https://www.bangor.ac.uk/commercial-services/documents/reichel-room-layouts.pdf,0
https://www.bangor.ac.uk/commercial-services/reichel-hall-conferencing.php.cy,0
https://www.bangor.ac.uk/commercial-services/teras.php.cy,0
https://www.bangor.ac.uk/commercial-services/documents/main-arts-2017.pdf,0
https://www.bangor.ac.uk/commercial-services/location-main-arts.php.en,0
https://www.bangor.ac.uk/commercial-services/main-arts-conferencing.php.cy,0
https://www.bangor.ac.uk/commercial-services/conference-dining-venues.php.cy,0
http://baruno.bangor.ac.uk/,0
https://www.bangor.ac.uk/commercial-services/pontio.php.cy,0
https://www.bangor.ac.uk/commercial-services/sustainability.php.cy,0
https://www.bangor.ac.uk/commercial-services/documents/sustainable-food-policy-2023.pdf,0
https://www.bangor.ac.uk/commercial-services/location.php.cy,0
https://www.bangor.ac.uk/weddings/catering,0
https://www.bangor.ac.uk/weddings,0
https://www.bangor.ac.uk/weddings/enquiries,0
https://www.bangor.ac.uk/cy/priodasau,0
https://www.bangor.ac.uk/weddings/venues,0
https://www.bangor.ac.uk/weddings/questions,0
https://www.bangor.ac.uk/weddings/accommodation,0
https://www.bangor.ac.uk/commercial-services/team-building.php.cy,0
https://www.bangor.ac.uk/commercial-services/holiday-accommodation.php.cy,0
https://www.bangor.ac.uk/commercial-services/tours/tour13.php.en,0
https://www.bangor.ac.uk/commercial-services/holiday-accommodation-faq.php.en,0
https://www.bangor.ac.uk/commercial-services/pontio-pages/cegin.php.cy,0
https://www.bangor.ac.uk/commercial-services/contact.php.cy,0
https://www.bangor.ac.uk/commercial-services/cafe-teras.php.cy,0
https://www.bangor.ac.uk/commercial-services/pontio-pages/ffynnon.php.cy,0
https://www.bangor.ac.uk/commercial-services/barlows.php.cy,0
https://www.bangor.ac.uk/commercial-services/documents/hot-buffet-menu-2025-en.docx,0
https://www.bangor.ac.uk/commercial-services/documents/Conference-and-events-dinner-menu-2025-web-Eng.pdf,0
https://www.bangor.ac.uk/commercial-services/documents/rhestr-gwin-wine-list.pdf,0
https://www.bangor.ac.uk/commercial-services/documents/delivered-catering-menu-nov-2024-en.pdf,0
https://www.bangor.ac.uk/commercial-services/delivered-catering-menus.php.cy,0
https://www.bangor.ac.uk/commercial-services/book-delivered-catering.php.cy,0
https://www.bangor.ac.uk/commercial-services/documents/Telerau-Amodau-cystadleuaeth.pdf,0
https://www.bangor.ac.uk/commercial-services/about.php.cy,0
https://www.bangor.ac.uk/commercial-services/documents/cynhadleddau-digwyddiadau-cymraeg-28032018.pdf,0
https://www.bangor.ac.uk/cy/about/services-and-facilities,0
https://www.bangor.ac.uk/commercial-services/documents/health-and-safety-CY.pdf,0
https://www.bangor.ac.uk/commercial-services/wedding.php.cy,0
https://www.bangor.ac.uk/commercial-services/holiday-accommodation-faq.php.cy,0
https://www.bangor.ac.uk/commercial-services/pontio-pages/splash.php.cy,0
https://www.bangor.ac.uk/nadolig,0
https://www.bangor.ac.uk/cy/courses/undergraduate/c617-gwyddorau-chwaraeon-addysg-gorfforol-a-hyfforddi-bsc-anrh,0
https://www.bangor.ac.uk/sport-health-and-exercise-sciences/why_study.php.en,0
https://www.bangor.ac.uk/courses?level_of_study=pgt_course&pgt_subject_area=1176,0
https://www.bangor.ac.uk/sport-health-and-exercise-sciences/documents/Postgraduate-Taught-Programmes-Arabi.pdf,0
https://www.bangor.ac.uk/courses/postgraduate-modules/B6AN,0
https://www.bangor.ac.uk/studentfinance/info/sportsscholarships.php.en,0
https://www.bangor.ac.uk/courses?level_of_study=pgt_course&pgt_subject_area=1181,0
https://www.bangor.ac.uk/sport-health-and-exercise-sciences/study-with-us/postgraduate-funding/en,0
https://www.bangor.ac.uk/cy/courses/postgraduate-taught/seicoleg-chwaraeon-ac-ymarfer-achredwyd-gan-y-bps-msc,0
https://www.bangor.ac.uk/sport-health-and-exercise-sciences/documents/Postgraduate-Taught-Programmes-Chinese.pdf,0
https://www.bangor.ac.uk/courses/postgraduate-modules/C6AW,0
https://www.bangor.ac.uk/cy/courses/postgraduate-taught/gwyddor-chwaraeon-ac-ymarfer-msc,0
https://www.bangor.ac.uk/courses?level_of_study=pgt_course&pgt_subject_area=1186,0
https://www.bangor.ac.uk/courses?level_of_study=pgt_course&pgt_subject_area=1151,0
https://www.bangor.ac.uk/cy/courses/postgraduate-taught/tar-uwchradd-addysg-gorfforol-cyfrwng-cymraeg,0
https://www.bangor.ac.uk/cy/courses/postgraduate-research/gwyddorau-chwaraeon-ac-ymarfer-mres,0
http://www.bangor.ac.uk/sport,0
https://www.bangor.ac.uk/courses/postgraduate-modules/C6AE,0
http://www.bangor.ac.uk/courses/postgrad/research/index.php.en,0
https://www.bangor.ac.uk/courses?level_of_study=pgr_course&pgr_subject_area=1376,0
http://www.bangor.ac.uk/sport/,0
https://www.bangor.ac.uk/cy/courses/postgraduate-research/gwyddorau-chwaraeon-ac-ymarfer-phd,0
https://www.bangor.ac.uk/cy/courses/other-courses/datblygu-talent-jxh-4213,0
https://www.bangor.ac.uk/cy/courses/undergraduate/c61f-gwyddor-chwaraeon-ac-ymarfer-gyda-blwyddyn-sylfaen-bsc-anrh,0
https://www.bangor.ac.uk/courses/postgraduate-taught/pgce-secondary-physical-education-welsh-medium-tar,0
https://www.bangor.ac.uk/cy/courses/postgraduate-taught/tar-uwchradd-addysg-gorfforol-cyfrwng-saesneg,0
https://www.bangor.ac.uk/cy/courses/undergraduate/c611-gwyddorau-chwaraeon-antur-bsc-anrh,0
https://www.bangor.ac.uk/sport-health-and-exercise-sciences/postgraduate-modules/C6AT/202021,0
https://www.bangor.ac.uk/sport-health-and-exercise-sciences/postgraduate-courses/sport-and-exercise-psychology-bps-accredited-msc,0
https://www.bangor.ac.uk/cy/courses/postgraduate-taught/seicoleg-perfformio-dysgu-o-bell-ar-lein-yn-rhan-amser-msc,0
https://www.bangor.ac.uk/cy/courses/postgraduate-taught/adsefydlu-trwy-ymarfer-msc,0
https://www.bangor.ac.uk/courses?level_of_study=All&term=sport,0
https://www.bangor.ac.uk/cy/courses/postgraduate-research/seicoleg-chwaraeon-ac-ymarfer-mres,0
https://www.bangor.ac.uk/cy/courses/postgraduate-research/ffisioleg-chwaraeon-ac-ymarfer-mres,0
https://www.bangor.ac.uk/cy/courses/undergraduate/c680-seicoleg-chwaraeon-ac-ymarfer-bsc-anrh,0
https://www.bangor.ac.uk/cy/courses/undergraduate/c616-gwyddorau-chwaraeon-ac-ymarfer-bsc-anrh,0
https://www.bangor.ac.uk/courses/postgraduate-modules/B6AP,0
https://www.bangor.ac.uk/news/latest?news_category=1651,0
https://www.bangor.ac.uk/news/latest?news_category=1651&page=0,0
https://www.bangor.ac.uk/news/latest?news_category=1651&page=6,0
https://www.bangor.ac.uk/news/latest?news_category=1651&page=1,0
https://www.bangor.ac.uk/news/latest?news_category=1651&page=4,0
https://www.bangor.ac.uk/news/latest?news_category=1651&page=77,0
https://www.bangor.ac.uk/news/latest?news_category=1651&page=5,0
https://www.bangor.ac.uk/cy/newyddion?news_category=1651,0
https://www.bangor.ac.uk/news/latest?news_category=1651&page=3,0
https://www.bangor.ac.uk/news/latest?news_category=1651&page=2,0
https://www.bangor.ac.uk/cy/news?news_category=1651,0
https://www.bangor.ac.uk/cy/clirio,0
https://www.bangor.ac.uk/clearing/international,0
https://www.bangor.ac.uk/clearing/no-ucas-account,0
https://www.bangor.ac.uk/clearing/clearing-success,0
https://www.bangor.ac.uk/courses?ug_clearing_checkbox=0&term=&level_of_study=wt_undergraduate_programme&ug_subject_area=All&pgt_subject_area=All&pgr_subject_area=All&field_course_year_start_value=All&field_pgr_start_yr_multi_value=All&field_pgt_start_yr_multi_value=All&pgt_course_type=All&pgt_course_mode=All&pgr_course_type=All&oth_course_study_location=All&oth_subject_area=All,0
https://www.bangor.ac.uk/clearing/applied,0
https://www.bangor.ac.uk/sites/default/files/2026-02/Datganiad%20Trylwyroldeb%202425.pdf,0
https://www.bangor.ac.uk/sites/default/files/2026-01/Adroddiad_Blynyddol_Prifysgol%20Bangor_2024-25.pdf,0
https://www.bangor.ac.uk/sites/default/files/2025-06/Datganiad%20Tryloywder%202324.pdf,0
https://www.bangor.ac.uk/sites/default/files/2025-05/Adroddiad%20Blynyddol%20Prifysgol%20Bangor%202023-24.pdf,0
https://www.bangor.ac.uk/sites/default/files/2021-03/Adroddiad-Blynyddol-2019-20.pdf,0
https://bangor.ac.uk/sites/default/files/2022-02/Bangor%20University%20%E2%80%93%20Annual%20Report%202022%20%28Welsh21022022%29.pdf,0
https://bangor.ac.uk/sites/default/files/2023-01/Adroddiad%20Blynyddol%20a%20Datganiadau%20Ariannol_s.pdf,0
https://www.bangor.ac.uk/cy/cyhoeddiadau/newyddion/mae-baner-y-brifysgol-yn-cael-ei-chwifio-er-cof-am-margaret-shooman-0,0
https://www.bangor.ac.uk/cy/cyhoeddiadau/newyddion/mae-baner-y-brifysgol-yn-cael-ei-chwifio-er-cof-am-dr-jeffrey-lewis-15-01,0
https://www.bangor.ac.uk/cy/cyhoeddiadau/newyddion/mae-baner-y-brifysgol-yn-cael-ei-chwifio-er-cof-am-geraint-gill,0
https://www.bangor.ac.uk/cy/cyhoeddiadau/newyddion/mae-baner-y-brifysgol-yn-cael-ei-chwifio-er-cof-am-poppy-johnson-15-12-2025,0
https://www.bangor.ac.uk/%3Ca%20%20data-cke-saved-href=%22tel:+441248383000%22%20href=%22tel:+441248383000%22%20title=%22%22%3E01248383000%3C/a%3E,0
https://www.bangor.ac.uk/business-services/graduate-internship-pennotec-ltd,0
https://www.bangor.ac.uk/news/2025-03-20-river-and-sea-sense-collaborates-with-bangor-university-academics-and-media,0
https://www.bangor.ac.uk/news/2024-07-26-iona-minerals-and-bangor-university-partner-on-eco-friendly-industrial-soap-rd,0
https://www.bangor.ac.uk/news/2025-05-19-bangor-business-school-helps-drive-visitor-engagement-strategy-for-historic,0
https://www.bangor.ac.uk/cy/business-services/cynllun-talebau-sgiliau-ac-arloesedd,0
https://www.bangor.ac.uk/news/2024-09-05-learning-from-each-other-how-a-new-scheme-benefited-both-young-parents-and-a-new,0
https://www.bangor.ac.uk/news/2024-05-15-from-afghanistan-to-anglesey-masi-makes-an-impact-through-graduate-skills-matching,0
https://www.bangor.ac.uk/doctoral-school/index.php.cy,0
https://www.bangor.ac.uk/collaborationhub/staff.php.cy,0
https://www.bangor.ac.uk/cy/newyddion/2025-07-31-gradual-v-sudden-collapse-what-magnets-teach-us-about-climate-tipping-points,0
https://www.bangor.ac.uk/staff/sacl/zoe-skoulding-008413/en,0
https://www.bangor.ac.uk/cy/newyddion/2025-09-04-academyddion-prifysgol-bangor-wediu-penodi-i-is-baneli-fframwaith-rhagoriaeth,0
https://www.bangor.ac.uk/cy/newyddion/2025-08-06-mae-cam-drin-geiriol-plentyndod-yn-dangos-effaith-debyg-ar-iechyd-meddwl,0
https://www.bangor.ac.uk/news/2025-04-01-stricter-oversight-needed-as-financial-misconduct-drives-risk-taking-in-banking,0
https://www.bangor.ac.uk/cy/newyddion?news_category=1646&page=4,0
https://www.bangor.ac.uk/news/2025-03-03-give-nurses-a-greater-voice-in-implementing-care-in-the-community-say-researchers,0
https://www.bangor.ac.uk/news/2025-03-06-research-to-study-the-benefits-of-a-sauna-as-popularity-rises,0
https://www.bangor.ac.uk/news/latest?news_category=1646&page=7,0
https://www.bangor.ac.uk/news/2025-02-25-researchers-trial-new-therapy-for-male-offenders-with-antisocial-personality,0
https://www.bangor.ac.uk/news/2025-03-04-english-teachers-for-speakers-of-other-languages-in-wales-need-more-training-on,0
https://www.bangor.ac.uk/news/2025-03-18-climate-scientist-to-study-impact-of-extreme-weather-events-on-amazon-basin,0
https://www.bangor.ac.uk/news/2025-02-10-why-the-study-of-deer-poo-in-north-wales-could-shed-light-on-the-future-of-woodland,0
https://www.bangor.ac.uk/news/2025-03-26-bangor-university-research-featured-in-physiological-societys-climate-change-and,0
https://www.bangor.ac.uk/news/2025-03-24-research-and-development-key-to-economic-growth-in-wales,0
https://www.bangor.ac.uk/news/2025-03-11-how-climate-change-could-be-increasing-your-chance-of-catching-a-virus-from-sewage,0
https://www.bangor.ac.uk/news/2025-02-27-research-team-to-address-climate-change-challenges-faced-by-arctic-indigenous,0
https://www.bangor.ac.uk/news/2025-03-13-what-deer-poo-can-tell-us-about-the-future-of-britains-woodlands,0
https://www.bangor.ac.uk/cy/newyddion/2025-08-21-diogelu-dilysrwydd-reis-basmati-y-du-yn-gorfodi-safonau-dilysrwydd-reis,0
https://www.bangor.ac.uk/news/2020-07-07-solving-mysteries-with-leverhulme-research-grants,0
https://www.bangor.ac.uk/news/latest?news_category=1646&page=30,0
https://www.bangor.ac.uk/news/2020-07-03-bangor-researchers-work-informs-lords-report-warning-of-pandemic-of-misinformation,0
https://www.bangor.ac.uk/news/2020-07-09-how-animals-are-coping-with-the-global-weirding-of-the-earths-seasons,0
https://www.bangor.ac.uk/news/latest?news_category=1646&page=33,0
https://www.bangor.ac.uk/news/2020-07-07-forest-research-wins-funding-for-collaborative-research-into-oak-tree-health,0
https://www.bangor.ac.uk/news/2020-07-23-we-discovered-a-new-species-but-war-means-it-may-now-remain-hidden-forever,0
https://www.bangor.ac.uk/news/2020-06-25-noisy-humans-make-birds-sleep-with-one-eye-open-but-lockdown-offered-a-reprieve,0
https://www.bangor.ac.uk/news/2020-07-09-post-covid-shift-away-from-global-supply-chains-could-boost-north-wales-economy,0
https://www.bangor.ac.uk/news/2020-06-29-dont-disturb-the-sleeping-oystercatchers,0
https://www.bangor.ac.uk/news/latest?news_category=1646&page=32,0
https://www.bangor.ac.uk/news/latest?news_category=1646&page=29,0
https://www.bangor.ac.uk/news/latest?news_category=1646&page=31,0
https://www.bangor.ac.uk/news/latest?news_category=1646&page=34,0
https://www.bangor.ac.uk/news/2020-06-19-artificial-night-sky-poses-serious-threat-to-coastal-species,0
https://www.bangor.ac.uk/news/2020-07-02-work-begins-on-uk-system-for-estimating-covid-19-cases-from-wastewater,0
https://www.bangor.ac.uk/news/2020-07-06-the-impact-of-climate-change-on-marmot-survival-differs-between-seasons,0
https://www.bangor.ac.uk/news/2020-07-10-super-lenses-made-from-spider-webs-and-laser-based-advanced-manufacturing-to-be,0
https://www.bangor.ac.uk/cy/newyddion?news_category=1646&page=35,0
https://www.bangor.ac.uk/news/2025-01-22-bangor-university-selected-to-contribute-to-ukaeas-librti-programme,0
https://www.bangor.ac.uk/news/2025-01-30-major-funding-boost-to-advance-health-and-social-care-research-across-wales,0
https://www.bangor.ac.uk/news/2024-12-12-biopots-supporting-agroforestry-and-reducing-single-use-plastics-waste-in-east,0
https://www.bangor.ac.uk/cy/newyddion?news_category=1646&page=5,0
https://www.bangor.ac.uk/news/2024-12-10-scientists-predict-climate-impacts-on-european-soils,0
https://www.bangor.ac.uk/news/2025-01-31-tv-naturalist-works-with-bangor-academics-to-record-world-first-sighting,0
https://www.bangor.ac.uk/news/2025-01-16-bangor-university-psychologist-helps-wales-visitors-to-feel-the-hwyl-in-tourism,0
https://www.bangor.ac.uk/news/2024-12-05-major-uk-study-reveals-disappointing-results-for-the-effectiveness-of-the-world,0
https://www.bangor.ac.uk/news/latest?news_category=1646&page=8,0
https://www.bangor.ac.uk/news/2025-02-07-britain-has-a-new-snake-species-should-climate-change-mean-it-is-allowed-to-stay-3,0
https://www.bangor.ac.uk/news/2025-01-28-bangor-university-leads-efforts-to-improve-how-research-is-reported-within-nhs-care,0
https://www.bangor.ac.uk/news/2025-01-22-how-ai-can-predict-rugby-injuries-before-they-happen,0
https://www.bangor.ac.uk/news/2025-01-15-buried-alive-the-surreal-story-of-how-covid-took-over-a-remote-city-in-the-amazon,0
https://www.bangor.ac.uk/news/2025-01-31-research-shows-that-existing-phenotypic-plasticity-lets-plants-adapt-quickly-to,0
https://www.bangor.ac.uk/cy/newyddion/2025-09-03-bilingualism-possible-in-people-with-rare-genetic-condition-that-normally,0
https://www.bangor.ac.uk/cy/newyddion?news_category=1646&page=2,0
https://www.bangor.ac.uk/cy/newyddion?news_category=1646&page=3,0
https://www.bangor.ac.uk/cy/newyddion/2025-08-04-a-fydd-ynni-gwynt-alltraeth-yn-cael-effaith-ar-gynhyrchedd-y-cefnforoedd,0
https://www.bangor.ac.uk/cy/newyddion?news_category=1646&page=1,0
https://www.bangor.ac.uk/cy/newyddion?news_category=1646&page=0,0
https://www.bangor.ac.uk/cy/newyddion/2025-09-01-arbenigwyr-yn-annog-y-proffesiwn-meddygol-i-wynebur-diwydiant-arfau-byd-eang,0
https://www.bangor.ac.uk/cy/newyddion/2025-08-28-ymchwilwyr-prifysgol-bangor-yn-ennill-gwobr-apex-am-broject,0
https://www.bangor.ac.uk/cy/newyddion/2025-08-15-why-being-open-about-science-can-make-people-trust-it-less-and-what-to-do,0
https://www.bangor.ac.uk/cy/newyddion/2025-08-11-astudiaeth-newydd-tynged-riffiau-cwrel-yn-gysylltiedig-a-grymoedd-cefnforol,0
https://www.bangor.ac.uk/cy/newyddion/2025-10-01-iechyd-a-gofal-ymchwil-cymru-yn-cyhoeddir-rownd-ddiweddaraf-o-ddyfarniadau,0
https://www.bangor.ac.uk/cy/newyddion/2025-10-15-astudiaeth-newydd-yn-tynnu-sylw-at-yr-angen-brys-am-weithredu-ar-gam-drin,0
https://www.bangor.ac.uk/cy/newyddion?news_category=1646&page=6,0
https://www.bangor.ac.uk/news/2025-05-08-study-reveals-severe-post-brexit-reduction-in-lending-to-smes-in-rural-areas,0
https://www.bangor.ac.uk/news/2025-06-19-plastic-pollution-and-global-warming-are-combining-forces-to-disrupt-ocean-life-say,0
https://www.bangor.ac.uk/news/2025-05-30-seasonal-climate-fluctuations-dominant-global-influence-on-lake-surface-size,0
https://www.bangor.ac.uk/news/2025-06-09-ocean-mud-locks-up-much-of-the-planets-carbon-were-digging-deep-to-map-these,0
https://www.bangor.ac.uk/news/2025-05-12-credit-ratings-are-a-key-check-on-ceo-overconfidence-in-corporate-acquisitions,0
https://www.bangor.ac.uk/news/2025-05-09-elephant-societies-suffer-when-knowledgeable-elders-are-lost-study-reveals,0
https://www.bangor.ac.uk/news/2025-05-09-universities-team-up-to-launch-hub-for-research-informed-professional-development,0
https://www.bangor.ac.uk/news/2025-06-13-how-supergenes-help-fish-evolve-into-new-species,0
https://www.bangor.ac.uk/news/2025-06-12-synchronised-breathing-spreads-diseases-for-bottlenose-dolphins-and-other-cetaceans,0
https://www.bangor.ac.uk/news/2025-06-09-research-to-explore-how-communities-can-work-together-to-bring-about-positive,0
https://www.bangor.ac.uk/news/2025-05-27-for-many-island-species-the-next-tropical-cyclone-may-be-their-last,0
https://www.bangor.ac.uk/news/2025-05-14-researchers-to-develop-virtual-lake-technology-in-response-to-increase-in-extreme,0
https://www.bangor.ac.uk/news/2025-07-07-underwater-lake-heatwaves-are-on-the-rise-threatening-aquatic-life,0
https://www.bangor.ac.uk/news/2025-07-03-new-research-unravels-the-diversity-and-function-of-bacteria-living-inside-wild,0
https://www.bangor.ac.uk/news/2025-07-24-new-resource-encourages-families-to-share-stories-on-their-experiences-of-organ,0
https://www.bangor.ac.uk/news/2025-07-30-collaborative-project-helps-build-understanding-of-how-fishing-affects-seabed,0
https://www.bangor.ac.uk/news/2025-07-02-bangor-university-spearheads-uk-research-into-restoring-vital-temperate-rainforests,0
https://www.bangor.ac.uk/news/2025-07-28-eu3-million-european-grant-awarded-to-bangor-university-to-lead-arthurian-studies,0
https://www.bangor.ac.uk/news/2025-07-09-why-many-kidney-patients-are-still-choosing-hospital-dialysis-and-how-the-nhs-can,0
https://www.bangor.ac.uk/news/2025-07-25-lying-increases-trust-in-science-new-study-finds,0
https://www.bangor.ac.uk/news/2025-07-24-study-reveals-critical-gaps-in-wetlands-role-in-climate-mitigation,0
https://www.bangor.ac.uk/news/2025-07-15-feeling-confident-and-in-control-when-theyre-active-boosts-childrens-wellbeing,0
https://www.bangor.ac.uk/news/2025-07-30-scientists-reveal-how-mature-trees-could-adapt-to-higher-co2-levels-predicted-for,0
https://www.bangor.ac.uk/news/2025-06-27-world-first-study-on-bilingualism-in-rett-syndrome-at-bangor-university,0
https://cheme.bangor.ac.uk/,0
https://www.bangor.ac.uk/news/2025-04-24-blood-test-prototype-designed-to-detect-deadly-diseases-at-remote-point-of-care,0
https://www.bangor.ac.uk/news/2025-04-07-robotic-medication-machine-trialled-in-dolgellau,0
https://www.bangor.ac.uk/news/2025-04-23-is-backing-welsh-independence-the-same-as-being-a-nationalist-not-necessarily,0
https://www.bangor.ac.uk/news/2025-05-07-study-sheds-light-on-how-the-environment-promotes-the-generation-of-new-species,0
https://www.bangor.ac.uk/news/2025-04-10-increase-in-subsurface-heatwaves-in-lakes-threaten-habitats-researchers-warn,0
https://www.bangor.ac.uk/news/2025-04-30-uk-must-grow-more-of-its-own-wood-to-meet-climate-goals-new-research,0
https://www.bangor.ac.uk/news/2025-04-03-flushing-out-resistance-investigating-the-role-of-human-wastewater-in-the-spread-of,0
https://www.bangor.ac.uk/news/2025-04-25-uk-reliance-on-imported-wood-threatens-net-zero-goals-new-research-warns,0
https://www.bangor.ac.uk/news/2025-04-08-underwater-robotic-gliders-provide-new-insights-into-the-impact-of-a-melting,0
https://www.bangor.ac.uk/news/2025-04-29-new-research-debunks-long-held-theory-about-left-handed-brains,0
https://www.bangor.ac.uk/news/2025-05-02-climate-change-is-a-much-bigger-threat-to-agriculture-than-plastic-film-mulch,0
https://www.bangor.ac.uk/news/2025-04-09-research-reveals-major-gaps-in-tidal-knowledge-that-frequently-lead-to-a-risk-to,0
https://www.bangor.ac.uk/news/latest?news_category=1646&page=9,0
https://www.bangor.ac.uk/news/2024-10-08-opt-out-laws-designed-to-make-organ-donation-easier-may-have-actually-made-it,0
https://www.bangor.ac.uk/news/2024-12-04-wales-plans-a-tourism-tax-from-2027-what-it-means-for-visitors-and-communities,0
https://www.bangor.ac.uk/news/2024-10-18-seagrass-and-oysters-a-complicated-relationship-in-a-changing-world,0
https://www.bangor.ac.uk/news/2024-12-03-how-we-found-a-long-lost-first-world-war-vessel-beneath-irish-waters,0
https://www.bangor.ac.uk/news/2024-11-13-study-challenges-long-held-theories-on-how-migratory-birds-navigate,0
https://www.bangor.ac.uk/news/2024-11-26-making-bullying-everyones-concern-reduces-rates-in-english-and-welsh-primary,0
https://www.bangor.ac.uk/news/2024-11-06-research-hyper-network-identifies-lost-british-warship-sunk-in-wwi,0
https://www.bangor.ac.uk/news/2024-11-05-bio-based-fibres-could-pose-greater-threat-to-the-environment-than-conventional,0
https://www.bangor.ac.uk/news/2024-11-26-report-outlines-opportunities-in-introducing-visitor-levy-for-wales,0
https://www.bangor.ac.uk/news/2024-12-03-bangor-university-researchers-to-undertake-ground-breaking-study-on-underwater,0
https://www.bangor.ac.uk/news/2024-11-19-bangor-university-researchers-listed-among-worldwide-top-1,0
https://www.bangor.ac.uk/news/2024-10-02-madagascars-mining-rush-has-caused-no-more-deforestation-than-farming-new-study,0
https://www.bangor.ac.uk/virtual-experience/cy,0
https://www.bangor.ac.uk/bbs/news,0
https://www.bangor.ac.uk/cy/ybb/croeso,0
https://www.bangor.ac.uk/bbs/careers-employability,0
https://www.bangor.ac.uk/bbs/the-business-clinic,0
https://www.bangor.ac.uk/bbs/postgraduate,0
https://www.bangor.ac.uk/bbs/partnerships,0
https://www.bangor.ac.uk/bbs/undergraduate,0
https://www.bangor.ac.uk/bbs/related-links,0
https://www.bangor.ac.uk/bbs/supporting-young-people,0
https://www.bangor.ac.uk/bbs/centre-of-excellence,0
https://www.bangor.ac.uk/bbs/athena-swan,0
https://www.bangor.ac.uk/bbs/events,0
https://www.bangor.ac.uk/bbs/professional-recognition,0
https://www.bangor.ac.uk/staff/business/en,0
https://www.bangor.ac.uk/bbs/contact-us,0
https://www.bangor.ac.uk/bbs/profiles,0
https://www.bangor.ac.uk/business/professional-recognition.php.en,0
https://www.bangor.ac.uk/bbs/outreach,0
https://charteredbankermba.bangor.ac.uk/index.php.en,0
https://www.bangor.ac.uk/albert-gubay-business-school/plans,0
https://www.bangor.ac.uk/bbs/facilities,0
https://www.bangor.ac.uk/cy/ysgol-y-gymraeg/amdanom,0
https://www.bangor.ac.uk/school-of-welsh/research,0
https://www.bangor.ac.uk/ysgolygymraeg/manylion_cyswllt.php.en,0
https://www.bangor.ac.uk/courses/undergraduate/f800-geography-bsc-hons,0
https://www.bangor.ac.uk/courses?term=environmental%20science&level_of_study=All&ug_subject_area=All&pgt_subject_area=All&pgr_subject_area=All&field_course_year_start_value=All&field_pgr_start_yr_multi_value=All&field_pgt_start_yr_multi_value=All&pgt_course_type=All&pgt_course_mode=All&pgr_course_type=All&oth_course_study_location=All&oth_subject_area=All&page=1,0
https://www.bangor.ac.uk/cy/courses?field_course_year_start_value=All&field_pgr_start_yr_multi_value=All&field_pgt_start_yr_multi_value=All&level_of_study=All&oth_course_study_location=All&oth_subject_area=All&pgr_course_type=All&pgr_subject_area=All&pgt_course_mode=All&pgt_course_type=All&pgt_subject_area=All&term=environmental%20science&ug_subject_area=All,0
https://www.bangor.ac.uk/courses/postgraduate-taught/environmental-forestry-distance-learning-msc,0
https://www.bangor.ac.uk/courses/undergraduate/f90f-environmental-science-with-foundation-year-bsc-hons,0
https://www.bangor.ac.uk/courses/undergraduate/f840-physical-geography-and-oceanography-bsc-hons,0
https://www.bangor.ac.uk/courses/postgraduate-taught/environmental-and-business-management-msc,0
https://www.bangor.ac.uk/courses?term=environmental%20science&level_of_study=All&ug_subject_area=All&pgt_subject_area=All&pgr_subject_area=All&field_course_year_start_value=All&field_pgr_start_yr_multi_value=All&field_pgt_start_yr_multi_value=All&pgt_course_type=All&pgt_course_mode=All&pgr_course_type=All&oth_course_study_location=All&oth_subject_area=All&page=0,0
https://www.bangor.ac.uk/courses/undergraduate/5dkd-conservation-with-forestry-bsc-hons,0
https://www.bangor.ac.uk/courses/undergraduate/l700-geography-ba-hons,0
https://www.bangor.ac.uk/courses/postgraduate-taught/environmental-forestry-msc,0
https://www.bangor.ac.uk/courses/undergraduate/f850-environmental-science-menvsci,0
https://www.bangor.ac.uk/courses/postgraduate-research/environmental-microbiology-and-biotechnology-mscres,0
https://www.bangor.ac.uk/courses/undergraduate/d447-environmental-conservation-bsc-hons,0
https://www.bangor.ac.uk/courses/postgraduate-taught/environmental-management-mba,0
https://www.bangor.ac.uk/courses/undergraduate/f900-environmental-science-bsc-hons,0
https://www.bangor.ac.uk/courses/postgraduate-research/conservation-phd,0
https://www.bangor.ac.uk/courses/postgraduate-research/environmental-sciences-mscres,0
https://www.bangor.ac.uk/cse/news/bangor-university-students-awarded-prestigious-drapers-company-medals,0
https://www.bangor.ac.uk/cse/news/bangor-university-awarded-ukri-doctoral-focal-award-to-launch-ps24m-nuclear-skills,0
https://www.bangor.ac.uk/sens/sustainable-food-production,0
https://www.bangor.ac.uk/cy/cgph,0
https://www.bangor.ac.uk/staff/environmental-sciences-and-engineering,0
https://www.bangor.ac.uk/ese/events,0
https://www.bangor.ac.uk/one-health,0
https://www.bangor.ac.uk/earth-systems-science-and-energy,0
https://www.bangor.ac.uk/ese/news,0
https://www.bangor.ac.uk/cse/news/commonwealth-scholarship-commission-scholarships-available-for-msc-programmes-in-0,0
https://www.bangor.ac.uk/study/postgraduate-research?academic_college=6,0
https://www.bangor.ac.uk/study/postgraduate?academic_college=6,0
https://www.bangor.ac.uk/study/undergraduate?academic_college=6,0
https://www.bangor.ac.uk/courses?term=business&level_of_study=All&ug_subject_area=All&pgt_subject_area=All&pgr_subject_area=All&field_course_year_start_value=All&field_pgr_start_yr_multi_value=All&field_pgt_start_yr_multi_value=All&pgt_course_type=All&pgt_course_mode=All&pgr_course_type=All&oth_course_study_location=All&oth_subject_area=All&page=0,0
https://www.bangor.ac.uk/courses?term=business&level_of_study=All&ug_subject_area=All&pgt_subject_area=All&pgr_subject_area=All&field_course_year_start_value=All&field_pgr_start_yr_multi_value=All&field_pgt_start_yr_multi_value=All&pgt_course_type=All&pgt_course_mode=All&pgr_course_type=All&oth_course_study_location=All&oth_subject_area=All&page=1,0
https://www.bangor.ac.uk/cy/courses?field_course_year_start_value=All&field_pgr_start_yr_multi_value=All&field_pgt_start_yr_multi_value=All&level_of_study=All&oth_course_study_location=All&oth_subject_area=All&pgr_course_type=All&pgr_subject_area=All&pgt_course_mode=All&pgt_course_type=All&pgt_subject_area=All&term=business&ug_subject_area=All,0
https://www.bangor.ac.uk/courses?field_course_year_start_value=All&field_pgr_start_yr_multi_value=All&field_pgt_start_yr_multi_value=All&level_of_study=All&oth_course_study_location=All&oth_subject_area=All&pgr_course_type=All&pgr_subject_area=All&pgt_course_mode=All&pgt_course_type=All&pgt_subject_area=All&term=welsh%20&ug_subject_area=All&page=2,0
https://www.bangor.ac.uk/courses/undergraduate/x321-childhood-and-youth-studies-and-cymraeg-welsh-ba-hons,0
https://www.bangor.ac.uk/courses/undergraduate/ll3n-social-science-welsh-medium-ba-hons,0
https://www.bangor.ac.uk/courses/undergraduate/qmv2-cymraeg-welsh-and-welsh-history-ba-hons,0
https://www.bangor.ac.uk/courses/postgraduate-research/journalism-mres,0
https://www.bangor.ac.uk/courses/postgraduate-research/history-phd,0
https://www.bangor.ac.uk/courses/undergraduate/qw53-cymraeg-welsh-and-music-ba-hons,0
https://www.bangor.ac.uk/courses/undergraduate/q563-cymraeg-proffesiynol-professional-welsh-ba-hons,0
https://www.bangor.ac.uk/courses/undergraduate/qq15-cymraeg-welsh-and-linguistics-ba-hons,0
https://www.bangor.ac.uk/courses/undergraduate/w241-product-design-welsh-medium-bsc-hons,0
https://www.bangor.ac.uk/courses/undergraduate/x316-childhood-and-youth-studies-and-sociology-welsh-medium-ba-hons,0
https://www.bangor.ac.uk/courses/postgraduate-taught/creative-writing-welsh-medium-ma,0
https://www.bangor.ac.uk/courses?field_course_year_start_value=All&field_pgr_start_yr_multi_value=All&field_pgt_start_yr_multi_value=All&level_of_study=All&oth_course_study_location=All&oth_subject_area=All&pgr_course_type=All&pgr_subject_area=All&pgt_course_mode=All&pgt_course_type=All&pgt_subject_area=All&term=welsh%20&ug_subject_area=All&page=1,0
https://www.bangor.ac.uk/courses/undergraduate/x314-childhood-and-youth-studies-welsh-medium-ba-hons,0
https://www.bangor.ac.uk/cy/courses?field_course_year_start_value=All&field_pgr_start_yr_multi_value=All&field_pgt_start_yr_multi_value=All&level_of_study=All&oth_course_study_location=All&oth_subject_area=All&pgr_course_type=All&pgr_subject_area=All&pgt_course_mode=All&pgt_course_type=All&pgt_subject_area=All&term=welsh%20&ug_subject_area=All,0
https://www.bangor.ac.uk/courses/undergraduate/q565-welsh-for-beginners-ba-hons,0
https://www.bangor.ac.uk/courses/undergraduate/q562-cymraeg-welsh-ba-hons,0
https://www.bangor.ac.uk/courses?field_course_year_start_value=All&field_pgr_start_yr_multi_value=All&field_pgt_start_yr_multi_value=All&level_of_study=All&oth_course_study_location=All&oth_subject_area=All&pgr_course_type=All&pgr_subject_area=All&pgt_course_mode=All&pgt_course_type=All&pgt_subject_area=All&term=welsh%20&ug_subject_area=All&page=0,0
https://www.bangor.ac.uk/courses/undergraduate/x130-primary-education-with-qualified-teacher-status-welsh-medium-ba-hons,0
https://research.bangor.ac.uk/portal/files/22448380/Welsh_Princes_ShipsMonthly_Jan2019_Proof.pdf,0
https://www.bangor.ac.uk/sos/equality-and-diversity,0
https://www.bangor.ac.uk/sos/alumni-profiles,0
https://www.bangor.ac.uk/sos/newsletter,0
https://www.bangor.ac.uk/sos/alumni,0
https://www.bangor.ac.uk/cy/yge/llong-ymchwil-prince-madog,0
https://www.bangor.ac.uk/sos/research-themes,0
https://www.bangor.ac.uk/sos/facilities,0
https://www.bangor.ac.uk/courses/undergraduate/f7f6-ocean-and-geophysics-bsc-hons,0
https://www.bangor.ac.uk/courses/undergraduate/f712-marine-biology-and-oceanography-msci,0
https://www.bangor.ac.uk/courses/undergraduate/c160-marine-biology-bsc-hons,0
https://www.bangor.ac.uk/courses/undergraduate/c355-marine-vertebrate-conservation-bsc-hons,0
https://www.bangor.ac.uk/courses?term=ocean%20&level_of_study=All&ug_subject_area=All&pgt_subject_area=All&pgr_subject_area=All&field_course_year_start_value=All&field_pgr_start_yr_multi_value=All&field_pgt_start_yr_multi_value=All&pgt_course_type=All&pgt_course_mode=All&pgr_course_type=All&oth_course_study_location=All&oth_subject_area=All&page=0,0
https://www.bangor.ac.uk/courses/undergraduate/c356-marine-vertebrate-conservation-msci,0
https://www.bangor.ac.uk/courses/undergraduate/f62f-geological-oceanography-with-foundation-year-bsc-hons,0
https://www.bangor.ac.uk/courses/undergraduate/f715-marine-science-and-conservation-bsc-hons,0
https://www.bangor.ac.uk/courses/postgraduate-taught/marine-renewable-energy-msc,0
https://www.bangor.ac.uk/courses/postgraduate-taught/digital-ocean-msc,0
https://www.bangor.ac.uk/cy/courses?field_course_year_start_value=All&field_pgr_start_yr_multi_value=All&field_pgt_start_yr_multi_value=All&level_of_study=All&oth_course_study_location=All&oth_subject_area=All&pgr_course_type=All&pgr_subject_area=All&pgt_course_mode=All&pgt_course_type=All&pgt_subject_area=All&term=ocean%20&ug_subject_area=All,0
https://www.bangor.ac.uk/courses/undergraduate/f734-physical-oceanography-msci,0
https://www.bangor.ac.uk/courses/undergraduate/f700-ocean-science-bsc-hons,0
https://www.bangor.ac.uk/courses/postgraduate-taught/marine-environmental-protection-msc,0
https://www.bangor.ac.uk/courses/undergraduate/f650-geological-oceanography-bsc-hons,0
https://www.bangor.ac.uk/courses/undergraduate/f652-geological-oceanography-msci,0
https://www.bangor.ac.uk/courses/undergraduate/cf17-marine-biology-and-oceanography-bsc-hons,0
https://www.bangor.ac.uk/courses/undergraduate/c16f-marine-biology-with-foundation-year-bsc-hons,0
https://www.bangor.ac.uk/courses?term=ocean%20&level_of_study=All&ug_subject_area=All&pgt_subject_area=All&pgr_subject_area=All&field_course_year_start_value=All&field_pgr_start_yr_multi_value=All&field_pgt_start_yr_multi_value=All&pgt_course_type=All&pgt_course_mode=All&pgr_course_type=All&oth_course_study_location=All&oth_subject_area=All&page=1,0
https://www.bangor.ac.uk/courses/undergraduate/c350-zoology-with-marine-zoology-bsc-hons,0
https://www.bangor.ac.uk/courses/postgraduate-taught/marine-biology-msc,0
https://www.bangor.ac.uk/management_centre/news/booking-com-gwobr-adolygiadau-teithwyr-2025-20582,0
https://www.bangor.ac.uk/management_centre/news,0
https://www.bangor.ac.uk/management_centre/news/booking-com-traveller-review-award-2026-21022,0
https://www.bangor.ac.uk/management_centre/weddings.php.en,0
https://www.bangor.ac.uk/management_centre/venue-info.php.en,0
https://www.bangor.ac.uk/management_centre/index.php.cy,0
https://www.bangor.ac.uk/management_centre/tablebooking.php.en,0
https://www.bangor.ac.uk/sos/news/bangor-university-students-awarded-prestigious-drapers-company-medals,0
https://www.bangor.ac.uk/sos/news/new-limits-on-global-trade-of-sharks-wont-be-enough-to-save-them-from-overfishing-new,0
https://www.bangor.ac.uk/sos/news/bangor-university-researcher-announced-as-finalist-in-blavatnik-awards-for-young,0
https://www.bangor.ac.uk/cy/yge,0
https://www.bangor.ac.uk/school-of-ocean-sciences-research-themes,0
https://www.bangor.ac.uk/sos/research-grants-awards,0
https://www.bangor.ac.uk/oceansciences/staff,0
https://www.bangor.ac.uk/nfi/bufff-bangor-university-fuel-fabrication-facility,0
https://www.bangor.ac.uk/staff/scse/tessa-davey-058211/en,0
https://www.bangor.ac.uk/nfi/nuclear-medicine,0
https://www.bangor.ac.uk/cy/nfi,0
https://www.bangor.ac.uk/staff/scse/mark-ogden-647212/en,0
https://www.bangor.ac.uk/nfi/news/bangor-university-awarded-ukri-doctoral-focal-award-to-launch-ps24m-nuclear-skills,0
https://www.bangor.ac.uk/nfi/news,0
https://www.bangor.ac.uk/nfi/regulation-and-policy,0
https://www.bangor.ac.uk/staff/scse/robert-annewandter-481206/en,0
https://www.bangor.ac.uk/nfi/materials-for-nuclear-and-extreme-environments,0
https://www.bangor.ac.uk/staff/scse/michael-rushton-454487/en,0
https://www.bangor.ac.uk/nfi/bullet-bangor-university-lead-loop-for-erosion-testing,0
https://www.bangor.ac.uk/nfi/merlin-materials-energy-research-lab-in-nuclear,0
https://www.bangor.ac.uk/nfi/reactor-design-and-thermal-hydaulics,0
https://www.bangor.ac.uk/staff/scse/ritesh-mohun-590607/en,0
https://www.bangor.ac.uk/nfi/news/cabinet-secretary-visits-university-to-discuss-regional-opportunities,0
https://www.bangor.ac.uk/staff/scse/cillian-cockrell-688383/en,0
https://www.bangor.ac.uk/staff/scse/phylis-makurunje-527020/en,0
https://www.bangor.ac.uk/staff/scse/mehdi-ghardi-557443/en,0
https://www.bangor.ac.uk/staff/scse/simon-middleburgh-466194/en,0
https://www.bangor.ac.uk/staff/scse/walter-villanueva-604801/en,0
https://www.bangor.ac.uk/nfi/news/wylfa-chosen-for-first-rolls-royce-smr-deployment-a-milestone-for-north-wales-and-bangor,0
https://www.bangor.ac.uk/nfi/news/professor-laurence-williams-awarded-singapore-public-service-medal,0
https://www.bangor.ac.uk/staff/scse/india-marshall-120102/en,0
https://www.bangor.ac.uk/staff/scse/tim-smith-639380/en,0
https://www.bangor.ac.uk/staff/scse/laurence-williams-obe-507188/en,0
https://www.bangor.ac.uk/cy/node/41534196,0
https://www.bangor.ac.uk/openday/postgraduate/book-your-place-at-a-postgraduate-event,0
https://www.bangor.ac.uk/cy/digwyddiadau/digwyddiad-ol-raddedig-3,0
https://www.bangor.ac.uk/sites/default/files/2026-03/Talk%20Design%202026%20live%20Speakers%20English.pdf,0
https://www.bangor.ac.uk/cy/digwyddiadau/siarad-dylunio-26-prifysgol-bangor-yn-cynnal-cynhadledd-dylunio-ac-arloesi-undydd,0
https://www.bangor.ac.uk/cy/digwyddiadau?page=0,0
https://www.bangor.ac.uk/privacy-notices-uk-international,0
https://www.bangor.ac.uk/cy/digwyddiadau/chwalu-mythau-a-hyfforddin-gallach-gyda-gwyddor-caffael-sgiliau,0
https://www.bangor.ac.uk/cy/digwyddiadau/teithau-tywys-casgliadau-celf-a-serameg-0,0
https://www.bangor.ac.uk/cy/digwyddiadau/sesiwn-blasu-gwyddoniaeth-sombis-a-allai-haint-newid-ymddygiad-dynol,0
https://www.bangor.ac.uk/cy/digwyddiadau/sesiwn-blasu-o-ble-y-dawr-pandemig-nesaf-a-beth-allwn-ni-ei-wneud-amdano-cysyniad-un,0
https://www.bangor.ac.uk/cy/digwyddiadau?page=1,0
https://www.bangor.ac.uk/cy/digwyddiadau?page=2,0
https://www.bangor.ac.uk/cy/digwyddiadau/sesiwn-blasu-cyffuriau-dylunydd-defnyddio-cyfrifiaduron-a-deallusrwydd-artiffisial-i,0
https://www.bangor.ac.uk/cy/digwyddiadau/sesiwn-blasu-gwyddoniaeth-sombis-a-allai-haint-newid-ymddygiad-dynol-sesiwn-cyfrwng,0
https://www.bangor.ac.uk/cy/news,0
https://www.bangor.ac.uk/events/open-day-18,0
https://www.bangor.ac.uk/events/taster-session-mutants-among-us-real-life-human-superpowers-explained,0
https://www.bangor.ac.uk/events/investment-challenge-2026,0
https://www.bangor.ac.uk/events/neuroethics,0
https://www.bangor.ac.uk/events/open-day-21,0
https://www.bangor.ac.uk/events/reverse-engineering-the-brain-and-mind,0
https://www.bangor.ac.uk/events/sport-science-taster-breaking-barriers-how-sport-science-supports-female-athletes,0
https://www.bangor.ac.uk/events/rethinking-educational-ethnography-2026,0
https://www.bangor.ac.uk/events/open-day-20,0
https://www.bangor.ac.uk/events/open-day-19,0
https://www.bangor.ac.uk/events/sport-science-and-pe-taster-how-physical-literacy-will-influence-the-teaching-of-pe-in,0
https://www.bangor.ac.uk/events/postgraduate-event-5,0
https://www.bangor.ac.uk/events/postgraduate-event-6,0
https://www.bangor.ac.uk/events/open-day-22,0
https://www.bangor.ac.uk/courses?term=&level_of_study=wt_undergraduate_programme&academic_school=All&field_course_year_start_value=All&field_pgr_start_yr_multi_value=All&field_pgt_start_yr_multi_value=All&field_ug_start_yr_multi_value=All&field_course_start_date_type_value=All&ug_subject_area=306&ug_subject_combination=All&ug_course_type=All&pgt_subject_area=All&pgt_course_type=All&pgt_course_mode=All&pgt_start_date=All&pgr_subject_area=All&pgr_course_type=All,0
https://www.bangor.ac.uk/courses/undergraduate/wpq3-creative-arts-ba-hons,0
https://www.bangor.ac.uk/study/undergraduate/film-media-and-journalism,0
https://www.bangor.ac.uk/courses/undergraduate/qwm5-cymraeg-theatr-ar-cyfyngau-welsh-theatre-and-media-ba-hons,0
https://www.bangor.ac.uk/courses/undergraduate/p43w-film-and-drama-ba-hons,0
https://www.bangor.ac.uk/courses/undergraduate/qw34-english-literature-and-drama-ba-hons,0
https://www.bangor.ac.uk/cy/astudio/israddedig/drama,0
https://www.bangor.ac.uk/study/undergraduate/creative-writing-and-professional-writing,0
https://www.bangor.ac.uk/courses/undergraduate/ww34-music-and-drama-ba-hons,0
https://www.bangor.ac.uk/courses/undergraduate/p31w-media-and-drama-ba-hons,0
https://www.bangor.ac.uk/profiles/film-media-and-journalism/alumni/Hannah-Grimston,0
https://www.bangor.ac.uk/news/2023-09-12-bangor-named-as-welsh-university-of-the-year,0
https://www.bangor.ac.uk/courses/undergraduate/wp38-media-and-creative-writing-ba-hons,0
https://www.bangor.ac.uk/courses/undergraduate/w311-music-and-film-ba-hons,0
https://www.bangor.ac.uk/music-and-media/research/media/strengths.php.en,0
https://www.bangor.ac.uk/courses/undergraduate/p302-media-and-english-literature-ba-hons,0
https://www.bangor.ac.uk/courses?term=&level_of_study=ug_course&academic_school=All&field_course_year_start_value=All&field_pgr_start_yr_multi_value=All&field_pgt_start_yr_multi_value=All&field_ug_start_yr_multi_value=All&field_course_start_date_type_value=All&ug_subject_area=326&ug_subject_combination=All&ug_course_type=All&pgt_subject_area=All&pgt_course_type=All&pgt_course_mode=All&pgt_start_date=All&pgr_subject_area=All&pgr_course_type=All,0
https://www.bangor.ac.uk/courses/undergraduate/p318-media-film-and-journalism-ba-hons,0
https://www.bangor.ac.uk/courses/undergraduate/33pq-film-and-english-literature-ba-hons,0
https://www.bangor.ac.uk/staff/sacl/en,0
https://www.bangor.ac.uk/study/undergraduate/drama-theatre-and-performance,0
https://www.bangor.ac.uk/courses/undergraduate/p320-media-film-and-journalism-with-foundation-year-ba-hons,0
https://www.bangor.ac.uk/news/2023-09-15-bangor-university-continues-to-climb-in-the-times-the-sunday-times-good-university,0
https://www.bangor.ac.uk/courses/undergraduate/p323-media-and-music-ba-hons,0
https://www.bangor.ac.uk/courses/undergraduate/r818-modern-languages-and-film-ba-hons,0
https://www.bangor.ac.uk/cy/astudio/israddedig/ffilm-cyfryngau,0
https://www.bangor.ac.uk/courses/undergraduate/c3l2-zoology-with-conservation-bsc-hons,0
https://www.bangor.ac.uk/courses/undergraduate/c167-marine-biology-msci,0
https://www.bangor.ac.uk/courses/undergraduate/c334-zoology-with-ornithology-mzool,0
https://www.bangor.ac.uk/courses/undergraduate/c329-zoology-with-primatology-bsc-hons,0
https://www.bangor.ac.uk/courses/undergraduate/c303-zoology-with-herpetology-mzool,0
https://www.bangor.ac.uk/courses/undergraduate/c336-zoology-with-animal-management-mzool,0
https://www.bangor.ac.uk/courses/undergraduate/cd34-zoology-with-conservation-mzool,0
https://www.bangor.ac.uk/courses?level_of_study=ug_course&ug_subject_area=396,0
https://www.bangor.ac.uk/magical-bangor/what-our-students-say/amy-stout,0
https://www.bangor.ac.uk/courses/undergraduate/c333-zoology-with-primatology-mzool,0
https://www.bangor.ac.uk/magical-bangor/what-our-students-say/james-szewczyk,0
https://www.bangor.ac.uk/cy/astudio/israddedig/bioleg,0
https://www.bangor.ac.uk/courses/undergraduate/cc13-marine-biology-and-zoology-bsc-hons,0
https://www.bangor.ac.uk/courses/undergraduate/c169-marine-biology-and-zoology-msci,0
https://www.bangor.ac.uk/profiles/students/marcus-jones,0
https://www.bangor.ac.uk/courses/undergraduate/a101-medicine-graduate-entry-bmbs,0
https://www.bangor.ac.uk/courses?level_of_study=ug_course&ug_subject_area=481&ug_subject_combination=All&ug_course_type=All&pgt_subject_area=All&pgt_course_type=All&pgt_course_mode=All&pgt_start_date=All&pgr_subject_area=All&pgr_course_type=All,0
https://www.bangor.ac.uk/cy/astudio/israddedig/gwyddorau-meddygol,0
https://www.bangor.ac.uk/study/undergraduate/medical-sciences/why-study,0
https://www.bangor.ac.uk/courses/undergraduate/b110-medical-sciences-with-foundation-year-bmedsci-hons,0
https://www.bangor.ac.uk/study/undergraduate/medical-sciences/careers,0
https://www.bangor.ac.uk/medical-sciences/cancer-research.php.en,0
https://www.bangor.ac.uk/courses/undergraduate/b100-medical-sciences-bmedsci-hons,0
https://www.bangor.ac.uk/study/undergraduate/business-management-and-marketing,0
https://www.bangor.ac.uk/cy/astudio/israddedig/cymraeg,0
https://www.bangor.ac.uk/courses/undergraduate/q5wk-cymraeg-welsh-with-creative-writing-ba-hons,0
https://www.bangor.ac.uk/courses/undergraduate/q5vv-cymraeg-welsh-and-philosophy-ethics-and-religion-ba-hons,0
https://www.bangor.ac.uk/courses/undergraduate/3q5q-cymraeg-welsh-and-english-literature-ba-hons,0
https://www.bangor.ac.uk/courses/undergraduate/lq35-cymraeg-welsh-and-sociology-ba-hons,0
https://www.bangor.ac.uk/courses?term=&level_of_study=ug_course&academic_school=All&field_course_year_start_value=All&field_pgr_start_yr_multi_value=All&field_pgt_start_yr_multi_value=All&field_ug_start_yr_multi_value=All&field_course_start_date_type_value=All&ug_subject_area=391&ug_subject_combination=All&ug_course_type=All&pgt_subject_area=All&pgt_course_type=All&pgt_course_mode=All&pgt_start_date=All&pgr_subject_area=All&pgr_course_type=All,0
https://www.bangor.ac.uk/courses/undergraduate/qv51-cymraeg-welsh-and-history-ba-hons,0
https://www.bangor.ac.uk/courses/undergraduate/r805-modern-languages-and-cymraeg-welsh-ba-hons,0
https://www.bangor.ac.uk/study/undergraduate/electronic-engineering,0
https://www.bangor.ac.uk/courses?level_of_study=ug_course&pgr_course_type=All&pgr_subject_area=All&pgt_course_mode=All&pgt_course_type=All&pgt_start_date=All&pgt_subject_area=All&ug_course_type=All&ug_subject_area=411&ug_subject_combination=All,0
https://www.bangor.ac.uk/cy/astudio/israddedig/gwyddor-data,0
https://www.bangor.ac.uk/courses/undergraduate/w300-music-ba-hons,0
https://www.bangor.ac.uk/courses/undergraduate/w302-music-bmus-hons,0
https://www.bangor.ac.uk/courses/undergraduate/ww38-music-and-creative-writing-ba-hons,0
https://www.bangor.ac.uk/courses/undergraduate/w3r8-music-and-modern-languages-ba-hons,0
https://www.bangor.ac.uk/courses?level_of_study=wt_undergraduate_programme&ug_subject_area=361&ug_subject_combination=All&ug_course_type=All&pgt_subject_area=All&pgt_course_type=All&pgt_course_mode=All&pgt_start_date=All&pgr_subject_area=All&pgr_course_type=All,0
https://www.bangor.ac.uk/cy/astudio/israddedig/cerddoriaeth,0
https://www.bangor.ac.uk/courses/undergraduate/w30f-music-with-foundation-year-ba-hons,0
https://www.bangor.ac.uk/arts-culture-language/dmdp/choirs-orchestras,0
https://www.bangor.ac.uk/courses/undergraduate/vw13-history-and-music-ba-hons,0
https://www.bangor.ac.uk/courses/undergraduate/32n6-english-literature-and-music-ba-hons,0
https://www.bangor.ac.uk/courses/undergraduate/w32f-music-with-foundation-year-bmus-hons,0
https://www.bangor.ac.uk/cy/astudio/israddedig/astudiaethau-plentyndod-ac-ieuenctid,0
https://www.bangor.ac.uk/study/undergraduate/sociology-and-social-policy,0
https://www.bangor.ac.uk/study/undergraduate/sport-health-and-exercise-sciences,0
https://www.bangor.ac.uk/study/undergraduate/childhood-and-youth-studies/research,0
https://www.bangor.ac.uk/courses/undergraduate/x313-childhood-and-youth-studies-english-medium-ba-hons,0
https://www.bangor.ac.uk/profiles/students/mari-williams,0
https://www.bangor.ac.uk/courses?term=&level_of_study=ug_course&ug_subject_area=466&pgt_subject_area=All&pgr_subject_area=All&academic_school=All&field_course_year_start_value=All&field_pgr_start_yr_multi_value=All&field_pgt_start_yr_multi_value=All&field_ug_start_yr_multi_value=All&field_course_start_date_type_value=All&ug_subject_combination=All&ug_course_type=All&pgt_course_type=All&pgt_course_mode=All&pgt_start_date=All&pgr_course_type=All,0
https://www.bangor.ac.uk/profiles/students/lakeisha-evans,0
https://www.bangor.ac.uk/courses/undergraduate/x315-childhood-and-youth-studies-and-sociology-english-medium-ba-hons,0
https://www.bangor.ac.uk/cy/astudio/israddedig/plismona,0
https://www.bangor.ac.uk/courses?term=&level_of_study=ug_course&academic_school=All&field_course_year_start_value=All&field_pgr_start_yr_multi_value=All&field_pgt_start_yr_multi_value=All&field_ug_start_yr_multi_value=All&field_course_start_date_type_value=All&ug_subject_area=371&ug_subject_combination=All&ug_course_type=All&pgt_subject_area=All&pgt_course_type=All&pgt_course_mode=All&pgt_start_date=All&pgr_subject_area=All&pgr_course_type=All,0
https://www.bangor.ac.uk/cy/astudio/israddedig/economeg,0
https://www.bangor.ac.uk/courses?term=&level_of_study=ug_course&academic_school=All&field_course_year_start_value=All&field_pgr_start_yr_multi_value=All&field_pgt_start_yr_multi_value=All&field_ug_start_yr_multi_value=All&field_course_start_date_type_value=All&ug_subject_area=311&ug_subject_combination=All&ug_course_type=All&pgt_subject_area=All&pgt_course_type=All&pgt_course_mode=All&pgt_start_date=All&pgr_subject_area=All&pgr_course_type=All,0
https://www.bangor.ac.uk/news/2025-02-12-ps105-million-donation-to-establish-the-albert-gubay-business-school-at-bangor,0
https://www.bangor.ac.uk/courses?term=&level_of_study=ug_course&academic_school=41&field_course_year_start_value=All&field_pgr_start_yr_multi_value=All&field_pgt_start_yr_multi_value=All&field_ug_start_yr_multi_value=All&field_course_start_date_type_value=All&ug_subject_area=311&ug_subject_combination=All&ug_course_type=All&pgt_subject_area=All&pgt_course_type=All&pgt_course_mode=All&pgt_start_date=All&pgr_subject_area=All&pgr_course_type=All,0
https://www.bangor.ac.uk/courses/undergraduate/l10f-economics-with-foundation-year-bsc-hons,0
https://www.bangor.ac.uk/courses/undergraduate/l110-economics-bsc-hons,0
https://www.bangor.ac.uk/profiles/BBS/Alumni/Norra-Tengcharoensuk,0
https://www.bangor.ac.uk/courses/undergraduate/l1nf-economics-and-finance-with-foundation-year-bsc-hons,0
https://www.bangor.ac.uk/courses/undergraduate/l1n3-economics-and-finance-bsc-hons,0
https://www.bangor.ac.uk/profiles/BBS/Alumni/Charles-Vogt,0
https://www.bangor.ac.uk/courses/undergraduate/h661-control-and-instrumentation-engineering-meng,0
https://www.bangor.ac.uk/courses/undergraduate/h617-computer-systems-engineering-meng,0
https://www.bangor.ac.uk/courses/undergraduate/h612-computer-systems-engineering-beng-hons,0
http://nuclear-futures.bangor.ac.uk/cdt.php.en,0
https://www.bangor.ac.uk/cy/astudio/israddedig/niwclear,0
https://www.bangor.ac.uk/courses/undergraduate/h610-electronic-engineering-beng-hons,0
https://www.bangor.ac.uk/courses/undergraduate/h611-electronic-engineering-bsc-hons,0
https://www.bangor.ac.uk/profiles/ACL/Alumni/Francesca-Elena-Sciarrillo,0
https://www.bangor.ac.uk/courses/undergraduate/8h25-english-literature-ba-hons,0
https://www.bangor.ac.uk/cy/astudio/israddedig/llenyddiaeth-saesneg,0
https://www.bangor.ac.uk/courses/undergraduate/qqc3-english-language-and-english-literature-ba-hons,0
https://www.bangor.ac.uk/courses?term=&level_of_study=ug_course&academic_school=All&field_course_year_start_value=All&field_pgr_start_yr_multi_value=All&field_pgt_start_yr_multi_value=All&field_ug_start_yr_multi_value=All&field_course_start_date_type_value=All&ug_subject_area=321&ug_subject_combination=All&ug_course_type=All&pgt_subject_area=All&pgt_course_type=All&pgt_course_mode=All&pgt_start_date=All&pgr_subject_area=All&pgr_course_type=All,0
https://www.bangor.ac.uk/courses/undergraduate/3qv1-history-and-english-literature-ba-hons,0
https://www.bangor.ac.uk/courses/undergraduate/r801-modern-languages-and-english-literature-ba-hons,0
https://www.bangor.ac.uk/courses/undergraduate/qqcf-english-language-and-english-literature-with-foundation-year-ba-hons,0
https://www.bangor.ac.uk/courses/undergraduate/2p17-english-literature-and-creative-writing-ba-hons,0
https://www.bangor.ac.uk/courses/undergraduate/q140-linguistics-and-the-english-language-ba-hons,0
https://www.bangor.ac.uk/cy/astudio/israddedig/ieithyddiaeth,0
https://www.bangor.ac.uk/courses?term=&level_of_study=wt_undergraduate_programme&academic_school=All&field_course_year_start_value=All&field_pgr_start_yr_multi_value=All&field_pgt_start_yr_multi_value=All&field_ug_start_yr_multi_value=All&field_course_start_date_type_value=All&ug_subject_area=356&ug_subject_combination=All&ug_course_type=All&pgt_subject_area=All&pgt_course_type=All&pgt_course_mode=All&pgt_start_date=All&pgr_subject_area=All&pgr_course_type=All,0
https://www.bangor.ac.uk/courses/undergraduate/q3r8-linguistics-and-modern-languages-ba-hons,0
https://www.bangor.ac.uk/news/2023-12-05-bangor-university-rises-to-top-10-in-global-sustainability-league-table,0
https://www.bangor.ac.uk/profiles/students/jessica-fox,0
https://www.bangor.ac.uk/courses?level_of_study=ug_course&pgr_course_type=All&pgr_subject_area=All&pgt_course_mode=All&pgt_course_type=All&pgt_start_date=All&pgt_subject_area=All&ug_course_type=All&ug_subject_area=441&ug_subject_combination=All,0
https://www.bangor.ac.uk/profiles/students/dan-lambley,0
https://www.bangor.ac.uk/cy/astudio/israddedig/bioleg-mor,0
https://www.bangor.ac.uk/cy/astudio/israddedig/ysgrifennu-creadigol,0
https://www.bangor.ac.uk/courses/order-prospectus,0
https://www.bangor.ac.uk/cy/astudio/israddedig/peirianneg/pam-astudio,0
https://www.bangor.ac.uk/cy/astudio/israddedig/meddygaeth,0
https://www.bangor.ac.uk/cy/astudio/israddedig/nyrsio,0
https://www.bangor.ac.uk/cy/astudio/israddedig/dylunio-cynnyrch,0
https://www.bangor.ac.uk/cy/astudio/israddedig/hylendid-deintyddol,0
https://www.bangor.ac.uk/cy/astudio/israddedig/gwyddorau-chwaraeon-ac-ymarfer,0
https://www.bangor.ac.uk/cy/astudio/israddedig/cadwraeth,0
https://www.bangor.ac.uk/cy/astudio/israddedig/busnes-rheolaeth,0
https://www.bangor.ac.uk/cy/astudio/israddedig/cyfrifiadureg,0
https://www.bangor.ac.uk/cy/astudio/israddedig/swoleg,0
https://www.bangor.ac.uk/cy/astudio/israddedig/gwyddor-yr-amgylchedd/ymchwil,0
https://www.bangor.ac.uk/cy/study/mature-students,0
https://www.bangor.ac.uk/cy/astudio/israddedig/seicoleg/pam-astudio,0
https://www.bangor.ac.uk/cy/astudio/israddedig/daeareg,0
https://www.bangor.ac.uk/cy/astudio/israddedig/fferylliaeth-ffarmacoleg,0
https://www.bangor.ac.uk/cy/astudio/israddedig/bydwreigiaeth,0
https://www.bangor.ac.uk/cy/astudio/israddedig/ffrangeg,0
https://www.bangor.ac.uk/cy/astudio/israddedig/hanes-archaeoleg-a-threftadaeth,0
https://www.bangor.ac.uk/cy/astudio/israddedig/saesneg,0
https://www.bangor.ac.uk/cy/astudio/israddedig/gwyddorau-chwaraeon-ac-ymarfer/gyrfaoedd,0
https://www.bangor.ac.uk/cy/astudio/israddedig/gwyddor-yr-amgylchedd,0
https://www.bangor.ac.uk/cy/astudio/israddedig/gwyddorau-chwaraeon-ac-ymarfer/pam-astudio,0
https://www.bangor.ac.uk/cy/astudio/israddedig/ffiseg,0
https://www.bangor.ac.uk/cy/astudio/israddedig/iaith-saesneg,0
https://www.bangor.ac.uk/cy/astudio/israddedig/peirianneg,0
https://www.bangor.ac.uk/cy/astudio/israddedig/athroniaeth-moeseg-a-chrefydd,0
https://www.bangor.ac.uk/cy/astudio/israddedig/troseddeg-a-chyfiawnder-troseddol,0
https://www.bangor.ac.uk/cy/courses?level_of_study=ug_course,0
https://www.bangor.ac.uk/cy/astudio/israddedig/cyfrifeg-bancio-a-chyllid,0
https://www.bangor.ac.uk/cy/astudio/israddedig/dylunio-cynnyrch-hen,0
https://www.bangor.ac.uk/cy/astudio/israddedig/coedwigaeth,0
https://www.bangor.ac.uk/cy/astudio/israddedig/addysgu,0
https://www.bangor.ac.uk/cy/astudio/israddedig/marchnata,0
https://www.bangor.ac.uk/cy/astudio/israddedig/y-gyfraith,0
https://www.bangor.ac.uk/cy/astudio/pell-cymysg,0
https://www.bangor.ac.uk/cy/astudio/israddedig/cymdeithaseg,0
https://www.bangor.ac.uk/cy/astudio/israddedig/gwyddor-data/pam-astudio,0
https://www.bangor.ac.uk/cy/astudio/israddedig/daearyddiaeth,0
https://www.bangor.ac.uk/cy/astudio/israddedig/gwyddorau-eigion,0
https://www.bangor.ac.uk/cy/courses/undergraduate/n832-rheoli-twristiaeth-bsc-anrh,0
https://www.bangor.ac.uk/cy/student-life/studying_abroad,0
https://www.bangor.ac.uk/cy/astudio/israddedig/ieithoedd-modern,0
https://www.bangor.ac.uk/cy/astudio/israddedig/gwleidyddiaeth,0
https://www.bangor.ac.uk/cy/astudio/y-datganiad-personol-newydd-ar-gyfer-proses-ymgeisio-ucas-mynediad-2026,0
https://www.bangor.ac.uk/cy/astudio/israddedig/seicoleg,0
https://www.bangor.ac.uk/cy/astudio/israddedig/iechyd-a-gofal-cymdeithasol,0
https://www.bangor.ac.uk/cy/astudio/israddedig/radiograffeg,0
https://www.bangor.ac.uk/cy/astudio/israddedig/sbaeneg,0
https://www.bangor.ac.uk/cy/astudio/israddedig/nyrsio/pam-astudio,0
https://www.bangor.ac.uk/cy/study/undergraduate/course_structure,0
https://www.bangor.ac.uk/courses/undergraduate/c302-zoology-with-animal-behaviour-mzool,0
https://www.bangor.ac.uk/courses?level_of_study=ug_course&ug_subject_area=461&ug_subject_combination=All&ug_course_type=All&pgt_subject_area=All&pgt_course_type=All&pgt_course_mode=All&pgt_start_date=All&pgr_subject_area=All&pgr_course_type=All,0
https://www.bangor.ac.uk/profiles/students/emma-heeley,0
https://www.bangor.ac.uk/profiles/students/andrew-lunn,0
https://www.bangor.ac.uk/natural-sciences/research/biology-and-zoology/animal.php.en,0
https://www.bangor.ac.uk/courses/undergraduate/c335-zoology-with-animal-management-bsc-hons,0
https://www.bangor.ac.uk/courses/undergraduate/c304-zoology-with-herpetology-bsc-hons,0
https://www.bangor.ac.uk/natural-sciences/research/biology-and-zoology/molecular_ecology.php.en,0
https://www.bangor.ac.uk/courses/undergraduate/c353-zoology-with-marine-zoology-mzool,0
https://www.bangor.ac.uk/profiles/students/james-szewczyk,0
https://www.bangor.ac.uk/courses/undergraduate/c330-zoology-with-ornithology-bsc-hons,0
https://www.bangor.ac.uk/courses/undergraduate/c301-zoology-mzool,0
https://www.bangor.ac.uk/natural-sciences/research/biology-and-zoology/biogeochem.php.en,0
https://www.bangor.ac.uk/profiles/students/elliott-knifton,0
https://www.bangor.ac.uk/courses/undergraduate/c300-zoology-bsc-hons,0
https://www.bangor.ac.uk/courses/undergraduate/c30f-zoology-with-foundation-year-bsc-hons,0
https://www.bangor.ac.uk/courses/undergraduate/c347-wildlife-ecology-and-conservation-bsc-hons,0
https://www.bangor.ac.uk/natural-sciences/research/biology-and-zoology/microbio.php.en,0
https://www.bangor.ac.uk/courses/undergraduate/c3d3-zoology-with-animal-behaviour-bsc-hons,0
https://www.bangor.ac.uk/profiles/students/amy-stout,0
https://www.bangor.ac.uk/courses/undergraduate/l30f-sociology-with-foundation-year-ba-hons,0
https://www.bangor.ac.uk/history-law-social-sciences/news/the-outrage-over-the-enhanced-games-ignores-the-risks-many-already,0
https://www.bangor.ac.uk/courses?term=&level_of_study=wt_undergraduate_programme&academic_school=All&field_course_year_start_value=All&field_pgr_start_yr_multi_value=All&field_pgt_start_yr_multi_value=All&field_ug_start_yr_multi_value=All&field_course_start_date_type_value=All&ug_subject_area=381&ug_subject_combination=All&ug_course_type=All&pgt_subject_area=All&pgt_course_type=All&pgt_course_mode=All&pgt_start_date=All&pgr_subject_area=All&pgr_course_type=All,0
https://www.bangor.ac.uk/history-law-social-sciences/news/celebration-at-bangor-university-to-mark-200th-anniversary-of,0
https://www.bangor.ac.uk/courses/undergraduate/l300-sociology-ba-hons,0
https://www.bangor.ac.uk/courses/undergraduate/lm39-sociology-and-criminology-and-criminal-justice-ba-hons,0
https://www.bangor.ac.uk/history-law-social-sciences/civic-mission-projects,0
https://www.bangor.ac.uk/history-philosophy-and-social-sciences/research/social-sciences/res_themes.php.en,0
https://www.bangor.ac.uk/history-law-social-sciences/news/peter-mandelson-steps-down-from-the-house-of-lords-but-he-still,0
https://www.bangor.ac.uk/history-law-social-sciences/news/one-country-is-trying-to-outlaw-political-lying-without-curbing,0
https://www.bangor.ac.uk/courses/undergraduate/q3wl-english-language-with-creative-writing-ba-hons,0
https://www.bangor.ac.uk/courses?term=&level_of_study=ug_course&academic_school=All&field_course_year_start_value=All&field_pgr_start_yr_multi_value=All&field_pgt_start_yr_multi_value=All&field_ug_start_yr_multi_value=All&field_course_start_date_type_value=All&ug_subject_area=1961&ug_subject_combination=All&ug_course_type=All&pgt_subject_area=All&pgt_course_type=All&pgt_course_mode=All&pgt_start_date=All&pgr_subject_area=All&pgr_course_type=All,0
https://www.bangor.ac.uk/courses/undergraduate/w801-creative-writing-ba-hons,0
https://www.bangor.ac.uk/courses/undergraduate/w8r8-creative-writing-and-modern-languages-ba-hons,0
https://www.bangor.ac.uk/profiles/students/bob-case,0
https://www.bangor.ac.uk/sens/forestry,0
https://www.bangor.ac.uk/courses/undergraduate/d500-forestry-bsc-hons,0
https://www.bangor.ac.uk/courses?term=&level_of_study=ug_course&academic_school=All&field_course_year_start_value=All&field_pgr_start_yr_multi_value=All&field_pgt_start_yr_multi_value=All&field_ug_start_yr_multi_value=All&field_course_start_date_type_value=All&ug_subject_area=426&ug_subject_combination=All&ug_course_type=All&pgt_subject_area=All&pgt_course_type=All&pgt_course_mode=All&pgt_start_date=All&pgr_subject_area=All&pgr_course_type=All,0
https://www.bangor.ac.uk/news/2025-09-25-bangor-university-ranked-no-1-in-the-uk-for-agriculture-and-forestry,0
https://www.bangor.ac.uk/natural-sciences/profiles/jamie-adcock.php.en,0
https://www.bangor.ac.uk/news/2025-10-22-forestry-youth-camp-opens-doors-for-young-people,0
https://www.bangor.ac.uk/profiles/students/jemima-letts,0
https://www.bangor.ac.uk/courses/undergraduate/d515-woodland-management-and-conservation-bsc-hons,0
https://www.bangor.ac.uk/profiles/students/lamorna-richardson,0
https://www.bangor.ac.uk/courses?level_of_study=ug_course&ug_subject_area=491&ug_subject_combination=All&ug_course_type=All&pgt_subject_area=All&pgt_course_type=All&pgt_course_mode=All&pgt_start_date=All&pgr_subject_area=All&pgr_course_type=All,0
https://www.bangor.ac.uk/courses/undergraduate/v5v6-philosophy-ethics-and-religion-ba-hons,0
https://www.bangor.ac.uk/courses/undergraduate/r806-modern-languages-and-philosophy-ethics-and-religion-ba-hons,0
https://www.bangor.ac.uk/courses?term=&level_of_study=wt_undergraduate_programme&academic_school=All&field_course_year_start_value=All&field_pgr_start_yr_multi_value=All&field_pgt_start_yr_multi_value=All&field_ug_start_yr_multi_value=All&field_course_start_date_type_value=All&ug_subject_area=366&ug_subject_combination=All&ug_course_type=All&pgt_subject_area=All&pgt_course_type=All&pgt_course_mode=All&pgt_start_date=All&pgr_subject_area=All&pgr_course_type=All,0
https://www.bangor.ac.uk/courses?level_of_study=ug_course&ug_subject_area=516&ug_subject_combination=All&ug_course_type=All&pgt_subject_area=All&pgt_course_type=All&pgt_course_mode=All&pgt_start_date=All&pgr_subject_area=All&pgr_course_type=All,0
https://www.bangor.ac.uk/courses/undergraduate/x131-primary-education-with-qualified-teacher-status-english-medium-ba-hons,0
https://www.bangor.ac.uk/profiles/students/mari-lois-jones,0
https://www.bangor.ac.uk/arts-culture-language/news/a-student-studies-for-doctorate-in-welsh-after-learning-the-language-for,0
https://www.bangor.ac.uk/arts-culture-language/news/welsh-language-community-course-explores-the-history-and-role-of-protest,0
https://www.bangor.ac.uk/arts-culture-language/news/a-special-concert-to-honour-the-memory-of-legendary-singer-songwriter,0
https://www.bangor.ac.uk/arts-culture-language/news,0
https://www.bangor.ac.uk/study/undergraduate/chinese,0
https://www.bangor.ac.uk/courses/undergraduate/r800-modern-languages-french-spanish-ba-hons,0
https://www.bangor.ac.uk/courses/undergraduate/r817-modern-languages-studies-ba-hons,0
https://www.bangor.ac.uk/courses/undergraduate/r808-modern-languages-with-foundation-year-ba-hons,0
https://www.bangor.ac.uk/arts-culture-language/news/new-report-shines-a-light-on-how-teenagers-are-using-ai-companions,0
https://www.bangor.ac.uk/study/undergraduate/german,0
https://www.bangor.ac.uk/courses?term=&level_of_study=ug_course&academic_school=All&field_course_year_start_value=All&field_pgr_start_yr_multi_value=All&field_pgt_start_yr_multi_value=All&field_ug_start_yr_multi_value=All&field_course_start_date_type_value=All&ug_subject_area=331&ug_subject_combination=All&ug_course_type=All&pgt_subject_area=All&pgt_course_type=All&pgt_course_mode=All&pgt_start_date=All&pgr_subject_area=All&pgr_course_type=All,0
https://www.bangor.ac.uk/courses/undergraduate/h601-electronic-engineering-meng,0
https://www.bangor.ac.uk/courses?term=&level_of_study=ug_course&academic_school=All&field_course_year_start_value=All&field_pgr_start_yr_multi_value=All&field_pgt_start_yr_multi_value=All&field_ug_start_yr_multi_value=All&field_course_start_date_type_value=All&ug_subject_area=416&ug_subject_combination=All&ug_course_type=All&pgt_subject_area=All&pgt_course_type=All&pgt_course_mode=All&pgt_start_date=All&pgr_subject_area=All&pgr_course_type=All,0
https://www.bangor.ac.uk/courses/undergraduate/h607-engineering-beng-hons,0
https://www.bangor.ac.uk/profiles/students/megan-wyn-owen,0
https://www.bangor.ac.uk/courses/undergraduate/h60f-engineering-with-foundation-year-beng-hons,0
https://www.bangor.ac.uk/dsp,0
https://www.bangor.ac.uk/courses/undergraduate/h608-engineering-meng,0
https://www.bangor.ac.uk/courses/undergraduate/h61f-electronic-engineering-with-foundation-year-beng-hons,0
https://www.bangor.ac.uk/sns/conservation-at-bangor,0
https://www.bangor.ac.uk/courses?term=&level_of_study=ug_course&academic_school=All&field_course_year_start_value=All&field_pgr_start_yr_multi_value=All&field_pgt_start_yr_multi_value=All&field_ug_start_yr_multi_value=All&field_course_start_date_type_value=All&ug_subject_area=406&ug_subject_combination=All&ug_course_type=All&pgt_subject_area=All&pgt_course_type=All&pgt_course_mode=All&pgt_start_date=All&pgr_subject_area=All&pgr_course_type=All,0
https://www.bangor.ac.uk/profiles/students/sufyaan-niazi,0
https://www.bangor.ac.uk/natural-sciences/subject-areas/conservation/where-we-work,0
https://www.bangor.ac.uk/health-sciences/nhs-funding.php.en,0
https://www.bangor.ac.uk/profiles/students/tim-hunt,0
https://www.bangor.ac.uk/profiles/students/elliot-goddard,0
https://www.bangor.ac.uk/profiles/students/charlie-small,0
https://www.bangor.ac.uk/news/2024-10-15-bangor-universitys-product-design-course-ranked-no-1-in-the-uk,0
https://www.bangor.ac.uk/scsee/annual-product-design-course-awards,0
https://www.bangor.ac.uk/courses/undergraduate/w240-product-design-english-medium-bsc-hons,0
https://www.bangor.ac.uk/courses?term=&level_of_study=ug_course&academic_school=All&field_course_year_start_value=All&field_pgr_start_yr_multi_value=All&field_pgt_start_yr_multi_value=All&field_ug_start_yr_multi_value=All&field_course_start_date_type_value=All&ug_subject_area=496&ug_subject_combination=All&ug_course_type=All&pgt_subject_area=All&pgt_course_type=All&pgt_course_mode=All&pgt_start_date=All&pgr_subject_area=All&pgr_course_type=All,0
https://www.bangor.ac.uk/courses?level_of_study=ug_course&ug_subject_area=476&ug_subject_combination=All&ug_course_type=All&pgt_subject_area=All&pgt_course_type=All&pgt_course_mode=All&pgt_start_date=All&pgr_subject_area=All&pgr_course_type=All,0
https://www.bangor.ac.uk/courses/undergraduate/l510-health-and-social-care-ba-hons,0
https://www.bangor.ac.uk/courses/undergraduate/a100-medicine-bmbs,0
https://www.bangor.ac.uk/nwms/faqs-studying-medicine-and-pharmacy,0
https://www.bangor.ac.uk/courses/undergraduate/a103-gateway-to-medicine-6-year-bmbs,0
https://www.bangor.ac.uk/courses?term=&level_of_study=ug_course&academic_school=All&field_course_year_start_value=All&field_pgr_start_yr_multi_value=All&field_pgt_start_yr_multi_value=All&field_ug_start_yr_multi_value=All&field_course_start_date_type_value=All&ug_subject_area=471&ug_subject_combination=All&ug_course_type=All&pgt_subject_area=All&pgt_course_type=All&pgt_course_mode=All&pgt_start_date=All&pgr_subject_area=All&pgr_course_type=All,0
https://www.bangor.ac.uk/courses?term=&level_of_study=ug_course&academic_school=All&field_course_year_start_value=All&field_pgr_start_yr_multi_value=All&field_pgt_start_yr_multi_value=All&field_ug_start_yr_multi_value=All&field_course_start_date_type_value=All&ug_subject_area=376&ug_subject_combination=All&ug_course_type=All&pgt_subject_area=All&pgt_course_type=All&pgt_course_mode=All&pgt_start_date=All&pgr_subject_area=All&pgr_course_type=All,0
https://www.bangor.ac.uk/courses/undergraduate/l20f-politics-with-foundation-year-ba-hons,0
https://www.bangor.ac.uk/courses/undergraduate/l200-politics-ba-hons,0
https://www.bangor.ac.uk/profiles/Law/Alumni/GemmaTooze,0
https://www.bangor.ac.uk/profiles/Law/Alumni/Enlli-Williams,0
https://www.bangor.ac.uk/profiles/Law/Alumni/JosephBrittan,0
https://www.bangor.ac.uk/courses?term=&level_of_study=ug_course&academic_school=All&field_course_year_start_value=All&field_pgr_start_yr_multi_value=All&field_pgt_start_yr_multi_value=All&field_ug_start_yr_multi_value=All&field_course_start_date_type_value=All&ug_subject_area=351&ug_subject_combination=All&ug_course_type=All&pgt_subject_area=All&pgt_course_type=All&pgt_course_mode=All&pgt_start_date=All&pgr_subject_area=All&pgr_course_type=All,0
https://www.bangor.ac.uk/magical-bangor/graduate-success/adam-steven-gulliver,0
https://www.bangor.ac.uk/profiles/Law/Alumni/Jack-Barry,0
https://www.bangor.ac.uk/law-clinic,0
https://www.bangor.ac.uk/profiles/Law/Alumni/David-John-Darlington,0
https://www.bangor.ac.uk/profiles/Law/Alumni/MattLobo,0
https://www.bangor.ac.uk/courses/undergraduate-modules/M100/,0
https://www.bangor.ac.uk/courses/postgraduate-taught/global-heritage-distance-learning,0
https://www.bangor.ac.uk/courses/postgraduate-taught/positive-behaviour-support-pbs,0
https://www.bangor.ac.uk/courses/postgraduate-taught/advanced-hems-practice-by-distance-learning-pgcert,0
https://www.bangor.ac.uk/courses/postgraduate-taught/tropical-forestry-msc,0
https://www.bangor.ac.uk/courses/postgraduate-taught/forestry-distance-learning-msc,0
https://www.bangor.ac.uk/courses/postgraduate-taught/agroforestry-and-food-security-by-distance-learning-msc,0
https://www.bangor.ac.uk/study/undergraduate/radiography/why-study,0
https://www.bangor.ac.uk/courses?level_of_study=ug_course&ug_subject_area=506&ug_subject_combination=All&ug_course_type=All&pgt_subject_area=All&pgt_course_type=All&pgt_course_mode=All&pgt_start_date=All&pgr_subject_area=All&pgr_course_type=All,0
https://www.bangor.ac.uk/profiles/BBS/Alumni/Sergio-Rojo,0
https://www.bangor.ac.uk/courses?term=&level_of_study=ug_course&academic_school=All&field_course_year_start_value=All&field_pgr_start_yr_multi_value=All&field_pgt_start_yr_multi_value=All&field_ug_start_yr_multi_value=All&field_course_start_date_type_value=All&ug_subject_area=286&ug_subject_combination=All&ug_course_type=All&pgt_subject_area=All&pgt_course_type=All&pgt_course_mode=All&pgt_start_date=All&pgr_subject_area=All&pgr_course_type=All,0
https://www.bangor.ac.uk/profiles/BBS/Alumni/Errol-Grant,0
https://www.bangor.ac.uk/profiles/BBS/Alumni/Joshua-Roberts,0
https://www.bangor.ac.uk/profiles/BBS/Alumni/Tom-Haynes,0
https://www.bangor.ac.uk/BBS/Blog/Georgina-Stanmore,0
https://www.bangor.ac.uk/courses/undergraduate/n50f-marketing-with-foundation-year-bsc-hons,0
https://www.bangor.ac.uk/courses/undergraduate/n833-tourism-management-with-foundation-year-bsc-hons,0
https://www.bangor.ac.uk/profiles/BBS/Alumni/Catrin-Mather,0
https://www.bangor.ac.uk/study/undergraduate/midwifery/why-study,0
https://www.bangor.ac.uk/study/undergraduate/midwifery/careers,0
https://www.bangor.ac.uk/courses?level_of_study=ug_course&ug_subject_area=486&ug_subject_combination=All&ug_course_type=All&pgt_subject_area=All&pgt_course_type=All&pgt_course_mode=All&pgt_start_date=All&pgr_subject_area=All&pgr_course_type=All,0
https://www.bangor.ac.uk/courses?term=&level_of_study=wt_undergraduate_programme&academic_school=All&field_course_year_start_value=All&field_pgr_start_yr_multi_value=All&field_pgt_start_yr_multi_value=All&field_ug_start_yr_multi_value=All&field_course_start_date_type_value=All&ug_subject_area=316&ug_subject_combination=All&ug_course_type=All&pgt_subject_area=All&pgt_course_type=All&pgt_course_mode=All&pgt_start_date=All&pgr_subject_area=All&pgr_course_type=All,0
https://www.bangor.ac.uk/courses/undergraduate/r807-modern-languages-and-criminology-and-criminal-justice-ba-hons,0
https://www.bangor.ac.uk/courses?term=&level_of_study=ug_course&academic_school=All&field_course_year_start_value=All&field_pgr_start_yr_multi_value=All&field_pgt_start_yr_multi_value=All&field_ug_start_yr_multi_value=All&field_course_start_date_type_value=All&ug_subject_area=301&ug_subject_combination=All&ug_course_type=All&pgt_subject_area=All&pgt_course_type=All&pgt_course_mode=All&pgt_start_date=All&pgr_subject_area=All&pgr_course_type=All,0
https://www.bangor.ac.uk/courses/undergraduate/m930-criminology-and-criminal-justice-ba-hons,0
https://www.bangor.ac.uk/courses?level_of_study=ug_course&ug_subject_area=511&ug_subject_combination=All&ug_course_type=546&pgt_subject_area=All&pgt_course_type=All&pgt_course_mode=All&pgt_start_date=All&pgr_subject_area=All&pgr_course_type=All&ug_language=All&pgt_language=All,0
https://www.bangor.ac.uk/study/undergraduate/sport-and-exercise-sciences/know-your-lecturer,0
https://www.bangor.ac.uk/courses?term=C615&level_of_study=All&ug_subject_area=All&ug_subject_combination=All&ug_course_type=All&pgt_subject_area=All&pgt_course_type=All&pgt_course_mode=All&pgt_start_date=All&pgr_subject_area=All&pgr_course_type=All,0
https://www.bangor.ac.uk/level-up-your-career-sport-exercise-science-at-bangor,0
https://www.bangor.ac.uk/discover-the-science-of-human-health-and-performance-sport-science-webinar-series,0
https://www.bangor.ac.uk/study/undergraduate/sport-and-exercise-sciences/podcast,0
https://www.bangor.ac.uk/courses?level_of_study=ug_course&ug_subject_area=511&ug_subject_combination=All&ug_course_type=All&pgt_subject_area=All&pgt_course_type=All&pgt_course_mode=All&pgt_start_date=All&pgr_subject_area=All&pgr_course_type=All,0
https://www.bangor.ac.uk/study/undergraduate/sport-health-and-exercise-sciences/why-study,0
https://www.bangor.ac.uk/courses?level_of_study=ug_course&ug_subject_area=511&ug_subject_combination=All&ug_course_type=All&ug_language=All&pgt_subject_area=All&pgt_course_type=All&pgt_course_mode=All&pgt_start_date=All&pgt_language=All&pgr_subject_area=All&pgr_course_type=All,0
https://www.bangor.ac.uk/alumni/alumni-profiles/will-osborn,0
https://www.bangor.ac.uk/courses?level_of_study=ug_course&ug_subject_area=501&ug_subject_combination=All&ug_course_type=All&pgt_subject_area=All&pgt_course_type=All&pgt_course_mode=All&pgt_start_date=All&pgr_subject_area=All&pgr_course_type=All,0
https://www.bangor.ac.uk/alumni/alumni-profiles/louis-naylor,0
https://www.bangor.ac.uk/alumni/alumni-profiles/jess-howard,0
https://www.bangor.ac.uk/study/undergraduate/Health-and-Social-Care,0
https://www.bangor.ac.uk/profiles/students/chelsea-pemberton,0
https://www.bangor.ac.uk/courses?level_of_study=ug_course&ug_subject_area=16&ug_subject_combination=All&ug_course_type=All&pgt_subject_area=All&pgt_course_type=All&pgt_course_mode=All&pgt_start_date=All&pgr_subject_area=All&pgr_course_type=All,0
https://www.bangor.ac.uk/profiles/BBS/Alumni/George-Krokos,0
https://www.bangor.ac.uk/profiles/BBS/Alumni/ahmed-dhaif,0
https://www.bangor.ac.uk/profiles/BBS/Alumni/Salima-Behilil,0
https://www.bangor.ac.uk/profiles/BBS/Alumni/margaret-cowan,0
https://www.bangor.ac.uk/profiles/BBS/Alumni/Bogdan-Pop,0
https://www.bangor.ac.uk/courses?term=&level_of_study=ug_course&academic_school=All&field_course_year_start_value=All&field_pgr_start_yr_multi_value=All&field_pgt_start_yr_multi_value=All&field_ug_start_yr_multi_value=All&field_course_start_date_type_value=All&ug_subject_area=296&ug_subject_combination=All&ug_course_type=All&pgt_subject_area=All&pgt_course_type=All&pgt_course_mode=All&pgt_start_date=All&pgr_subject_area=All&pgr_course_type=All,0
https://www.bangor.ac.uk/courses?level_of_study=ug_course&ug_subject_area=296&ug_subject_combination=All&ug_course_type=All&pgt_subject_area=All&pgt_course_type=All&pgt_course_mode=All&pgt_start_date=All&pgr_subject_area=All&pgr_course_type=All,0
https://www.bangor.ac.uk/profiles/students/belinda-betts,0
https://www.bangor.ac.uk/sns/research-impact,0
https://www.bangor.ac.uk/courses/undergraduate/b20f-pharmacology-with-foundation-year-bsc-hons,0
https://www.bangor.ac.uk/courses/undergraduate/b230-pharmacy-mpharm,0
https://www.bangor.ac.uk/courses/undergraduate/b200-pharmacology-bsc-hons,0
https://www.bangor.ac.uk/courses/undergraduate/b231-pharmacy-with-preparatory-year-mpharm,0
https://www.bangor.ac.uk/courses?term=&level_of_study=ug_course&ug_subject_area=481&pgt_subject_area=All&pgr_subject_area=All&academic_school=All&field_course_year_start_value=All&field_pgr_start_yr_multi_value=All&field_pgt_start_yr_multi_value=All&field_ug_start_yr_multi_value=All&field_course_start_date_type_value=All&ug_subject_combination=All&ug_course_type=All&pgt_course_type=All&pgt_course_mode=All&pgt_start_date=All&pgr_course_type=All,0
https://www.bangor.ac.uk/computer-science-and-electronic-engineering/research/photonics,0
https://www.bangor.ac.uk/courses?term=&level_of_study=ug_course&academic_school=All&field_course_year_start_value=All&field_pgr_start_yr_multi_value=All&field_pgt_start_yr_multi_value=All&field_ug_start_yr_multi_value=All&field_course_start_date_type_value=All&ug_subject_area=401&ug_subject_combination=All&ug_course_type=All&pgt_subject_area=All&pgt_course_type=All&pgt_course_mode=All&pgt_start_date=All&pgr_subject_area=All&pgr_course_type=All,0
https://www.bangor.ac.uk/profiles/students/callum-murray,0
https://www.bangor.ac.uk/courses/undergraduate/gw49-creative-technologies-bsc-hons,0
https://www.bangor.ac.uk/courses/undergraduate/h116-applied-data-science-bsc-hons,0
https://www.bangor.ac.uk/computer-science-and-electronic-engineering/research/vdgm,0
https://www.bangor.ac.uk/courses/undergraduate/h300-applied-software-engineering-bsc-hons,0
https://www.bangor.ac.uk/profiles/students/abdullah,0
https://www.bangor.ac.uk/courses/undergraduate/h115-applied-cyber-security-bsc-hons,0
https://www.bangor.ac.uk/computer-science-and-electronic-engineering/research/eebg,0
https://www.bangor.ac.uk/profiles/students/dr-aaron-jackson-0,0
https://www.bangor.ac.uk/courses/undergraduate/b753-dental-therapy-bsc-hons,0
https://www.bangor.ac.uk/courses/undergraduate/b751-dental-hygiene-diphe,0
https://www.bangor.ac.uk/study/undergraduate/dental-hygiene/why-study,0
https://www.bangor.ac.uk/news/2023-12-08-bangor-university-rises-to-top-10-in-global-sustainability-league-table,0
https://www.bangor.ac.uk/courses?academic_school=All&term=&level_of_study=ug_course&field_course_year_start_value=All&field_pgr_start_yr_multi_value=All&field_pgt_start_yr_multi_value=All&field_course_start_date_type_value=All&ug_subject_area=1906&ug_subject_combination=All&ug_course_type=All&pgt_subject_area=All&pgt_course_type=All&pgt_course_mode=All&pgt_start_date=All&pgr_subject_area=All&pgr_course_type=All,0
https://www.bangor.ac.uk/courses?term=&level_of_study=ug_course&academic_school=All&field_course_year_start_value=All&field_pgr_start_yr_multi_value=All&field_pgt_start_yr_multi_value=All&field_ug_start_yr_multi_value=All&field_course_start_date_type_value=All&ug_subject_area=386&ug_subject_combination=All&ug_course_type=All&pgt_subject_area=All&pgt_course_type=All&pgt_course_mode=All&pgt_start_date=All&pgr_subject_area=All&pgr_course_type=All,0
https://www.bangor.ac.uk/cy/courses/undergraduate/n313-dadansoddeg-data-busnes-bsc-anrh,0
https://www.bangor.ac.uk/study/undergraduate/business-management-marketing,0
https://www.bangor.ac.uk/courses/undergraduate/n501-marketing-bsc-hons,0
https://www.bangor.ac.uk/profiles/students/wil-chidley,0
https://www.bangor.ac.uk/courses?level_of_study=ug_course&ug_subject_area=431&ug_subject_combination=All&ug_course_type=All&pgt_subject_area=All&pgt_course_type=All&pgt_course_mode=All&pgt_start_date=All&pgr_subject_area=All&pgr_course_type=All,0
https://www.bangor.ac.uk/natural-sciences/profiles/chloe-lloyd.php.en,0
https://www.bangor.ac.uk/courses/undergraduate/f801-geography-mgeog,0
https://www.bangor.ac.uk/profiles/students/francesca-norman-andrews,0
https://www.bangor.ac.uk/natural-sciences/staff,0
https://www.bangor.ac.uk/courses?level_of_study=ug_course&ug_subject_area=436&ug_subject_combination=All&ug_course_type=All&pgt_subject_area=All&pgt_course_type=All&pgt_course_mode=All&pgt_start_date=All&pgr_subject_area=All&pgr_course_type=All,0
https://www.bangor.ac.uk/studyskills/peer-guiding/,0
https://www.bangor.ac.uk/inclusive-community/mature-students/index.php.en,0
https://www.bangor.ac.uk/profiles/Modern-Languages/Alumni/Sarah-worth,0
https://www.bangor.ac.uk/profiles/Modern-languages/Alumni/Jamie-McAllister,0
https://www.bangor.ac.uk/courses?term=&level_of_study=ug_course&ug_subject_area=1931&pgt_subject_area=All&pgr_subject_area=All&academic_school=All&field_course_year_start_value=All&field_pgr_start_yr_multi_value=All&field_pgt_start_yr_multi_value=All&field_ug_start_yr_multi_value=All&field_course_start_date_type_value=All&ug_subject_combination=All&ug_course_type=All&pgt_course_type=All&pgt_course_mode=All&pgt_start_date=All&pgr_course_type=All,0
https://www.bangor.ac.uk/profiles/Modern-Languages/Alumni/Charlotte-Watson,0
https://www.bangor.ac.uk/courses/undergraduate/r804-modern-languages-and-history-ba-hons,0
https://www.bangor.ac.uk/courses/ug-pre-wt/r800-modern-languages-french-german-spanish-and-chinese-ba-hons,0
https://www.bangor.ac.uk/profiles/Modern-Languages/Alumni/Charlotte-Fairclough,0
https://www.bangor.ac.uk/courses/undergraduate/vv41-heritage-archaeology-and-history-ba-hons,0
https://www.bangor.ac.uk/courses/undergraduate/v103-history-and-archaeology-ba-hons,0
https://www.bangor.ac.uk/courses/undergraduate/v100-history-ba-hons,0
https://www.bangor.ac.uk/profiles/History/BethJones,0
https://www.bangor.ac.uk/arts-humanities-and-business/subject-sessions-college-of-arts-humanities-and-social-sciences,0
https://www.bangor.ac.uk/courses/undergraduate/v140-modern-and-contemporary-history-ba-hons,0
https://www.bangor.ac.uk/courses?term=&level_of_study=ug_course&academic_school=All&field_course_year_start_value=All&field_pgr_start_yr_multi_value=All&field_pgt_start_yr_multi_value=All&field_ug_start_yr_multi_value=All&field_course_start_date_type_value=All&ug_subject_area=341&ug_subject_combination=All&ug_course_type=All&pgt_subject_area=All&pgt_course_type=All&pgt_course_mode=All&pgt_start_date=All&pgr_subject_area=All&pgr_course_type=All,0
https://www.bangor.ac.uk/courses/postgraduate-taught/tropical-forestry-distance-learning-msc,0
https://www.bangor.ac.uk/study/postgraduate/food-security-in-the-changing-environment-msc-distance-learning,0
https://www.bangor.ac.uk/international/videos/accommodation,0
https://www.bangor.ac.uk/international/videos/no-youtube,0
https://www.bangor.ac.uk/international/exchanges/incoming/videos,0
https://www.bangor.ac.uk/international/videos/study,0
https://www.bangor.ac.uk/international/videos/discover-bangor,0
https://www.bangor.ac.uk/international/staff-profile-of-monica-rodriguez,0
https://www.bangor.ac.uk/international/staff-profile-of-liza-vadivelu,0
https://www.bangor.ac.uk/international/staff-profile-of-russell-m-jahangir,0
https://www.bangor.ac.uk/international/staff-profile-of-kate-nwosu,0
https://www.bangor.ac.uk/international/staff-profile-of-ahmed-dhaif,0
https://www.bangor.ac.uk/international/staff-profile-of-david-lennon,0
https://www.bangor.ac.uk/international/staff/mandy_jones,0
https://www.bangor.ac.uk/international/staff-profile-of-elsa-dieona,0
https://www.bangor.ac.uk/international/staff-profile-of-azrah-ashif-sajan,0
https://www.bangor.ac.uk/international/staff-profile-of-javed-iqbal,0
https://www.bangor.ac.uk/international/blessing-osunde,0
https://www.bangor.ac.uk/international/staff-profile-of-braj-bhushan-jha,0
https://www.bangor.ac.uk/international/staff/kerry-jones,0
https://www.bangor.ac.uk/meet-the-international-recruitment-team,0
https://www.bangor.ac.uk/international/staff-profile-of-duncan-de-silva,0
https://www.bangor.ac.uk/international/staff-profile-of-jerry-djebah,0
https://www.bangor.ac.uk/international/staff-profile-of-elizabeth-roberts,0
https://www.bangor.ac.uk/international/staff-profile-of-cassie-ratcliffe,0
https://www.bangor.ac.uk/international/staff-profile-of-rachel-wang,0
https://www.bangor.ac.uk/international/staff-profile-of-caroline-pearson,0
https://www.bangor.ac.uk/international/staff-profile-of-alan-charlesworth,0
https://www.bangor.ac.uk/international/staff-profile-of-stella-song,0
https://www.bangor.ac.uk/international/staff-profile-of-jess-morgan,0
https://www.bangor.ac.uk/studentservices/student-health/documents/StudentSafetyGuide-MainlandChinese.pdf,0
https://www.bangor.ac.uk/harassment,0
https://www.bangor.ac.uk/studentservices/student-health/documents/StudentSafetyGuide-ChineseTaiwan.pdf,0
https://www.bangor.ac.uk/hss,0
https://www.bangor.ac.uk/studentservices/student-health/documents/StudentAdviceLeafletOct18Eng.pdf,0
https://www.bangor.ac.uk/studentservices/student-health/safety.php.cy,0
https://www.bangor.ac.uk/studentservices/wellbeing/index.php.cy,0
https://www.bangor.ac.uk/cy/amdanom/arloesi-pontio,0
https://www.bangor.ac.uk/cy/amdanom/arloesi-pontio/safleoedd,0
https://www.bangor.ac.uk/cy/dim-ond-y-gorau,0
https://www.bangor.ac.uk/courses?term=&level_of_study=All,0
https://www.bangor.ac.uk/find-your-place-0,0
https://www.bangor.ac.uk/cy/amdanom/pontio/sut-rydym-yn-gweithio,0
https://www.bangor.ac.uk/cy/amdanom/arloesi-pontio/cymerwch-ran,0
https://www.bangor.ac.uk/cy/amdanom/arloesi-pontio/mannau,0
https://www.bangor.ac.uk/about/pontio/pontio-innovation.php.cy,0
https://www.bangor.ac.uk/cy/node,0
https://www.bangor.ac.uk/cy/amdanom/arloesi-pontio/pam,0
https://www.bangor.ac.uk/cy/amdanom/arloesi-pontio/diweddar,0
https://www.bangor.ac.uk/sport/,0
https://www.bangor.ac.uk/buic/staff/claire-hall,0
https://www.bangor.ac.uk/buic/mailto;h.wilson@bangor.ac.uk,0
https://www.bangor.ac.uk/buic/staff/laura-mckenzie,0
https://www.bangor.ac.uk/buic/staff/francis-frank-williams,0
https://www.bangor.ac.uk/buic/staff/dr-gordon-newlove-asamoah,0
https://www.bangor.ac.uk/buic/staff/jessica-hughes,0
https://www.bangor.ac.uk/buic/staff/hali-aris,0
https://www.bangor.ac.uk/buic/staff/tom-ledbury,0
https://www.bangor.ac.uk/buic/staff/helen-wilson,0
https://www.bangor.ac.uk/buic/staff-page,0
https://www.bangor.ac.uk/buic/staff/callum-tannahill,0
https://www.bangor.ac.uk/buic/staff/owain-llewelyn,0
https://www.bangor.ac.uk/buic/staff/boris-altemeyer,0
https://www.bangor.ac.uk/buic/staff/hizamshol-kamal,0
https://www.bangor.ac.uk/buic/staff/hamidreza-bagheri,0
https://www.bangor.ac.uk/international/countries/,0
https://www.bangor.ac.uk/buic/iim-investment-and-banking,0
https://www.bangor.ac.uk/buic/iim-psychology,0
https://www.bangor.ac.uk/buic/iim-accounting-and-finance,0
https://www.bangor.ac.uk/buic/iim-business-and-management,0
https://www.bangor.ac.uk/buic/brochure-bic,0
https://www.bangor.ac.uk/buic/law-and-social-sciences-bachelors,0
https://www.bangor.ac.uk/buic/engineering-and-computer-science-bachelors,0
https://www.bangor.ac.uk/buic/business-and-management-bachelors,0
https://www.bangor.ac.uk/sites/default/files/2021-01/BUICAttendancePolicySept2018.pdf,0
https://www.bangor.ac.uk/cy/courses/postgraduate-taught/rheolir-cyfryngau-rhyngwladol-msc,0
https://www.bangor.ac.uk/cy/courses/postgraduate-taught/marchnata-rhyngwladol-mba,0
https://www.bangor.ac.uk/cy/courses/postgraduate-taught/dadansoddeg-data-busnes-msc,0
https://www.bangor.ac.uk/cy/courses/postgraduate-taught/y-gyfraith-a-rheolaeth-mba,0
https://www.bangor.ac.uk/courses?level_of_study=All&term=business,0
https://www.bangor.ac.uk/cy/courses/postgraduate-taught/rheolaeth-amgylcheddol-a-busnes-msc,0
https://www.bangor.ac.uk/cy/courses/postgraduate-taught/rheoli-buddsoddiadau-msc,0
https://www.bangor.ac.uk/cy/courses/postgraduate-taught/rheolir-amgylchedd-mba,0
https://www.bangor.ac.uk/cy/courses/postgraduate-taught/busnes-a-marchnata-ma,0
https://www.bangor.ac.uk/cy/courses/postgraduate-taught/cadwraeth-a-rheoli-tir-msc,0
https://www.bangor.ac.uk/cy/courses/postgraduate-taught/rheolaeth-a-chyllid-msc,0
https://www.bangor.ac.uk/cy/courses/postgraduate-taught/busnes-rhyngwladol-mba,0
https://www.bangor.ac.uk/cy/courses/postgraduate-research/cyfrifeg-bancio-economeg-cyllid-rheolaeth-a-marchnata-phd,0
https://www.bangor.ac.uk/cy/courses/postgraduate-taught/rheolaeth-coedwigoedd-a-natur-cynaliadwy-cwrs-erasmus-mundus-msc,0
https://www.bangor.ac.uk/cy/courses/postgraduate-taught/coedwigaeth-a-rheolaeth-amgylcheddol-transfor-m-msc,0
https://www.bangor.ac.uk/cy/courses/postgraduate-taught/rheolaeth-ar-gyfer-newid-hinsawdd,0
https://www.bangor.ac.uk/cy/courses/postgraduate-taught/dadansoddeg-defnyddwyr-a-marchnata-digidol-msc,0
https://www.bangor.ac.uk/cy/courses/postgraduate-taught/rheoli-mba,0
https://www.bangor.ac.uk/cy/courses/undergraduate/i110-systemau-gwybodaeth-cyfrifiadurol-bsc-anrh,0
https://www.bangor.ac.uk/cy/courses/undergraduate/nn4f-cyfrifeg-a-chyllid-gyda-blwyddyn-sylfaen-bsc-anrh,0
https://www.bangor.ac.uk/cy/courses/postgraduate-taught/mba-bancwr-siartredig-mba,0
https://www.bangor.ac.uk/courses?level_of_study=pgt_course&pgt_subject_area=2086,0
https://www.bangor.ac.uk/Executive-Education,0
https://apps.bangor.ac.uk/apply/account/login/?next=/apply/landing/,0
https://apps.bangor.ac.uk/apply/account/signup/,0
https://www.bangor.ac.uk/cy/courses/undergraduate/n200-rheolaeth-busnes-bsc-anrh,0
https://www.bangor.ac.uk/courses?level_of_study=pgr_course&pgr_subject_area=1196,0
https://www.bangor.ac.uk/courses?level_of_study=pgr_course&pgr_subject_area=1216,0
https://www.bangor.ac.uk/cy/courses/undergraduate/n31f-dadansoddeg-data-busnes-gyda-blwyddyn-sylfaen-bsc-anrh,0
https://www.bangor.ac.uk/cy/courses/undergraduate/n111-menter-busnes-ac-entrepreneuriaeth-bsc-anrh,0
https://www.bangor.ac.uk/courses/postgraduate-taught/management-for-climate-change,0
https://www.bangor.ac.uk/courses/postgraduate-taught/investment-management-msc,0
https://www.bangor.ac.uk/courses/postgraduate-taught/management-and-finance-msc,0
https://www.bangor.ac.uk/cy/courses?level_of_study=All&page=1&term=business,0
https://www.bangor.ac.uk/courses/postgraduate-taught/international-marketing-mba,0
https://www.bangor.ac.uk/courses/postgraduate-taught/consumer-and-digital-marketing-analytics-msc,0
https://www.bangor.ac.uk/courses/postgraduate-taught/forestry-and-environmental-management-degrees-transfor-m-msc,0
https://www.bangor.ac.uk/courses/postgraduate-taught/international-media-and-management-msc,0
https://www.bangor.ac.uk/courses/postgraduate-taught/law-and-management-mba,0
https://www.bangor.ac.uk/courses?level_of_study=pgt_course&pgt_subject_area=1091,0
https://www.bangor.ac.uk/courses/postgraduate-modules/D9AN,0
https://www.bangor.ac.uk/courses?level_of_study=pgt_course&pgt_subject_area=1011,0
https://www.bangor.ac.uk/courses?level_of_study=pgt_course&pgt_subject_area=1106,0
https://www.bangor.ac.uk/courses/postgraduate-modules/N1AV,0
https://www.bangor.ac.uk/node/1421,0
https://www.bangor.ac.uk/business/jeremy-smith.php.en,0
https://www.bangor.ac.uk/cy/courses?level_of_study=All&page=0&term=business,0
https://www.bangor.ac.uk/cy/courses/undergraduate/nn4h-cyfrifeg-a-chyllid-bsc-anrh,0
https://www.bangor.ac.uk/courses/postgraduate-modules/N1BV,0
https://www.bangor.ac.uk/courses?level_of_study=pgt_course&pgt_subject_area=996,0
https://www.bangor.ac.uk/cy/courses/undergraduate/n4nf-cyfrifeg-a-rheolaeth-gyda-blwyddyn-sylfaen-bsc-anrh,0
https://www.bangor.ac.uk/cy/courses/undergraduate/i103-cyfrifiadureg-gyda-dylunio-gemau-bsc-anrh,0
https://www.bangor.ac.uk/cy/courses/undergraduate/n4n2-cyfrifeg-a-rheolaeth-bsc-anrh,0
https://www.bangor.ac.uk/cy/courses/undergraduate/n20f-rheolaeth-busnes-gyda-blwyddyn-sylfaen-bsc-anrh,0
https://www.bangor.ac.uk/cy/courses/undergraduate/h114-gwyddor-data-a-delweddu-bsc-anrh,0
https://www.bangor.ac.uk/cy/courses/undergraduate/in00-systemau-gwybodaeth-cyfrifiaduron-i-fusnesau-bsc-anrh,0
https://www.bangor.ac.uk/cy/courses/undergraduate/n39f-bancio-a-chyllid-gyda-blwyddyn-sylfaen-bsc-anrh,0
https://www.bangor.ac.uk/cy/courses/undergraduate/h118-gwyddor-data-a-deallusrwydd-artiffisial-bsc-anrh,0
https://www.bangor.ac.uk/cy/diwrnodymweld/sut-i-gyrraedd-yma,0
https://www.bangor.ac.uk/cy/diwrnodymweld/darganfod-ein-llety-myfyrwyr,0
https://www.bangor.ac.uk/cy/diwrnodymweld/bwyd-a-diod,0
https://www.bangor.ac.uk/cy/diwrnodymweld/astudio-drwy-gyfrwng-y-gymraeg,0
https://www.bangor.ac.uk/cy/diwrnodymweld/radiograffeg-campws-wrecsam,0
https://www.bangor.ac.uk/cy/diwrnodymweld/newid-eich-ymweliad,0
https://www.bangor.ac.uk/cy/diwrnodymweld/rhaglen,0
https://www.bangor.ac.uk/cy/diwrnodymweld/parcio,0
https://www.bangor.ac.uk/cy/diwrnodymweld/darganfod-bangor,0
https://www.bangor.ac.uk/cy/diwrnod-ymweld,0
https://www.bangor.ac.uk/cy/diwrnodymweld/cwestiynau-cyffredin,0
https://www.bangor.ac.uk/cy/diwrnodymweld/cwestiynau-iw-gofyn,0
https://www.bangor.ac.uk/cy/diwrnodymweld/cefnogi-myfyrwyr,0
https://www.bangor.ac.uk/courses?term=&level_of_study=ug_course&ug_subject_area=All&pgt_subject_area=All&pgr_subject_area=All&academic_school=All&field_course_year_start_value=All&field_pgr_start_yr_multi_value=All&field_pgt_start_yr_multi_value=All&field_ug_start_yr_multi_value=All&field_course_start_date_type_value=All&ug_subject_combination=All&ug_course_type=All&pgt_course_type=All&pgt_course_mode=All&pgt_start_date=All&pgr_course_type=All,0
https://www.bangor.ac.uk/welcome-to-bangor/registration-and-modules,0
https://www.bangor.ac.uk/welcome-to-bangor/academi,0
https://www.bangor.ac.uk/welcome-to-bangor/peer-guides,0
https://www.bangor.ac.uk/welcome-to-bangor/undergraduate-students,0
https://www.bangor.ac.uk/welcome-to-bangor/wrexham-campus,0
https://www.bangor.ac.uk/welcome-to-bangor/student-parking-permits,0
https://www.bangor.ac.uk/welcome-to-bangor/arriving-after-welcome,0
https://www.bangor.ac.uk/welcome-to-bangor/welcome-communicating,0
https://www.bangor.ac.uk/welcome-to-bangor/events,0
https://www.bangor.ac.uk/bangor-welcome/be-bangor-ready,0
https://www.bangor.ac.uk/welcome-to-bangor/bangors-inclusive-community,0
https://www.bangor.ac.uk/welcome-to-bangor/welcome-from-the-university,0
https://www.bangor.ac.uk/welcome-to-bangor/welcome-week-faqs,0
https://www.bangor.ac.uk/welcome-to-bangor/postgraduate-students,0
https://www.bangor.ac.uk/welcome-to-bangor/be-bangor-ready,0
https://www.bangor.ac.uk/welcome-to-bangor/university-halls-and-campus-life,0
https://www.bangor.ac.uk/welcome-to-bangor/private-accommodation-and-living-locally,0
https://www.bangor.ac.uk/cy/croeso-i-fangor,0
https://www.bangor.ac.uk/cy/bywyd-myfyrwyr/unibuddy,0
https://www2.bangor.ac.uk/virtual-experience/cy,0
https://www.bangor.ac.uk/cy/bywyd-myfyrwyr/cyfryngau-cymdeithasol,0
https://www.bangor.ac.uk/cy/gwyliwch-ein-fideos-ar-youtube,0
https://www.bangor.ac.uk/cy/digwyddiad-ol-raddedig/sut-i-gyrraedd-yma,0
https://www.bangor.ac.uk/cy/digwyddiad-ol-raddedig/parcio,0
https://www.bangor.ac.uk/cy/digwyddiad-ol-raddedig/rhaglen,0
https://www.bangor.ac.uk/cy/digwyddiad-ol-raddedig/llety,0
https://www.bangor.ac.uk/cy/digwyddiad-ol-raddedig/bwyd-a-diod,0
https://www.bangor.ac.uk/arts-humanities-and-business/events,0
https://www.bangor.ac.uk/arts-humanities-and-social-sciences/research-centres,0
https://www.bangor.ac.uk/arts-humanities-and-business/research-centres,0
https://www.bangor.ac.uk/sites/default/files/2024-03/75167-CAHSS_ResearchInstituteStrategyRevised2024.pdf,0
https://www.bangor.ac.uk/arts-humanities-and-business/postgrads,0
https://www.bangor.ac.uk/arts-humanities-and-business/about,0
https://www.bangor.ac.uk/arts-humanities-and-business/grant-application-internal-peer-review,0
https://www.bangor.ac.uk/staff/arts-humanities-and-business,0
https://www.bangor.ac.uk/arts-humanities-and-business/undergrad,0
https://www.bangor.ac.uk/arts-humanities-and-business/news,0
https://www.bangor.ac.uk/cy/celfyddydau-dyniaethau-busnes/ymchwil,0
https://www.bangor.ac.uk/arts-humanities-and-business/ethics,0
http://contempo.bangor.ac.uk/,0
https://www.bangor.ac.uk/reasoning-linguistics-neurotype,0
https://www.bangor.ac.uk/bilingualism/index.php.en,0
https://www.bangor.ac.uk/cy/iaith-diwylliant-celfyddydau/amdanom,0
http://rsthomas.bangor.ac.uk/index.php.en,0
https://bc.bangor.ac.uk/about-us/about-us/staff-list/index.php,0
http://www.bangor.ac.uk/corporate/informationfor/visitors.php,0
https://bc.bangor.ac.uk/ipps/proceedings/index.php,0
https://bc.bangor.ac.uk/news-and-resources/news/news2012.php,0
https://bc.bangor.ac.uk/news-and-resources/news/news2013.php,0
https://bc.bangor.ac.uk/ipps/documents/review2015.pdf,0
http://www.bangor.ac.uk/studentservices/,0
https://bc.bangor.ac.uk/ipps/call-for-papers/index.php,0
https://bc.bangor.ac.uk/ipps/review-of-ipps2007/index.php,0
http://www.bangor.ac.uk/news/,0
http://www.bangor.ac.uk/courses/,0
https://bc.bangor.ac.uk/news-and-resources/news/news2010.php,0
https://bc.bangor.ac.uk/ipps/contact-us/index.php,0
http://www.bangor.ac.uk/studentfinance/,0
https://bc.bangor.ac.uk/about-us/current-projects.php,0
https://bc.bangor.ac.uk/about-us/about-us/management-team-profiles/index.php,0
https://bc.bangor.ac.uk/ipps/previous-epps/index.php,0
http://www.bangor.ac.uk/international/,0
http://www.bangor.ac.uk/careers/,0
https://bc.bangor.ac.uk/news-and-resources/news/news2014.php,0
https://bc.bangor.ac.uk/products-and-services/composites/index.php,0
https://bc.bangor.ac.uk/news-and-resources/news/news2011.php,0
https://bc.bangor.ac.uk/annual-reports.php,0
http://www.bangor.ac.uk/research/,0
https://bc.bangor.ac.uk/ipps/review-of-IPPS-2023.php,0
https://bc.bangor.ac.uk/about-us/past-projects.php,0
https://bc.bangor.ac.uk/ipps/index.php,0
https://bc.bangor.ac.uk/about-us/testimonials/index.php,0
https://bc.bangor.ac.uk/news-and-resources/publications-and-reports/index.php,0
https://bc.bangor.ac.uk/news-and-resources/news/news2019.php,0
https://bc.bangor.ac.uk/products-and-services/forest-products/index.php,0
https://bc.bangor.ac.uk/news-and-resources/news/news2015.php,0
http://www.bc.bangor.ac.uk/news-and-resources/news/index.php,0
https://bc.bangor.ac.uk/about-us/about-us/index.php,0
https://bc.bangor.ac.uk/news-and-resources/news/news2018.php,0
https://bc.bangor.ac.uk/mould-training-school/index.php,0
https://bc.bangor.ac.uk/links/index.php,0
http://www.bc.bangor.ac.uk/ipps/call-for-papers/,0
http://www.bc.bangor.ac.uk/annual-reports.php,0
https://bc.bangor.ac.uk/ipps/review-of-IPPS-2017.php,0
http://www.bangor.ac.uk/bangortv/,0
https://bc.bangor.ac.uk/news-and-resources/news/news2008.php,0
https://bc.bangor.ac.uk/news-and-resources/news/news2009.php,0
https://bc.bangor.ac.uk/contact-us/index.php,0
https://bc.bangor.ac.uk/ipps/,0
https://bc.bangor.ac.uk/ipps/review-of-ipps2011/index.php,0
https://bc.bangor.ac.uk/news-and-resources/news/news2006.php,0
http://www.bangor.ac.uk/corporate/contactus.php,0
https://bc.bangor.ac.uk/products-and-services/index.php,0
https://bc.bangor.ac.uk/bc-tech-transfer/capabilities/index.php,0
https://bc.bangor.ac.uk/bc-tech-transfer/how-to-find/index.php,0
https://bc.bangor.ac.uk/products-and-services/resins-coatings-and-plastics/index.php,0
https://bc.bangor.ac.uk/ipps/review-of-IPPS-2019.php,0
https://bc.bangor.ac.uk/news-and-resources/faqs/index.php,0
https://bc.bangor.ac.uk/ipps/review-of-ipps2008/index.php,0
https://bc.bangor.ac.uk/products-and-services/the-bc-innovation-chain/index.php,0
https://bc.bangor.ac.uk/news-and-resources/news/index.php,0
https://bc.bangor.ac.uk/ipps/review-of-ipps2013.php,0
https://bc.bangor.ac.uk/news-and-resources/news/news2016.php,0
https://bc.bangor.ac.uk/documents/BC-Annual-Report-2023.pdf,0
https://bc.bangor.ac.uk/bc-tech-transfer/index.php,0
http://www.bangor.ac.uk/corporate/cookies/,0
http://www.bangor.ac.uk/studentlife/,0
https://bc.bangor.ac.uk/index.php.en,0
https://bc.bangor.ac.uk/mdf-recovery/index.php,0
https://bc.bangor.ac.uk/products-and-services/life-cycle-assessment/index.php,0
http://www.bangor.ac.uk/studyatbangor/,0
https://bc.bangor.ac.uk/products-and-services/fine-chemicals/index.php,0
https://bc.bangor.ac.uk/news-and-resources/news/news2017.php,0
https://bc.bangor.ac.uk/news-and-resources/news/news2007.php,0
https://bc.bangor.ac.uk/about-us/our-approach/index.php,0
https://www.bangor.ac.uk/nwms/postgraduate-study-at-the-north-wales-medical-school,0
https://www.bangor.ac.uk/cy/yfgc,0
https://www.bangor.ac.uk/cheme/pepper,0
https://www.bangor.ac.uk/nwms/news,0
https://www.bangor.ac.uk/nwms/news/new-study-warns-of-risks-in-ai-chatbots-giving-medical-advice,0
https://www.bangor.ac.uk/nwms/events/taster-session-the-science-of-zombies-could-infection-change-human-behaviour,0
https://www.bangor.ac.uk/north-wales-medical-school-ug,0
https://www.bangor.ac.uk/nwms/events/taster-session-where-will-the-next-pandemic-come-from-and-what-can-we-do-about-it-the,0
https://www.bangor.ac.uk/nwms/news/research-finds-complications-of-medical-tourism-may-cost-nhs-up-to-ps20000-per-patient,0
https://www.bangor.ac.uk/nwms/news/smartphone-photos-may-be-misleading-doctors-and-putting-patients-at-risk-new-research,0
https://www.bangor.ac.uk/nwms/events/taster-session-designer-drugs-using-computers-and-ai-to-design-future-medicines,0
https://www.bangor.ac.uk/nwms/aims,0
https://www.bangor.ac.uk/hs-research/news/in-pursuit-of-excellence-psychologists-develop-new-tool-to-assess-readiness-to,0
https://www.bangor.ac.uk/research/themes/human-sciences/dentistry-provision,0
https://www.bangor.ac.uk/hs-research/news/bangor-university-secures-welsh-government-funding-to-expand-literacy-programme,0
https://www.bangor.ac.uk/hs-research/news/bangor-university-joins-forces-with-remote-area-medical-care-specialists-to-make-a,0
https://www.bangor.ac.uk/research/themes/human-sciences/medallist-project,0
https://www.bangor.ac.uk/research/themes/human-sciences/health-and-performance,0
https://www.bangor.ac.uk/cy/ymchwil/themau-ymchwil/gwyddorau-dynol,0
https://research.bangor.ac.uk/portal/en/researchoutputs/search.html?organisationName=&organisations=20769837&type=+&language=+&publicationYearsFrom=&publicationYearsTo=&publicationcategory=&documents=+&openAccessPermissionStatus=&peerreview=&expertise=,0
https://www.bangor.ac.uk/hs/news,0
https://www.bangor.ac.uk/research/research-themes/arts-humanities-business/a-language-for-living,0
https://www.bangor.ac.uk/research/research-themes/arts-humanities-business/reframing-medieval-texts,0
https://www.bangor.ac.uk/research/research-themes/arts-humanities-business/loyalty-payments,0
https://www.bangor.ac.uk/research/research-themes/arts-humanities-business/theta-method,0
https://www.bangor.ac.uk/research/research-themes/arts-humanities-business/interchange-fees,0
https://www.bangor.ac.uk/research/research-themes/case-study-3,0
https://www.bangor.ac.uk/arts-humanities-and-business/research.php.en,0
https://www.bangor.ac.uk/cy/ymchwil/themau-ymchwil/celfyddydau-dyniaethau-a-busnes,0
https://www.bangor.ac.uk/research/themes/case-study-1,0
https://www.bangor.ac.uk/research/research-themes/arts-humanities-business/welsh-language-technology,0
https://www.bangor.ac.uk/languages-literatures-and-linguistics/staff/nathan-abrams/en,0
https://www.bangor.ac.uk/research/research-themes/arts-humanities-business/veillance,0
https://www.bangor.ac.uk/law/staff/ama-eyo/en,0
https://www.bangor.ac.uk/research/research-themes/arts-humanities-business/creative-writing,0
https://www.bangor.ac.uk/research/research-themes/arts-humanities-business/european-travellers-to-wales,0
https://www.bangor.ac.uk/medical-health-sciences/stakeholder,0
https://www.bangor.ac.uk/shs/pcg,0
https://www.bangor.ac.uk/medical-health-sciences/contact-us,0
http://nworth-ctu.bangor.ac.uk/llais/,0
https://www.bangor.ac.uk/shs/aims,0
https://www.bangor.ac.uk/medical-health-sciences/ethics,0
http://besh.bangor.ac.uk/index.php.en,0
https://www.bangor.ac.uk/bachelor-of-nursing-distance-learning,0
https://www.bangor.ac.uk/shs/news,0
https://www.bangor.ac.uk/public-health-collaborating-unit,0
https://www.bangor.ac.uk/medical-health-sciences/antimicrobial-resistance-research-interest-group,0
https://www.bangor.ac.uk/cy/gwyddorau-meddygol-iechyd/ymchwil,0
https://cheme.bangor.ac.uk/social-value-hub/,0
https://www.bangor.ac.uk/nwcpcr/,0
https://www.bangor.ac.uk/medical-health-sciences/rpl,0
http://nworth-ctu.bangor.ac.uk/,0
https://www.bangor.ac.uk/cy/ygan/ymchwil-effaith,0
https://www.bangor.ac.uk/cy/ybb/ymchwil,0
https://www.bangor.ac.uk/cy/gwyddorau-addysgol/ymchwil,0
https://www.bangor.ac.uk/cy/gwyddorau-dynol-ymddygiadol/ymchwil,0
https://www.bangor.ac.uk/cy/hanes-ygyfraith-gwyddorau-cymdeithas/ymchwil,0
https://www.bangor.ac.uk/cy/ycpe/cyfleusterau-ymchwil,0
https://www.bangor.ac.uk/cy/ymchwil/themau-ymchwil/gwyddorau-dynol-3,0
https://www.bangor.ac.uk/cy/ymchwil/themau-ymchwil/gwyddoraur-amgylchedd-a-pheirianneg,0
https://www.bangor.ac.uk/cy/ymchwil/ynglyn/effaith,0
https://www.bangor.ac.uk/human-behavioural-sciences/athena-swan,0
https://www.bangor.ac.uk/staff/human-behavioural-sciences/en,0
http://ipep.bangor.ac.uk/index.php.en,0
https://www.bangor.ac.uk/spss/news,0
https://www.bangor.ac.uk/spss/psychology-facilities,0
https://www.bangor.ac.uk/cebei,0
http://cierei.bangor.ac.uk/index.php.en,0
https://www.bangor.ac.uk/web-cdi,0
https://www.bangor.ac.uk/spss/research-engagement-panel,0
https://www.bangor.ac.uk/human-behavioural-sciences/research-integrity,0
https://www.bangor.ac.uk/human-behavioural-sciences/research/seminars,0
https://www.bangor.ac.uk/cni,0
https://www.bangor.ac.uk/human-behavioural-sciences/impact,0
https://www.bangor.ac.uk/spss/contact-us,0
https://www.bangor.ac.uk/psychology/cebei/index.php.en,0
https://www.bangor.ac.uk/bilingualism-centre,0
https://www.bangor.ac.uk/spss/welcome,0
https://www.bangor.ac.uk/bangorimagingunit,0
https://www.bangor.ac.uk/spss/consultancy,0
https://www.bangor.ac.uk/human-behavioural-sciences/sport-facilities,0
https://www.bangor.ac.uk/institute-wellbeing-research,0
https://www.bangor.ac.uk/biogeochemistry-of-soils-wetlands-and-marine-environments,0
https://www.bangor.ac.uk/river-basins-and-catchment-science,0
https://www.bangor.ac.uk/sens/beps-at-bangor,0
https://www.bangor.ac.uk/sens/about,0
https://www.bangor.ac.uk/sens/biogeochemistry-of-soils-wetlands-and-marine-environments,0
https://www.bangor.ac.uk/agriculture-food-and-the-environment,0
https://www.bangor.ac.uk/evolution-development-and-molecular-biology,0
https://www.bangor.ac.uk/sens/facilities,0
https://www.bangor.ac.uk/sens/pgt-forestry-courses,0
https://www.bangor.ac.uk/data-analytics-geospatial-analysis,0
https://www.bangor.ac.uk/sens/news,0
https://www.bangor.ac.uk/zoology,0
https://www.bangor.ac.uk/staff/natural-sciences/en,0
https://www.bangor.ac.uk/microbiology-and-biotechnology,0
https://www.bangor.ac.uk/node/41536111,0
https://www.bangor.ac.uk/research/themes/environmental-sciences-and-engineering/theme-1,0
https://www.bangor.ac.uk/oceansciences/research/research.php.en,0
https://www.bangor.ac.uk/research/themes/environmental-science-and-engineering/rice-breeding,0
https://www.bangor.ac.uk/research/themes/environmental-science-and-engineering/tidal-energy,0
https://www.bangor.ac.uk/computer-science-and-electronic-engineering/research/index.php.en,0
https://www.bangor.ac.uk/research/themes/environmental-science-and-engineering/greenhouse-gas,0
https://www.bangor.ac.uk/research/themes/environmental-science-and-engineering/eloran,0
http://www.biocomposites.bangor.ac.uk/,0
https://www.bangor.ac.uk/research/themes/environmental-science-and-engineering/viral-environmental-surveillance,0
https://www.bangor.ac.uk/research/themes/environmental-science-and-engineering/ocean-rift,0
https://www.bangor.ac.uk/scsee/teaching-facilities,0
https://www.bangor.ac.uk/staff/computer-science-electronic-engineering/en,0
https://www.bangor.ac.uk/staff/history-law-social-sciences,0
https://www.bangor.ac.uk/ecoamgueddfa,0
https://www.bangor.ac.uk/history-law-social-sciences/about,0
https://www.bangor.ac.uk/history-law-social-sciences/national-centre-for-religious-education-in-wales,0
https://www.bangor.ac.uk/history-law-social-sciences/WISERD,0
https://www.bangor.ac.uk/history-law-social-sciences/contact-us,0
https://www.bangor.ac.uk/history-law-social-sciences/undergraduate,0
https://www.bangor.ac.uk/history-law-social-sciences/pentecostal,0
https://www.bangor.ac.uk/history-law-social-sciences/news-events,0
https://www.bangor.ac.uk/history-law-social-sciences/postgraduate,0
https://www.bangor.ac.uk/research/impact-stories/food-dudes,0
https://www.bangor.ac.uk/research/impact-stories/dna,0
https://www.bangor.ac.uk/research/impact-stories/food,0
https://www.bangor.ac.uk/research/impact-stories/mindfulness,0
https://www.bangor.ac.uk/research/impact-stories/crops,0
https://www.bangor.ac.uk/research/impact-stories/dementia,0
https://www.bangor.ac.uk/business-blog/news/creating-a-competitive-environment,0
https://www.bangor.ac.uk/business-blog/news/discovering-the-known-unknowns-assessing-if-uk-financial-regulation-has-improved,0
https://www.bangor.ac.uk/business-blog/news/surviving-tough-times-by-investing-in-the-future,0
https://www.bangor.ac.uk/business-blog/news/the-crisis-filled-clouds-do-have-a-silver-lining,0
https://www.bangor.ac.uk/bbs/research/ioef,0
https://www.bangor.ac.uk/business-blog/news/should-i-stay-or-should-i-go-now-work-from-home-or-return-to-the-office,0
https://www.bangor.ac.uk/business-blog/news/wisdom-labs-update,0
https://www.bangor.ac.uk/bbs/research/ief,0
https://www.bangor.ac.uk/business-blog/news/the-end-of-groundhog-day-what-should-businesses-do-next,0
https://www.bangor.ac.uk/se/news/bangor-university-is-accredited-for-wales-first-ever-postgraduate-programme-with-additional,0
https://www.bangor.ac.uk/staff/se/en,0
https://www.bangor.ac.uk/cy/yagc/ymchwil,0
https://www.bangor.ac.uk/se/research/research-projects,0
https://www.bangor.ac.uk/se/research/research-degrees,0
https://apps.bangor.ac.uk/student/requests/airport/pickup/landing/,0
https://www.bangor.ac.uk/cy/courses?academic_school=All&field_course_start_date_type_value=All&field_course_year_start_value=All&field_pgr_start_yr_multi_value=All&field_pgt_start_yr_multi_value=All&field_ug_start_yr_multi_value=All&level_of_study=pgt_course&pgr_course_type=All&pgr_subject_area=All&pgt_course_mode=All&pgt_course_type=All&pgt_start_date=All&pgt_subject_area=All&term=&ug_course_type=All&ug_subject_area=All&ug_subject_combination=All,0
https://www.bangor.ac.uk/courses?term=&level_of_study=pgt_course&academic_school=All&field_course_year_start_value=All&field_pgr_start_yr_multi_value=All&field_pgt_start_yr_multi_value=All&field_ug_start_yr_multi_value=All&field_course_start_date_type_value=All&ug_subject_area=All&ug_subject_combination=All&ug_course_type=All&pgt_subject_area=All&pgt_course_type=All&pgt_course_mode=All&pgt_start_date=All&pgr_subject_area=All&pgr_course_type=All&page=1,0
https://www.bangor.ac.uk/courses?term=&level_of_study=pgt_course&academic_school=All&field_course_year_start_value=All&field_pgr_start_yr_multi_value=All&field_pgt_start_yr_multi_value=All&field_ug_start_yr_multi_value=All&field_course_start_date_type_value=All&ug_subject_area=All&ug_subject_combination=All&ug_course_type=All&pgt_subject_area=All&pgt_course_type=All&pgt_course_mode=All&pgt_start_date=All&pgr_subject_area=All&pgr_course_type=All&page=6,0
https://www.bangor.ac.uk/courses?term=&level_of_study=pgt_course&academic_school=All&field_course_year_start_value=All&field_pgr_start_yr_multi_value=All&field_pgt_start_yr_multi_value=All&field_ug_start_yr_multi_value=All&field_course_start_date_type_value=All&ug_subject_area=All&ug_subject_combination=All&ug_course_type=All&pgt_subject_area=All&pgt_course_type=All&pgt_course_mode=All&pgt_start_date=All&pgr_subject_area=All&pgr_course_type=All&page=5,0
https://www.bangor.ac.uk/courses?term=&level_of_study=pgt_course&academic_school=All&field_course_year_start_value=All&field_pgr_start_yr_multi_value=All&field_pgt_start_yr_multi_value=All&field_ug_start_yr_multi_value=All&field_course_start_date_type_value=All&ug_subject_area=All&ug_subject_combination=All&ug_course_type=All&pgt_subject_area=All&pgt_course_type=All&pgt_course_mode=All&pgt_start_date=All&pgr_subject_area=All&pgr_course_type=All&page=7,0
https://www.bangor.ac.uk/courses?term=&level_of_study=pgt_course&academic_school=All&field_course_year_start_value=All&field_pgr_start_yr_multi_value=All&field_pgt_start_yr_multi_value=All&field_ug_start_yr_multi_value=All&field_course_start_date_type_value=All&ug_subject_area=All&ug_subject_combination=All&ug_course_type=All&pgt_subject_area=All&pgt_course_type=All&pgt_course_mode=All&pgt_start_date=All&pgr_subject_area=All&pgr_course_type=All&page=4,0
https://www.bangor.ac.uk/courses?term=&level_of_study=pgt_course&academic_school=All&field_course_year_start_value=All&field_pgr_start_yr_multi_value=All&field_pgt_start_yr_multi_value=All&field_ug_start_yr_multi_value=All&field_course_start_date_type_value=All&ug_subject_area=All&ug_subject_combination=All&ug_course_type=All&pgt_subject_area=All&pgt_course_type=All&pgt_course_mode=All&pgt_start_date=All&pgr_subject_area=All&pgr_course_type=All&page=3,0
https://www.bangor.ac.uk/courses?term=&level_of_study=pgt_course&academic_school=All&field_course_year_start_value=All&field_pgr_start_yr_multi_value=All&field_pgt_start_yr_multi_value=All&field_ug_start_yr_multi_value=All&field_course_start_date_type_value=All&ug_subject_area=All&ug_subject_combination=All&ug_course_type=All&pgt_subject_area=All&pgt_course_type=All&pgt_course_mode=All&pgt_start_date=All&pgr_subject_area=All&pgr_course_type=All&page=2,0
https://www.bangor.ac.uk/courses?term=&level_of_study=pgt_course&academic_school=All&field_course_year_start_value=All&field_pgr_start_yr_multi_value=All&field_pgt_start_yr_multi_value=All&field_ug_start_yr_multi_value=All&field_course_start_date_type_value=All&ug_subject_area=All&ug_subject_combination=All&ug_course_type=All&pgt_subject_area=All&pgt_course_type=All&pgt_course_mode=All&pgt_start_date=All&pgr_subject_area=All&pgr_course_type=All&page=0,0
https://www.bangor.ac.uk/cy/courses?term=&level_of_study=pgr_course&academic_school=All&field_course_year_start_value=All&field_pgr_start_yr_multi_value=All&field_pgt_start_yr_multi_value=All&field_ug_start_yr_multi_value=All&field_course_start_date_type_value=All&ug_subject_area=All&ug_subject_combination=All&ug_course_type=All&pgt_subject_area=All&pgt_course_type=All&pgt_course_mode=All&pgt_start_date=All&pgr_subject_area=All&pgr_course_type=All,0
https://www.bangor.ac.uk/cy/courses?term=&level_of_study=pgt_course&academic_school=All&field_course_year_start_value=All&field_pgr_start_yr_multi_value=All&field_pgt_start_yr_multi_value=All&field_ug_start_yr_multi_value=All&field_course_start_date_type_value=All&ug_subject_area=All&ug_subject_combination=All&ug_course_type=All&pgt_subject_area=All&pgt_course_type=All&pgt_course_mode=All&pgt_start_date=All&pgr_subject_area=All&pgr_course_type=All,0
https://www.bangor.ac.uk/cy/courses?academic_school=All&field_course_start_date_type_value=All&field_course_year_start_value=All&field_pgr_start_yr_multi_value=All&field_pgt_start_yr_multi_value=All&field_ug_start_yr_multi_value=All&level_of_study=pgr_course&pgr_course_type=All&pgr_subject_area=All&pgt_course_mode=All&pgt_course_type=All&pgt_start_date=All&pgt_subject_area=All&term=&ug_course_type=All&ug_subject_area=All&ug_subject_combination=All,0
https://www.bangor.ac.uk/courses?term=&level_of_study=pgr_course&academic_school=All&field_course_year_start_value=All&field_pgr_start_yr_multi_value=All&field_pgt_start_yr_multi_value=All&field_ug_start_yr_multi_value=All&field_course_start_date_type_value=All&ug_subject_area=All&ug_subject_combination=All&ug_course_type=All&pgt_subject_area=All&pgt_course_type=All&pgt_course_mode=All&pgt_start_date=All&pgr_subject_area=All&pgr_course_type=All&page=1,0
https://www.bangor.ac.uk/courses?term=&level_of_study=pgr_course&academic_school=All&field_course_year_start_value=All&field_pgr_start_yr_multi_value=All&field_pgt_start_yr_multi_value=All&field_ug_start_yr_multi_value=All&field_course_start_date_type_value=All&ug_subject_area=All&ug_subject_combination=All&ug_course_type=All&pgt_subject_area=All&pgt_course_type=All&pgt_course_mode=All&pgt_start_date=All&pgr_subject_area=All&pgr_course_type=All&page=2,0
https://www.bangor.ac.uk/courses?term=&level_of_study=pgr_course&academic_school=All&field_course_year_start_value=All&field_pgr_start_yr_multi_value=All&field_pgt_start_yr_multi_value=All&field_ug_start_yr_multi_value=All&field_course_start_date_type_value=All&ug_subject_area=All&ug_subject_combination=All&ug_course_type=All&pgt_subject_area=All&pgt_course_type=All&pgt_course_mode=All&pgt_start_date=All&pgr_subject_area=All&pgr_course_type=All&page=3,0
https://www.bangor.ac.uk/courses?term=&level_of_study=pgr_course&academic_school=All&field_course_year_start_value=All&field_pgr_start_yr_multi_value=All&field_pgt_start_yr_multi_value=All&field_ug_start_yr_multi_value=All&field_course_start_date_type_value=All&ug_subject_area=All&ug_subject_combination=All&ug_course_type=All&pgt_subject_area=All&pgt_course_type=All&pgt_course_mode=All&pgt_start_date=All&pgr_subject_area=All&pgr_course_type=All&page=0,0
https://www.bangor.ac.uk/cy/bangortv/studentlife,0
https://www.bangor.ac.uk/cy/bangortv/clubs,0
https://www.bangor.ac.uk/cy/bangor-tv/location,0
https://www.bangor.ac.uk/cy/bangortv/official,0
https://www.bangor.ac.uk/cy/bangortv/profiles,0
https://www.bangor.ac.uk/cy/bangor-tv/talking-about,0
https://www.bangor.ac.uk/cy/bangortv/studying-at-bangor,0
https://www.bangor.ac.uk/cy/bangor-tv/official,0
https://www.bangor.ac.uk/cy/bangor-tv/studying-at-bangor,0
https://www.bangor.ac.uk/cy/bangor-tv/studentlife,0
https://www.bangor.ac.uk/cy/bangortv/accommodation,0
https://www.bangor.ac.uk/cy/bangor-tv/profiles,0
https://www.bangor.ac.uk/cy/bangortv/location,0
https://www.bangor.ac.uk/cy/bangor-tv/accommodation,0
https://www.bangor.ac.uk/cy/bangor-tv/clubs-societies,0
https://www.bangor.ac.uk/bangortv/graduate-profiles,0
https://www.bangor.ac.uk/bangortv/profiles-ug,0
https://www.bangor.ac.uk/bangortv/profiles-pg,0
https://www.bangor.ac.uk/bangor-tv/creative-writing,0
https://www.bangor.ac.uk/bangortv/history,0
https://www.bangor.ac.uk/bangortv/economics,0
https://www.bangor.ac.uk/bangortv/english-language,0
https://www.bangor.ac.uk/bangortv/linguistics,0
https://www.bangor.ac.uk/node/37278001,0
https://www.bangor.ac.uk/bangortv/nursing,0
https://www.bangor.ac.uk/bangortv/marine-biology,0
https://www.bangor.ac.uk/bangortv/music,0
https://www.bangor.ac.uk/bangortv/english-literature,0
https://www.bangor.ac.uk/bangortv/radiography,0
https://www.bangor.ac.uk/bangortv/film,0
https://www.bangor.ac.uk/bangortv/electronic-engineering,0
https://www.bangor.ac.uk/bangortv/computer-science,0
https://www.bangor.ac.uk/bangortv/law,0
https://www.bangor.ac.uk/bangortv/health-and-social-care,0
https://www.bangor.ac.uk/bangor-tv/accounting,0
https://www.bangor.ac.uk/bangortv/sport,0
https://www.bangor.ac.uk/bangortv/zoology,0
https://www.bangor.ac.uk/bangortv/criminology,0
https://www.bangor.ac.uk/bangortv/environmental-science,0
https://www.bangor.ac.uk/bangortv/teaching,0
https://www.bangor.ac.uk/bangortv/medicine,0
https://www.bangor.ac.uk/bangortv/sociology,0
https://www.bangor.ac.uk/bangortv/childhood,0
https://www.bangor.ac.uk/bangortv/geography,0
https://www.bangor.ac.uk/bangortv/psychology,0
https://www.bangor.ac.uk/bangortv/drama,0
https://www.bangor.ac.uk/bangortv/product-design,0
https://www.bangor.ac.uk/bangortv/languages,0
https://www.bangor.ac.uk/bangortv/midwifery,0
https://www.bangor.ac.uk/bangortv/conservation,0
https://www.bangor.ac.uk/bangortv/forestry,0
https://www.bangor.ac.uk/bangortv/medical-sciences,0
https://www.bangor.ac.uk/bangortv/biology,0
https://www.bangor.ac.uk/bangortv/geology,0
https://www.bangor.ac.uk/bangor-tv/business,0
https://www.bangor.ac.uk/bangortv/ocean-sciences,0
https://www.bangor.ac.uk/courses?level_of_study=pgr_course&pgr_subject_area=1356,0
https://www.bangor.ac.uk/courses/postgraduate-modules/X3AL,0
https://www.bangor.ac.uk/courses?level_of_study=pgr_course&pgr_subject_area=1271,0
https://www.bangor.ac.uk/courses?level_of_study=pgr_course&pgr_subject_area=1211,0
https://www.bangor.ac.uk/courses?level_of_study=pgr_course&pgr_subject_area=1276,0
https://www.bangor.ac.uk/courses?level_of_study=pgr_course&pgr_subject_area=1241,0
https://www.bangor.ac.uk/cy/courses/postgraduate-research/archaeoleg-phd,0
https://www.bangor.ac.uk/courses?level_of_study=pgr_course&pgr_subject_area=1201,0
https://www.bangor.ac.uk/courses?level_of_study=pgr_course&pgr_subject_area=1226,0
https://www.bangor.ac.uk/courses?level_of_study=pgr_course&pgr_subject_area=1246,0
https://www.bangor.ac.uk/cy/courses/postgraduate-research/y-gyfraith-phd,0
https://www.bangor.ac.uk/courses?level_of_study=pgr_course&pgr_subject_area=1281,0
https://www.bangor.ac.uk/staff/sens/en,0
https://www.bangor.ac.uk/sites/default/files/2026-02/2025%20-%202026%20MScRes%20in%20Biological%20Sciences%20Adverts.pdf,0
https://www.bangor.ac.uk/cy/courses/postgraduate-research/gwyddorau-biolegol-mscres,0
https://www.bangor.ac.uk/courses?level_of_study=pgr_course&pgr_subject_area=1286,0
https://www.bangor.ac.uk/cy/courses/postgraduate-research/astudiaethau-heneiddio-a-dementia-dysgu-o-bell-professional-doctorate,0
https://www.bangor.ac.uk/courses?level_of_study=pgr_course&pgr_subject_area=1361,0
https://www.bangor.ac.uk/cy/courses/postgraduate-research/amaethgoedwigaeth-phd,0
https://www.bangor.ac.uk/courses?level_of_study=pgr_course&pgr_subject_area=1311,0
https://www.bangor.ac.uk/courses?level_of_study=pgr_course&pgr_subject_area=1316,0
https://www.bangor.ac.uk/cy/courses/postgraduate-research/amaethyddiaeth-phd,0
https://www.bangor.ac.uk/natural-sciences/research/environment-natural-resources-and-geography/students/documents/Prospective-COESE-PGRs-Latest.docx,0
https://www.bangor.ac.uk/courses?level_of_study=pgr_course&pgr_subject_area=1296,0
https://www.bangor.ac.uk/courses?level_of_study=pgr_course&pgr_subject_area=1321,0
https://www.bangor.ac.uk/cy/courses/postgraduate-research/astudiaethau-heneiddio-a-dementia-phd,0
https://www.bangor.ac.uk/courses/postgraduate-modules/B9AU,0
https://www.bangor.ac.uk/cy/courses/postgraduate-research/astudiaethau-heneiddio-a-dementia-mphil,0
https://www.bangor.ac.uk/cy/courses/postgraduate-research/astudiaethau-heneiddio-a-dementia-mres,0
https://www.bangor.ac.uk/cy/courses/postgraduate-research/cyfrifiadureg-mscres,0
https://www.bangor.ac.uk/courses?level_of_study=pgr_course&pgr_subject_area=1291,0
https://www.bangor.ac.uk/sites/default/files/2026-01/Current%20Projects%202026%20MScRes%20in%20Computer%20Science%20and%20EE.docx,0
https://www.bangor.ac.uk/courses/postgraduate-modules/X3AE,0
https://www.bangor.ac.uk/cy/courses/postgraduate-research/dwyieithrwydd-phd,0
https://www.bangor.ac.uk/cy/courses?level_of_study=pgr_course&page=0&term=,0
https://www.bangor.ac.uk/courses/postgraduate-research/hispanic-studies-phd,0
https://www.bangor.ac.uk/courses/postgraduate-research/health-economics-phd,0
https://www.bangor.ac.uk/courses/postgraduate-research/music-phd-phd,0
https://www.bangor.ac.uk/cy/courses?level_of_study=pgr_course&page=2&term=,0
https://www.bangor.ac.uk/courses/postgraduate-research/italian-studies-phd,0
https://www.bangor.ac.uk/courses/postgraduate-research/ocean-sciences-phd,0
https://www.bangor.ac.uk/courses/postgraduate-research/music-ma-by-research-mares,0
https://www.bangor.ac.uk/courses/postgraduate-research/health-science-phd,0
https://www.bangor.ac.uk/courses/postgraduate-research/media-and-journalism-mres,0
https://www.bangor.ac.uk/courses/postgraduate-research/laser-micromachining-and-laboratory-on-a-chip-phd,0
https://www.bangor.ac.uk/courses/postgraduate-research/music-mmus-by-research-mmusres,0
https://www.bangor.ac.uk/courses/postgraduate-research/linguistics-phd,0
https://www.bangor.ac.uk/courses/postgraduate-research/health-economics-mres,0
https://www.bangor.ac.uk/courses/postgraduate-research/medical-sciences-phd,0
https://www.bangor.ac.uk/courses/postgraduate-research/health-economics-mphil,0
https://www.bangor.ac.uk/courses/postgraduate-research/music-mphil-mphil,0
https://www.bangor.ac.uk/cy/courses/postgraduate-research/astudiaethau-celtaidd-phd,0
https://www.bangor.ac.uk/courses/postgraduate-research/education-doctorate-programme-edd,0
https://www.bangor.ac.uk/courses/postgraduate-research/creative-and-critical-writing-phd,0
https://www.bangor.ac.uk/courses/postgraduate-research/doctorate-in-public-health-dhealthcare,0
https://www.bangor.ac.uk/courses/postgraduate-research/geography-phd,0
https://www.bangor.ac.uk/courses/postgraduate-research/electrical-materials-science-phd,0
https://www.bangor.ac.uk/courses/postgraduate-research/english-phd,0
https://www.bangor.ac.uk/courses/postgraduate-research/forestry-phd,0
https://www.bangor.ac.uk/cy/courses?level_of_study=pgr_course&page=1&term=,0
https://www.bangor.ac.uk/courses/postgraduate-research/electronic-engineering-mres,0
https://www.bangor.ac.uk/courses/postgraduate-research/education-phd,0
https://www.bangor.ac.uk/courses/postgraduate-research/education-mares,0
https://www.bangor.ac.uk/courses/postgraduate-research/english-literature-phd,0
https://www.bangor.ac.uk/courses/postgraduate-research/french-and-francophone-studies-phd,0
https://www.bangor.ac.uk/courses/postgraduate-research/geography-mscres,0
https://www.bangor.ac.uk/courses/postgraduate-research/german-studies-phd,0
https://www.bangor.ac.uk/courses/postgraduate-research/education-mphil,0
https://www.bangor.ac.uk/cy/courses/postgraduate-research/rhwydweithiau-a-phrotocolau-cyfathrebu-phd,0
https://www.bangor.ac.uk/courses?level_of_study=pgr_course&pgr_subject_area=1301,0
https://www.bangor.ac.uk/courses?level_of_study=pgr_course&pgr_subject_area=1341,0
https://www.bangor.ac.uk/courses?level_of_study=pgr_course&pgr_subject_area=1331,0
https://www.bangor.ac.uk/courses?level_of_study=pgr_course&pgr_subject_area=1346,0
https://www.bangor.ac.uk/courses?level_of_study=pgr_course&pgr_subject_area=1306,0
https://www.bangor.ac.uk/sites/default/files/2023-08/AIMLAC-bangor-proposal-2023-mosab.docx,0
https://www.bangor.ac.uk/cy/courses/postgraduate-research/dysgu-peirianyddol-deallusrwydd-artiffisial-a-chyfrifiadura-uwch-phd,0
https://www.bangor.ac.uk/computer-science-and-electronic-engineering/about.php.en,0
https://www.bangor.ac.uk/cy/courses/postgraduate-research/gwyddorau-biolegol-phd,0
https://www.bangor.ac.uk/courses?level_of_study=pgr_course&pgr_subject_area=1366,0
https://www.bangor.ac.uk/cy/courses?term=&level_of_study=pgr_course&page=1,0
https://www.bangor.ac.uk/cy/courses/postgraduate-research/cadwraeth-phd,0
https://www.bangor.ac.uk/cy/courses/postgraduate-research/cerddoriaeth-ma-trwy-ymchwil-mares,0
https://www.bangor.ac.uk/cy/courses/postgraduate-research/astudiaethau-sbaenaidd-phd,0
https://www.bangor.ac.uk/cy/courses/postgraduate-research/addysg-phd,0
https://www.bangor.ac.uk/cy/courses?term=&level_of_study=pgr_course&page=0,0
https://www.bangor.ac.uk/cy/courses/postgraduate-research/astudiaethau-cyfieithu-yn-ol-ymarfer-phd,0
https://www.bangor.ac.uk/cy/courses/postgraduate-research/astudiaethau-eidalaidd-phd,0
https://www.bangor.ac.uk/cy/courses/postgraduate-research/astudiaethau-almaenaidd-phd,0
https://www.bangor.ac.uk/cy/courses/postgraduate-research/astudiaethau-tsieineaidd-phd,0
https://www.bangor.ac.uk/cy/courses/postgraduate-research/adnabod-patrymau-dosbarthwyr-phd,0
https://www.bangor.ac.uk/cy/courses/postgraduate-research/astudiaethau-cyfieithu-phd,0
https://www.bangor.ac.uk/courses?level_of_study=pgr_course&term=,0
https://www.bangor.ac.uk/cy/courses/postgraduate-research/athroniaeth-a-chrefydd-phd,0
https://www.bangor.ac.uk/cy/courses?term=&level_of_study=pgr_course&page=3,0
https://www.bangor.ac.uk/cy/courses?term=&level_of_study=pgr_course&page=2,0
https://www.bangor.ac.uk/medical-sciences/staff/,0
https://www.bangor.ac.uk/medical-sciences/staff/christopher-staples/en,0
https://www.bangor.ac.uk/courses?level_of_study=pgr_course&pgr_subject_area=1251,0
https://www.bangor.ac.uk/cy/courses/postgraduate-research/deallusrwydd-artiffisial-a-chyfryngau-deallus-phd,0
https://www.bangor.ac.uk/courses/postgraduate-research/social-policy-sociology-phd,0
https://www.bangor.ac.uk/courses/postgraduate-research/renewable-materials-phd,0
https://www.bangor.ac.uk/cy/courses?level_of_study=pgr_course&page=3&term=,0
https://www.bangor.ac.uk/courses/postgraduate-research/soil-and-environmental-science-phd,0
https://www.bangor.ac.uk/courses/postgraduate-research/professional-writing-phd-by-practice,0
https://www.bangor.ac.uk/courses/postgraduate-research/welsh-literature-llenyddiaeth-gymraeg-phd,0
https://www.bangor.ac.uk/courses/postgraduate-research/translation-studies-phd,0
https://www.bangor.ac.uk/courses/postgraduate-research/optoelectronics-phd,0
https://www.bangor.ac.uk/courses/postgraduate-research/professional-doctorate-in-healthcare-dhealthcare,0
https://www.bangor.ac.uk/courses/postgraduate-research/relational-design-mscres,0
https://www.bangor.ac.uk/courses/postgraduate-research/psychology-phd,0
https://www.bangor.ac.uk/courses/postgraduate-research/ocean-sciences-mscres,0
https://www.bangor.ac.uk/courses/postgraduate-research/translation-studies-by-practice-phd,0
https://www.bangor.ac.uk/courses/postgraduate-research/philosophy-and-religion-phd,0
https://www.bangor.ac.uk/courses/postgraduate-research/organic-electronics-phd,0
https://www.bangor.ac.uk/courses/postgraduate-research/welsh-history-phd,0
https://www.bangor.ac.uk/cy/student-life/union,0
https://www.bangor.ac.uk/cy/student-life/sport,0
https://www.bangor.ac.uk/about/pontio/index.php.cy,0
https://www.bangor.ac.uk/humanresources/equalitydiversity/index.php.en,0
https://www.bangor.ac.uk/humanresources/bangorbenefits/DISCLAIMER_EN.pdf,0
https://www.bangor.ac.uk/finance/py/py003.php.en,0
https://jobs.bangor.ac.uk/benefits.php.cy,0
https://jobs.bangor.ac.uk/login.php.cy,0
https://www.bangor.ac.uk/humanresources/afcovenant.php.cy,0
https://jobs.bangor.ac.uk/internal/index.php.cy,0
https://jobs.bangor.ac.uk/FAQ_CY.pdf,0
https://my.bangor.ac.uk/cy,0
https://jobs.bangor.ac.uk/ApplicantGuide_CY.pdf,0
https://www.bangor.ac.uk/humanresources/documents/ReserveForcesTrainingmobilisationPolicy.pdf,0
https://www.bangor.ac.uk/student-administration/calendar/index.php.cy,0
https://www.bangor.ac.uk/cy/courses?field_course_year_start_value=All&field_pgr_start_yr_multi_value=All&field_pgt_start_yr_multi_value=All&level_of_study=pgr_course&oth_course_study_location=All&oth_subject_area=All&pgr_course_type=All&pgr_subject_area=All&pgt_course_mode=All&pgt_course_type=All&pgt_subject_area=All&term=&ug_subject_area=All&page=1,0
https://www.bangor.ac.uk/cy/courses?field_course_year_start_value=All&field_pgr_start_yr_multi_value=All&field_pgt_start_yr_multi_value=All&level_of_study=pgr_course&oth_course_study_location=All&oth_subject_area=All&pgr_course_type=All&pgr_subject_area=All&pgt_course_mode=All&pgt_course_type=All&pgt_subject_area=All&term=&ug_subject_area=All&page=2,0
https://www.bangor.ac.uk/cy/courses?field_course_year_start_value=All&field_pgr_start_yr_multi_value=All&field_pgt_start_yr_multi_value=All&level_of_study=pgr_course&oth_course_study_location=All&oth_subject_area=All&pgr_course_type=All&pgr_subject_area=All&pgt_course_mode=All&pgt_course_type=All&pgt_subject_area=All&term=&ug_subject_area=All&page=0,0
https://www.bangor.ac.uk/cy/courses?field_course_year_start_value=All&field_pgr_start_yr_multi_value=All&field_pgt_start_yr_multi_value=All&level_of_study=pgr_course&oth_course_study_location=All&oth_subject_area=All&pgr_course_type=All&pgr_subject_area=All&pgt_course_mode=All&pgt_course_type=All&pgt_subject_area=All&term=&ug_subject_area=All&page=3,0
https://www.bangor.ac.uk/courses?field_course_year_start_value=All&field_pgr_start_yr_multi_value=All&field_pgt_start_yr_multi_value=All&level_of_study=pgr_course&oth_course_study_location=All&oth_subject_area=All&pgr_course_type=All&pgr_subject_area=All&pgt_course_mode=All&pgt_course_type=All&pgt_subject_area=All&term=&ug_subject_area=All,0
https://www.bangor.ac.uk/cy/courses?field_course_year_start_value=All&field_pgr_start_yr_multi_value=All&field_pgt_start_yr_multi_value=All&level_of_study=pgr_course&oth_course_study_location=All&oth_subject_area=All&page=2&pgr_course_type=All&pgr_subject_area=All&pgt_course_mode=All&pgt_course_type=All&pgt_subject_area=All&term=&ug_subject_area=All,0
https://www.bangor.ac.uk/cy/courses?field_course_year_start_value=All&field_pgr_start_yr_multi_value=All&field_pgt_start_yr_multi_value=All&level_of_study=pgr_course&oth_course_study_location=All&oth_subject_area=All&page=0&pgr_course_type=All&pgr_subject_area=All&pgt_course_mode=All&pgt_course_type=All&pgt_subject_area=All&term=&ug_subject_area=All,0
https://www.bangor.ac.uk/cy/courses?field_course_year_start_value=All&field_pgr_start_yr_multi_value=All&field_pgt_start_yr_multi_value=All&level_of_study=pgr_course&oth_course_study_location=All&oth_subject_area=All&page=3&pgr_course_type=All&pgr_subject_area=All&pgt_course_mode=All&pgt_course_type=All&pgt_subject_area=All&term=&ug_subject_area=All,0
https://www.bangor.ac.uk/cy/courses?field_course_year_start_value=All&field_pgr_start_yr_multi_value=All&field_pgt_start_yr_multi_value=All&level_of_study=pgr_course&oth_course_study_location=All&oth_subject_area=All&page=1&pgr_course_type=All&pgr_subject_area=All&pgt_course_mode=All&pgt_course_type=All&pgt_subject_area=All&term=&ug_subject_area=All,0
https://www.bangor.ac.uk/cy/courses/other-courses/technoleg-bancio-a-thechnoleg-ariannol-asb-9049,0
https://www.bangor.ac.uk/cy/courses/other-courses/atal-cenhedlu-ac-iechyd-cysylltiedig-nhs-4384,0
https://www.bangor.ac.uk/courses/other-courses/fundamentals-of-critical-care-nhs-3209,0
https://www.bangor.ac.uk/courses/other-courses/credit-lending-asb-9031,0
https://www.bangor.ac.uk/cy/courses?field_course_year_start_value=All&field_pgr_start_yr_multi_value=All&field_pgt_start_yr_multi_value=All&level_of_study=other_course&oth_course_study_location=All&oth_subject_area=All&page=1&pgr_course_type=All&pgr_subject_area=All&pgt_course_mode=All&pgt_course_type=All&pgt_subject_area=All&term=&ug_subject_area=All,0
https://www.bangor.ac.uk/courses/other-courses/financial-institutions-risk-management-asb-9030,0
https://www.bangor.ac.uk/courses/other-courses/examination-of-the-newborn-nhs-3144,0
https://www.bangor.ac.uk/courses/other-courses/financial-crime-in-the-banking-industry-asb-9054,0
https://www.bangor.ac.uk/courses/other-courses/foundations-of-uk-policing-history-specialisms-and-homicide,0
https://www.bangor.ac.uk/courses/other-courses/financial-analysis-for-value-asb-9043,0
https://www.bangor.ac.uk/courses/other-courses/ethics-regulation-compliance-asb-9126,0
https://www.bangor.ac.uk/courses/other-courses/examination-of-the-newborn-nhs-4396,0
https://www.bangor.ac.uk/courses/other-courses/critical-thinking-reflections-on-philosophy,0
https://www.bangor.ac.uk/courses/other-courses/fighting-financial-crime-asb-9050,0
https://www.bangor.ac.uk/cy/courses/other-courses/llais-plant-cynefin-a-chyd-greur-cwricwlwm,0
https://www.bangor.ac.uk/cy/courses/other-courses/gofal-critigol-2-uwch-nhs-4443,0
https://www.bangor.ac.uk/courses/other-courses/working-with-children-and-young-people-nhs-3131,0
https://www.bangor.ac.uk/cy/courses?field_course_year_start_value=All&field_pgr_start_yr_multi_value=All&field_pgt_start_yr_multi_value=All&level_of_study=other_course&oth_course_study_location=All&oth_subject_area=All&page=5&pgr_course_type=All&pgr_subject_area=All&pgt_course_mode=All&pgt_course_type=All&pgt_subject_area=All&term=&ug_subject_area=All,0
https://www.bangor.ac.uk/courses/other-courses/work-based-learning-nhs-4226,0
https://www.bangor.ac.uk/cy/courses/other-courses/datblygiadau-mewn-gofal-arennol-nhs-4246,0
https://www.bangor.ac.uk/cy/courses/other-courses/hyfforddiant-hyrwyddwr-gweithle-egniol,0
https://www.bangor.ac.uk/staff/human-behavioural-sciences/jamie-macdonald-011148/en,0
http://www.bangor.ac.uk/iahp,0
https://www.bangor.ac.uk/staff/spss/jamie-macdonald-011148/en,0
https://www.bangor.ac.uk/cy/courses/other-courses/cyflymu-arbenigedd-jxh-4105,0
https://www.bangor.ac.uk/cy/courses?field_course_year_start_value=All&field_pgr_start_yr_multi_value=All&field_pgt_start_yr_multi_value=All&level_of_study=other_course&oth_course_study_location=All&oth_subject_area=All&page=4&pgr_course_type=All&pgr_subject_area=All&pgt_course_mode=All&pgt_course_type=All&pgt_subject_area=All&term=&ug_subject_area=All,0
https://www.bangor.ac.uk/courses/other-courses/research-methods,0
https://www.bangor.ac.uk/courses/other-courses/understanding-organized-crime-and-gang-culture-a-global-perspective,0
https://www.bangor.ac.uk/courses/other-courses/psychological-skills-training-micro-credential,0
https://www.bangor.ac.uk/courses/other-courses/practice-educator-social-work-module-scw-4020,0
https://www.bangor.ac.uk/courses/other-courses/specialist-practitioner-course-teaching-learners-with-literacy-difficulties,0
https://www.bangor.ac.uk/cy/courses/other-courses/marchnadoedd-cyfalaf-a-rheolir-trysorlys-asb-9040,0
https://www.bangor.ac.uk/cy/courses/other-courses/sgiliau-ymchwil-ac-ymholi-uwch,0
https://www.bangor.ac.uk/courses/other-courses/historic-landmarks-of-north-wales,0
https://www.bangor.ac.uk/courses/other-courses/independent-prescribing-nhs-3212,0
https://www.bangor.ac.uk/courses/other-courses/introduction-to-financial-crime-compliance-asb9062,0
https://www.bangor.ac.uk/courses/other-courses/history-taking-consultation-skills-nhs-4227,0
https://www.bangor.ac.uk/cy/courses?field_course_year_start_value=All&field_pgr_start_yr_multi_value=All&field_pgt_start_yr_multi_value=All&level_of_study=other_course&oth_course_study_location=All&oth_subject_area=All&page=2&pgr_course_type=All&pgr_subject_area=All&pgt_course_mode=All&pgt_course_type=All&pgt_subject_area=All&term=&ug_subject_area=All,0
https://www.bangor.ac.uk/courses/other-courses/institutional-perspectives-of-global-financial-crime-asb-9057,0
https://www.bangor.ac.uk/courses/other-courses/green-sustainable-finance-asb-9051,0
https://www.bangor.ac.uk/courses/other-courses/introduction-to-neuroimaging-analysis-micro-credential,0
https://www.bangor.ac.uk/courses/other-courses/human-aspects-of-financial-crime-asb-9056,0
https://www.bangor.ac.uk/courses/other-courses/introduction-to-financial-crime-compliance-asb9055,0
https://www.bangor.ac.uk/courses/other-courses/introduction-to-neuroimaging-micro-credential,0
https://www.bangor.ac.uk/courses/other-courses/institutional-perspectives-of-global-financial-crime-asb-9060,0
https://www.bangor.ac.uk/cy/courses/other-courses/agweddau-bancio-byd-eang-asb-9052,0
https://www.bangor.ac.uk/cy/courses/other-courses/atal-cenhedlu-ac-iechyd-cysylltiedig-nhs-3103,0
https://www.bangor.ac.uk/student-administration/fees/documents/tuition-fees-home-en.pdf,0
https://www.bangor.ac.uk/cy/courses/other-courses/gofal-critigol-2-uwch-gig-3210,0
https://www.bangor.ac.uk/cy/courses?field_course_year_start_value=All&field_pgr_start_yr_multi_value=All&field_pgt_start_yr_multi_value=All&level_of_study=other_course&oth_course_study_location=All&oth_subject_area=All&page=3&pgr_course_type=All&pgr_subject_area=All&pgt_course_mode=All&pgt_course_type=All&pgt_subject_area=All&term=&ug_subject_area=All,0
https://www.bangor.ac.uk/courses/other-courses/physical-examination-and-diagnostics-nhs-4228-0,0
https://www.bangor.ac.uk/courses/other-courses/national-security-aspects-of-financial-crime-asb-9061,0
https://www.bangor.ac.uk/courses/other-courses/managing-change-insights-from-marketing-asb-9038,0
https://www.bangor.ac.uk/courses/other-courses/mental-health-and-wellbeing-micro-credential,0
https://www.bangor.ac.uk/courses/other-courses/managing-resources-an-analytic-foundation-asb-9034,0
https://www.bangor.ac.uk/courses/other-courses/people-organisational-behaviour-asb-9035,0
https://www.bangor.ac.uk/courses/other-courses/new-venture-creation-asb-9045,0
https://www.bangor.ac.uk/courses/other-courses/minor-illness-nhs-4546,0
https://www.bangor.ac.uk/courses/other-courses/optimising-breastfeeding-and-human-lactation-nhs-4386,0
https://www.bangor.ac.uk/cy/courses/other-courses/asesu-mewn-addysg-ir-proffesiynau-meddygol-ac-iechydmse-4030,0
https://www.bangor.ac.uk/cy/courses/other-courses/ymarfer-cydweithredol-a-phroffesiynol,0
https://www.bangor.ac.uk/cy/courses/other-courses/cyllid-corfforaethol-asb-9032,0
https://www.bangor.ac.uk/cy/courses?field_course_year_start_value=All&field_pgr_start_yr_multi_value=All&field_pgt_start_yr_multi_value=All&level_of_study=other_course&oth_course_study_location=All&oth_subject_area=All&page=0&pgr_course_type=All&pgr_subject_area=All&pgt_course_mode=All&pgt_course_type=All&pgt_subject_area=All&term=&ug_subject_area=All,0
https://www.bangor.ac.uk/cy/courses/other-courses/dulliau-cyfoes-at-addysg-ir-proffesiynau-meddygol-ac-iechyd-micro-gymhwyster,0
https://www.bangor.ac.uk/cy/courses?field_course_year_start_value=All&field_pgr_start_yr_multi_value=All&field_pgt_start_yr_multi_value=All&level_of_study=other_course&oth_course_study_location=All&oth_subject_area=All&pgr_course_type=All&pgr_subject_area=All&pgt_course_mode=All&pgt_course_type=All&pgt_subject_area=All&term=&ug_subject_area=All&page=4,0
https://www.bangor.ac.uk/cy/courses/other-courses/arwain-newid-sefydliadol,0
https://www.bangor.ac.uk/cy/courses/other-courses/awdurdodiad-annibynnol-ar-gyfer-trallwyso-cydrannau-gwaed,0
https://www.bangor.ac.uk/cy/courses/other-courses/credyd-a-benthyca-asb-9031,0
https://www.bangor.ac.uk/cy/courses/other-courses/addysgeg-ac-arfer,0
https://www.bangor.ac.uk/cy/courses?field_course_year_start_value=All&field_pgr_start_yr_multi_value=All&field_pgt_start_yr_multi_value=All&level_of_study=other_course&oth_course_study_location=All&oth_subject_area=All&pgr_course_type=All&pgr_subject_area=All&pgt_course_mode=All&pgt_course_type=All&pgt_subject_area=All&term=&ug_subject_area=All&page=1,0
https://www.bangor.ac.uk/cy/courses/other-courses/creu-menter-newydd-asb-9045,0
https://www.bangor.ac.uk/cy/courses/other-courses/archwilio-addysgeg,0
https://www.bangor.ac.uk/cy/courses/other-courses/agweddau-dynol-ar-droseddau-ariannol-byd-eang-asb-9056,0
https://www.bangor.ac.uk/courses?field_course_year_start_value=All&field_pgr_start_yr_multi_value=All&field_pgt_start_yr_multi_value=All&level_of_study=other_course&oth_course_study_location=All&oth_subject_area=All&pgr_course_type=All&pgr_subject_area=All&pgt_course_mode=All&pgt_course_type=All&pgt_subject_area=All&term=&ug_subject_area=All,0
https://www.bangor.ac.uk/cy/courses/other-courses/archwiliad-corfforol-a-diagnosteg-nhs-4228,0
https://www.bangor.ac.uk/cy/courses/other-courses/adnoddau-rheolwr-sefydliad-dadansoddol-asb-9034,0
https://www.bangor.ac.uk/cy/courses/other-courses/archwilior-baban-newydd-anedig-nhs-4396,0
https://www.bangor.ac.uk/cy/courses?field_course_year_start_value=All&field_pgr_start_yr_multi_value=All&field_pgt_start_yr_multi_value=All&level_of_study=other_course&oth_course_study_location=All&oth_subject_area=All&pgr_course_type=All&pgr_subject_area=All&pgt_course_mode=All&pgt_course_type=All&pgt_subject_area=All&term=&ug_subject_area=All&page=3,0
https://www.bangor.ac.uk/cy/courses/other-courses/archwilior-baban-newydd-anedig-nhs-3144,0
https://www.bangor.ac.uk/cy/courses/other-courses/arweinyddiaeth-i-weithwyr-iechyd-a-meddygol-proffesiynol-rhagarweiniad,0
https://www.bangor.ac.uk/cy/courses/other-courses/asesiad-cymhwysedd-hwyluso-ymwybyddiaeth-ofalgar,0
https://www.bangor.ac.uk/cy/courses/other-courses/cwricwlwm-mewn-addysg-ir-proffesiynau-meddygol-ac-iechyd-mse-4014,0
https://www.bangor.ac.uk/cy/courses/other-courses/agweddau-diogelwch-cenedlaethol-troseddau-ariannol-asb-9061,0
https://www.bangor.ac.uk/cy/courses?field_course_year_start_value=All&field_pgr_start_yr_multi_value=All&field_pgt_start_yr_multi_value=All&level_of_study=other_course&oth_course_study_location=All&oth_subject_area=All&pgr_course_type=All&pgr_subject_area=All&pgt_course_mode=All&pgt_course_type=All&pgt_subject_area=All&term=&ug_subject_area=All&page=2,0
https://www.bangor.ac.uk/cy/courses?field_course_year_start_value=All&field_pgr_start_yr_multi_value=All&field_pgt_start_yr_multi_value=All&level_of_study=other_course&oth_course_study_location=All&oth_subject_area=All&pgr_course_type=All&pgr_subject_area=All&pgt_course_mode=All&pgt_course_type=All&pgt_subject_area=All&term=&ug_subject_area=All&page=5,0
https://www.bangor.ac.uk/cy/courses/other-courses/arweinyddiaeth-gynaliadwy-mewn-addysg-1-gwneud-y-newid-micro-gymhwyster,0
https://www.bangor.ac.uk/cy/courses?field_course_year_start_value=All&field_pgr_start_yr_multi_value=All&field_pgt_start_yr_multi_value=All&level_of_study=other_course&oth_course_study_location=All&oth_subject_area=All&pgr_course_type=All&pgr_subject_area=All&pgt_course_mode=All&pgt_course_type=All&pgt_subject_area=All&term=&ug_subject_area=All&page=0,0
https://www.bangor.ac.uk/cy/courses/other-courses/strategaeth-gorfforaethol-asb-9033,0
https://research.bangor.ac.uk/portal/en/researchers/patricia-masterson-algar(d2ff7898-ffc2-4d5d-a397-d9722d37a4f4).html,0
https://www.bangor.ac.uk/cy/courses/other-courses/cyflwyniad-i-isupport-for-young-people-cefnogi-pobl-ifanc-syn-byw-mewn-teulu,0
https://xerte.bangor.ac.uk/xerte/play.php?template_id=1286,0
https://www.bangor.ac.uk/cy/courses/other-courses/iechyd-meddwl-plant-a-phobl-ifanc-gig-4377,0
https://www.bangor.ac.uk/energy/links.php.cy,0
https://www.bangor.ac.uk/energy/solar.php.cy,0
https://www.bangor.ac.uk/energy/courses.php.cy,0
https://www.bangor.ac.uk/energy/sefydliad-dyfodol-niwclear,0
https://www.bangor.ac.uk/energy/marine.php.cy,0
https://www.bangor.ac.uk/energy/other.php.cy,0
http://seec.bangor.ac.uk/index.php.cy,0
https://www.bangor.ac.uk/energy/partners.php.cy,0
https://www.bangor.ac.uk/energy/contact.php.cy,0
https://www.bangor.ac.uk/energy/newyddion/,0
https://www.bangor.ac.uk/energy/news/2016-02,0
https://www.bangor.ac.uk/energy/news/flushed-with-success-how-the-national-trust-plans-to-stop-energy-going-down-the-drain-36477,0
https://www.bangor.ac.uk/energy/news,0
https://www.bangor.ac.uk/energy/news/hitachi-ge-imperial-and-bangor-university-developing-uk-and-welsh-bwr-expertise-29319,0
https://www.bangor.ac.uk/energy/news/2019-10,0
https://www.bangor.ac.uk/energy/newyddion,0
https://www.bangor.ac.uk/energy/news/2015-01,0
https://www.bangor.ac.uk/energy/news/2017-07,0
https://www.bangor.ac.uk/energy/news/2021-10,0
https://www.bangor.ac.uk/energy/news/2018-04,0
https://www.bangor.ac.uk/energy/news/uk-s-national-lab-for-nuclear-fission-to-fund-doctoral-researchers-15163,0
https://www.bangor.ac.uk/energy/news/2016-07,0
https://www.bangor.ac.uk/energy/news/2016-03,0
https://www.bangor.ac.uk/energy/news/2016-10,0
https://www.bangor.ac.uk/energy/news/alpha,0
https://www.bangor.ac.uk/energy/news/an-innovative-project-to-create-an-educative-package-about-community-energy-in-wales-32730,0
https://www.bangor.ac.uk/energy/news/2015-05,0
https://www.bangor.ac.uk/energy/news/bangor-university-goes-100-renewable-42169,0
https://www.bangor.ac.uk/environmental-sciences-and-engineering/,0
https://seec.bangor.ac.uk/research/nuclear.php.en,0
https://seec.bangor.ac.uk/contact.php.en,0
https://seec.bangor.ac.uk/team.php.en,0
https://seec.bangor.ac.uk/index.php.cy,0
https://seec.bangor.ac.uk/research/cyberinfrastructure.php.en,0
https://seec.bangor.ac.uk/index.php.en,0
https://seec.bangor.ac.uk/research/structures.php.en,0
https://seec.bangor.ac.uk/research.php.en,0
https://seec.bangor.ac.uk/,0
https://seec.bangor.ac.uk/research/ocean.php.en,0
https://seec.bangor.ac.uk/about.php.en,0
https://seec.bangor.ac.uk/sustainability.php.en,0
https://www.bangor.ac.uk/doctoral-school/kess/index.php.en,0
https://www.bangor.ac.uk/courses/postgraduate/marine-renewable-energy-msc,0
https://www.bangor.ac.uk/sites/default/files/2024-04/Strategy%202030%20-%20Cymraeg%2010-4-24.pdf,0
https://www.bangor.ac.uk/sites/default/files/2025-05/Strategy%202030%20Nov23-accessible-cym.pdf,0
https://www.bangor.ac.uk/cy/news?news_category=1646,0
https://www.bangor.ac.uk/governance-and-compliance/emergency-management-and-continuity.php.cy,0
https://www.bangor.ac.uk/governance-and-compliance/documents/staff-only/Procedures%20for%20the%20Death%20of%20a%20Student%202022.pdf,0
https://www.bangor.ac.uk/governance-and-compliance/prevent.php.en,0
https://www.bangor.ac.uk/governance-and-compliance/under18.php.en,0
https://www.bangor.ac.uk/governance-and-compliance/studentservices.php.en,0
https://www.bangor.ac.uk/governance-and-compliance/safeguarding.php.cy,0
https://www.bangor.ac.uk/governance-and-compliance/raiseaconcern.php.en,0
https://www.bangor.ac.uk/governance-and-compliance/safeguardinglinks.php.en,0
https://www.bangor.ac.uk/regulations/codes/code-student.php.en,0
https://www.bangor.ac.uk/regulations/regulations/reg03.php.en,0
https://www.bangor.ac.uk/regulations/index.php.cy,0
https://www.bangor.ac.uk/regulations/regulations/reg09.php.en,0
https://www.bangor.ac.uk/regulations/codes/code05.php.en,0
https://www.bangor.ac.uk/regulations/procs/proc03.php.en,0
https://www.bangor.ac.uk/regulations/codes/code09.php.en,0
https://www.bangor.ac.uk/regulations/codes/code11.php.en,0
https://www.bangor.ac.uk/regulations/documents/BUAcademicEngagementPolicy-2025v5.0.pdf,0
https://www.bangor.ac.uk/regulations/regulations/reg01.php.en,0
https://www.bangor.ac.uk/regulations/codes/code04.php.en,0
https://www.bangor.ac.uk/regulations/codes/code15.php.en,0
https://www.bangor.ac.uk/regulations/plans/student-protection-plan.php.en,0
https://www.bangor.ac.uk/regulations/codes/code16.php.en,0
https://my.bangor.ac.uk/regulations/guidelines/protests.php.en,0
https://www.bangor.ac.uk/regulations/codes/code06.php.en,0
https://www.bangor.ac.uk/regulations/codes/code08.php.en,0
https://www.bangor.ac.uk/regulations/procs/proc01.php.en,0
https://www.bangor.ac.uk/regulations/codes/code17.php.en,0
https://www.bangor.ac.uk/regulations/procs/proc06.php.en,0
https://www.bangor.ac.uk/regulations/regulations/reg14.php.en,0
https://www.bangor.ac.uk/regulations/codes/code10.php.en,0
https://www.bangor.ac.uk/about/services-facilities.php.en,0
https://www.bangor.ac.uk/governance-and-compliance/documents/procedure-honorary-appointments update October 2021 final (4).pdf,0
https://www.bangor.ac.uk/regulations/documents/artificial-intelligence-software-assessment-en.docx,0
https://www.bangor.ac.uk/regulations/regulations/reg19.php.en,0
https://www.bangor.ac.uk/regulations/regulations/reg21.php.en,0
https://www.bangor.ac.uk/regulations/procs/proc02.php.en,0
https://www.bangor.ac.uk/regulations/procs/proc07.php.en,0
https://www.bangor.ac.uk/regulations/documents/university-awards-en.pdf,0
https://www.bangor.ac.uk/regulations/documents/BUGuide-Disruption-to-Student-Assessment-2025.pdf,0
https://www.bangor.ac.uk/regulations/regulations/reg12.php.en,0
https://www.bangor.ac.uk/regulations/procs/proc08.php.en,0
https://www.bangor.ac.uk/regulations/procs/proc09.php.en,0
https://www.bangor.ac.uk/regulations/codes/code18.php.en,0
https://www.bangor.ac.uk/regulations/procs/proc05.php.en,0
https://www.bangor.ac.uk/regulations/documents/BUAssessmentEquivalenceFramework-2025v1.0.pdf,0
https://www.bangor.ac.uk/regulations/academic-integrity.php.en,0
https://www.bangor.ac.uk/regulations/codes/code12.php.en,0
https://www.bangor.ac.uk/regulations/codes/code14.php.en,0
https://www.bangor.ac.uk/regulations/documents/artificial-intelligence-software-explainer-en.docx,0
https://www.bangor.ac.uk/regulations/regulations/reg15.php.en,0
https://www.bangor.ac.uk/regulations/regulations/reg13.php.en,0
https://www.bangor.ac.uk/governance-and-compliance/contracts.php.cy,0
https://www.bangor.ac.uk/cy/gwasanaethau-cyfreithiol-a-chydymffurfio/cysylltwch-a-ni,0
https://www.bangor.ac.uk/governance-and-compliance/complaints.php.cy,0
https://www.bangor.ac.uk/humanresources/policies/discipline.php.en,0
https://www.bangor.ac.uk/governance-and-compliance/legalservices.php.cy,0
https://www.bangor.ac.uk/governance-and-compliance/documents/fframwaith-datblygu-polisi.pdf,0
https://www.bangor.ac.uk/governance-and-compliance/contact.php.cy,0
https://www.bangor.ac.uk/governance-and-compliance/stafftraining.php.cy,0
https://www.bangor.ac.uk/governance-and-compliance/governance.php.cy,0
https://www.bangor.ac.uk/governance-and-compliance/ethicsandresearchethics.php.cy,0
https://www.bangor.ac.uk/governance-and-compliance/university-diary.php.cy,0
https://www.bangor.ac.uk/governance-and-compliance/datafreedom.php.cy,0
https://www.bangor.ac.uk/governance-and-compliance/students.php.cy,0
https://www.bangor.ac.uk/humanresources/staff.php.en,0
https://www.bangor.ac.uk/governance-and-compliance/documents/research-integrity-statement-2023-2024.pdf,0
https://www.bangor.ac.uk/governance-and-compliance/documents/research-integrity.pdf,0
https://www.bangor.ac.uk/finance/fo/fo002.php.en,0
https://www.bangor.ac.uk/governance-and-compliance/dataprotection/documents/Procedures Management Data Breach sept 2022.pdf,0
https://www.bangor.ac.uk/governance-and-compliance/policy-register/documents/policy-and-procedures-students-under-18-en.pdf,0
https://www.bangor.ac.uk/governance-and-compliance/documents/university-subsidiary-companies-policy-and-procedure-2021.pdf,0
https://www.bangor.ac.uk/governance-and-compliance/documents/safeguarding-policy-en.pdf,0
https://my.bangor.ac.uk/en/documents/social-media-policy.docx,0
https://my.bangor.ac.uk/legal-and-compliance/documents/Freedom_of_Speech_CoP_Version_8.pdf,0
https://www.bangor.ac.uk/governance-and-compliance/policy-register/documents/information-security-policy.pdf,0
https://www.bangor.ac.uk/about/management.php.en,0
https://www.bangor.ac.uk/governance-and-compliance/policy-register/documents/procedure-approval.pdf,0
https://www.bangor.ac.uk/governance-and-compliance/policy-register/documents/Policy-Use-of-Social-Media-Revision-2020-students.pdf,0
https://my.bangor.ac.uk/legal-and-compliance/documents/communicable-diseases-contingency-plan-en.pdf,0
https://www.bangor.ac.uk/governance-and-compliance/policy-register/documents/Body-Worn-Video-Policy-Sept-2025.pdf,0
https://my.bangor.ac.uk/legal-and-compliance/documents/Emergency-Management-Policy-2019.pdf,0
https://www.bangor.ac.uk/governance-and-compliance/documents/acceptable-use-regs.pdf,0
https://www.bangor.ac.uk/governance-and-compliance/university-charter.php.en,0
https://www.bangor.ac.uk/governance-and-compliance/documents/university-charter.pdf,0
https://www.bangor.ac.uk/governance-and-compliance/documents/records-management-policy.pdf,0
https://www.bangor.ac.uk/governance-and-compliance/policy-register/documents/Panopto-Policy.pdf,0
https://www.bangor.ac.uk/canolfanbedwyr/safonau_iaith.php.en,0
https://www.bangor.ac.uk/governance-and-compliance/documents/EIA-body-worn-video-policy.pdf,0
https://www.bangor.ac.uk/governance-and-compliance/policy-register/documents/Prevent-Policy-V7-Sept-2025.pdf,0
https://www.bangor.ac.uk/governance-and-compliance/documents/SPI-2018-English.pdf,0
https://www.bangor.ac.uk/governance-and-compliance/dataprotection/documents/privacy-notice-staff-en.docx,0
https://www.bangor.ac.uk/governance-and-compliance/documents/policy-pers-staff.pdf,0
https://my.bangor.ac.uk/legal-and-compliance/documents/Policy_Declaration_Interest_2024.pdf,0
https://www.bangor.ac.uk/governance-and-compliance/InfSecGuid.php.en,0
https://www.bangor.ac.uk/governance-and-compliance/documents/anti-bribery-policy-2022-v1.1.pdf,0
https://www.bangor.ac.uk/governance-and-compliance/public-interest-disclosure.php.en,0
https://my.bangor.ac.uk/legal-and-compliance/documents/Law_Enforcement_Disclosure_Procedure_V3.pdf,0
https://www.bangor.ac.uk/governance-and-compliance/documents/spi-appendix-nov17.pdf,0
https://www.bangor.ac.uk/governance-and-compliance/sustainable-careers-employability-policy.php.en,0
https://www.bangor.ac.uk/governance-and-compliance/policy-register/documents/Bangor_University_Complaint_Procedure_2024_Version_1.1.pdf,0
https://www.bangor.ac.uk/human-sciences/policies-and-forms/index.php.en,0
https://www.bangor.ac.uk/governance-and-compliance/documents/policy-electoral-campaigning.pdf,0
https://www.bangor.ac.uk/governance-and-compliance/dataprotection/documents/General-Public-Data-Protection-Privacy-Notice-approved-October-2020.pdf,0
https://www.bangor.ac.uk/governance-and-compliance/documents/cctv-code-of-practice-en.pdf,0
https://www.bangor.ac.uk/governance-and-compliance/policy-register/documents/Honorary Appointment Nomination Form.docx,0
https://www.bangor.ac.uk/governance-and-compliance/documents/Firearms-weapons-policy-19-en.pdf,0
https://www.bangor.ac.uk/governance-and-compliance/dataprotection/documents/Data_Protection_Privacy_Notice_for_Students.pdf,0
https://www.bangor.ac.uk/governance-and-compliance/documents/WLIA-body-worn-video-policy.pdf,0
https://www.bangor.ac.uk/governance-and-compliance/documents/research-ethics-policy-2022-version2.2.pdf,0
https://www.bangor.ac.uk/governance-and-compliance/privacy-notice-individuals.php.en,0
https://my.bangor.ac.uk/legal-and-compliance/documents/Scheme of Delegation Decision Making Powers 11.7.24 v2.1.pdf,0
https://www.bangor.ac.uk/governance-and-compliance/documents/high-profile-visitors-en.pdf,0
https://www.bangor.ac.uk/governance-and-compliance/consumer-protection-guidance.php.en,0
https://www.bangor.ac.uk/governance-and-compliance/documents/fraud-response.pdf,0
https://my.bangor.ac.uk/legal-and-compliance/documents/Reporting_Serious_Incident_Policy_v1.1.pdf,0
https://www.bangor.ac.uk/governance-and-compliance/policy-register/documents/Lost-Property-Policy-Sept-2025.pdf,0
https://www.bangor.ac.uk/governance-and-compliance/documents/gifts-and-hospitality-policy-en.pdf,0
https://www.bangor.ac.uk/governance-and-compliance/policy-register/documents/Policy on Institutional Access to Staff and Student IT Accounts and IT Equipment June 22.pdf,0
https://www.bangor.ac.uk/governance-and-compliance/policy-register/documents/research-integrity-policy-V1.1.pdf,0
https://www.bangor.ac.uk/itservices/policies/Policy on Automated Filtering of Internet Traffic June 22.pdf,0
https://www.bangor.ac.uk/governance-and-compliance/documents/Ethical_Policy_Framework_November_2021_version.pdf,0
https://www.bangor.ac.uk/governance-and-compliance/policy-register/documents/procedure-honorary-appointments update October 2021 final (2) (1).pdf,0
https://www.bangor.ac.uk/governance-and-compliance/documents/animal-welfare-ethical-review-process-V1.0-june-23.pdf,0
https://www.bangor.ac.uk/governance-and-compliance/documents/Charter-Amendment-Order.pdf,0
https://www.bangor.ac.uk/governance-and-compliance/bangor-university-ordinances.php.en,0
https://www.bangor.ac.uk/governance-and-compliance/dataprotection/documents/data-protection-policy-en.pdf,0
https://www.bangor.ac.uk/governance-and-compliance/documents/diary/University-Diary-2020-2021.pdf,0
https://www.bangor.ac.uk/governance-and-compliance/documents/diary/diary-english-201718.docx,0
https://www.bangor.ac.uk/governance-and-compliance/documents/diary/Diary-English-201920.docx,0
https://www.bangor.ac.uk/governance-and-compliance/documents/diary/diary-english-201819.docx,0
https://www.bangor.ac.uk/governance-and-compliance/documents/diary/diary-english-2016-17.doc,0
https://www.bangor.ac.uk/governance-and-compliance/students-discipline.php.en,0
https://www.bangor.ac.uk/governance-and-compliance/students-faqs.php.en,0
https://www.bangor.ac.uk/governance-and-compliance/students-complaints.php.en,0
https://www.bangor.ac.uk/governance-and-compliance/students-appeals.php.en,0
https://www.bangor.ac.uk/legal-and-compliance-services/filming-and-photography,0
https://www.bangor.ac.uk/cy/system/403,0
https://www.bangor.ac.uk/cy/node/34351,0
https://www.bangor.ac.uk/cy/courses/undergraduate/c101-bioleg-mbiol,0
https://www.bangor.ac.uk/cy/courses?level_of_study=wt_undergraduate_programme&page=6,0
https://www.bangor.ac.uk/courses/undergraduate/b720-midwifery-bm-hons,0
https://www.bangor.ac.uk/courses?level_of_study=wt_undergraduate_programme&page=9,0
https://www.bangor.ac.uk/cy/courses/undergraduate/c100-bioleg-bsc-anrh,0
https://www.bangor.ac.uk/cy/courses?level_of_study=wt_undergraduate_programme&page=10,0
https://www.bangor.ac.uk/cy/courses/undergraduate/b102-gwyddor-biofeddygol-bsc-anrh,0
https://www.bangor.ac.uk/cy/courses/undergraduate/c511-bioleg-gyda-biotechnoleg-bsc-anrh,0
https://www.bangor.ac.uk/courses/undergraduate/b821-diagnostic-radiography-bsc-hons,0
https://www.bangor.ac.uk/cy/courses?level_of_study=wt_undergraduate_programme&page=3,0
https://www.bangor.ac.uk/cy/courses/undergraduate/n312-bancio-gyda-thechnoleg-ariannol-bsc-anrh,0
https://www.bangor.ac.uk/cy/courses/undergraduate/b741-nyrsio-oedolion-bn-anrh,0
https://www.bangor.ac.uk/cy/courses?level_of_study=wt_undergraduate_programme&page=1,0
https://www.bangor.ac.uk/courses/undergraduate/r820-modern-languages-and-media-ba-hons,0
https://www.bangor.ac.uk/cy/courses?level_of_study=wt_undergraduate_programme&page=7,0
https://www.bangor.ac.uk/cy/courses/undergraduate/b112-gwyddor-biofeddygol-gyda-blwyddyn-sylfaen-bsc-anrh,0
https://www.bangor.ac.uk/cy/courses/undergraduate/x319-astudiaethau-plentyndod-ac-ieuenctid-a-seicoleg-ba-anrh,0
https://www.bangor.ac.uk/cy/courses/undergraduate/x314-astudiaethau-plentyndod-ac-ieuenctid-cyfrwng-cymraeg-ba-anrh,0
https://www.bangor.ac.uk/cy/courses/undergraduate/x315-astudiaethau-plentyndod-ac-ieuenctid-a-chymdeithaseg-cyfrwng-saesneg-ba,0
https://www.bangor.ac.uk/cy/courses/undergraduate/n32f-bancio-gyda-thechnoleg-ariannol-gyda-blwyddyn-sylfaen-bsc-anrh,0
https://www.bangor.ac.uk/cy/courses/undergraduate/x316-astudiaethau-plentyndod-ac-ieuenctid-a-chymdeithaseg-cyfrwng-cymraeg-ba,0
https://www.bangor.ac.uk/cy/courses?level_of_study=wt_undergraduate_programme&page=5,0
https://www.bangor.ac.uk/cy/courses/undergraduate/x131-addysg-gynradd-gyda-statws-athro-cymwysedig-cyfrwng-saesneg-ba-anrh,0
https://www.bangor.ac.uk/cy/courses/undergraduate/v5v6-athroniaeth-moeseg-a-chrefydd-ba-anrh,0
https://www.bangor.ac.uk/cy/courses?level_of_study=wt_undergraduate_programme&page=0,0
https://www.bangor.ac.uk/cy/courses/undergraduate/x313-astudiaethau-plentyndod-ac-ieuenctid-cyfrwng-saesneg-ba-anrh,0
https://www.bangor.ac.uk/cy/courses/undergraduate/c10f-bioleg-gyda-blwyddyn-sylfaen-bsc-anrh,0
https://www.bangor.ac.uk/cy/courses/undergraduate/x321-astudiaethau-plentyndod-ac-ieuenctid-a-chymraeg-ba-anrh,0
https://www.bangor.ac.uk/cy/courses?level_of_study=wt_undergraduate_programme&page=2,0
https://www.bangor.ac.uk/cy/courses/undergraduate/x130-addysg-gynradd-gyda-statws-athro-cymwysedig-cyfrwng-cymraeg-ba-anrh,0
https://www.bangor.ac.uk/cy/courses?level_of_study=wt_undergraduate_programme&page=8,0
https://www.bangor.ac.uk/cy/courses/undergraduate/n391-bancio-a-chyllid-bsc-anrh,0
https://www.bangor.ac.uk/cy/courses/undergraduate/c510-bioleg-gyda-biotechnoleg-mbiol,0
https://www.bangor.ac.uk/cy/courses/undergraduate/c160-bioleg-mor-bsc-anrh,0
https://www.bangor.ac.uk/cy/courses?level_of_study=wt_undergraduate_programme&page=4,0
https://www.bangor.ac.uk/cy/courses/undergraduate/r817-astudiaethau-ieithoedd-modern-ba-anrh,0
https://www.bangor.ac.uk/sites/default/files/2023-03/polisi-gofalwyr.pdf,0
https://www.bangor.ac.uk/cy/classcymru.co.uk,0
https://my.bangor.ac.uk/studentservices/moneyadvice/current-students/index.php.en,0
https://www.bangor.ac.uk/studentservices/disability,0
https://www.bangor.ac.uk/studentservices/moneyadvice/pt.php.cy,0
https://www.bangor.ac.uk/sites/default/files/2026-02/fee-policy-2026-27_v01_ENG.pdf,0
https://www.bangor.ac.uk/sites/default/files/2020-10/fee-access-plan-201819.pdf,0
https://www.bangor.ac.uk/student-administration/fees/documents/Tuition Fees-Home-2223_20220802 EN.pdf,0
https://www.bangor.ac.uk/student-administration/fees/documents/Tuition Fees-Home-EU1920-EN.pdf,0
https://www.bangor.ac.uk/student-administration/fees/includes/int1314.pdf,0
https://www.bangor.ac.uk/sites/default/files/2020-10/fee-access-plan-1718-eng.pdf,0
https://www.bangor.ac.uk/student-administration/fees/documents/201920-intl-tuition-fees.pdf,0
https://www.bangor.ac.uk/student-administration/fees/documents/Annex A Part Two - Fee and Access Plan Application Form PUBLISHED.pdf,0
https://www.bangor.ac.uk/student-administration/fees/documents/tuition-fees-international-en.pdf,0
https://www.bangor.ac.uk/student-administration/fees/documents/TuitionFees-Home-EU1617.pdf,0
https://www.bangor.ac.uk/student-administration/fees/includes/euhome1112.html,0
https://www.bangor.ac.uk/student-administration/fees/documents/tuition-fees-home-eu1718-continuing.pdf,0
https://www.bangor.ac.uk/student-administration/fees/documents/Tuition Fees-Home-EU1718.pdf,0
https://www.bangor.ac.uk/student-administration/fees/documents/Fee-and-Access-Plan-2021-22.pdf,0
https://www.bangor.ac.uk/student-administration/fees/documents/2024-25_Tuition_Fees_International.pdf,0
https://www.bangor.ac.uk/student-administration/fees/documents/tuition-fees-international-2526-en.pdf,0
https://www.bangor.ac.uk/student-administration/fees/documents/Tuition-Fees-Home-EU2021-20201015-b EN.pdf,0
https://www.bangor.ac.uk/student-administration/fees/documents/TuitionFeePolicy202526_EN_published.pdf,0
https://www.bangor.ac.uk/student-administration/fees/documents/tuition-fees-international-2223-en.pdf,0
https://www.bangor.ac.uk/student-administration/fees/documents/International-Tuition-Fees-2018-19.pdf,0
https://www.bangor.ac.uk/student-administration/fees/includes/euhome1415.pdf,0
https://www.bangor.ac.uk/student-administration/fees/includes/euhome1213.pdf,0
https://www.bangor.ac.uk/sites/default/files/2026-02/Fees-Home-2627_05012026_EN.pdf,0
https://www.bangor.ac.uk/student-administration/fees/documents/tuition-fees-home-2526-en.pdf,0
https://www.bangor.ac.uk/student-administration/fees/includes/int1617.pdf,0
https://www.bangor.ac.uk/student-administration/fees/documents/fees-access-plan.pdf,0
https://www.bangor.ac.uk/student-administration/fees/documents/TuitionFeePolicy2425-EN.pdf,0
https://www.bangor.ac.uk/student-administration/fees/documents/tuition-fee-policy-2324.pdf,0
https://www.bangor.ac.uk/student-administration/fees/includes/int1516.pdf,0
https://www.bangor.ac.uk/student-administration/fees/includes/euhome1516.pdf,0
https://www.bangor.ac.uk/student-administration/fees/documents/Bangor-202223-Fee-and-Access-Plan.pdf,0
https://www.bangor.ac.uk/student-administration/fees/includes/int1213.pdf,0
https://www.bangor.ac.uk/student-administration/fees/includes/CS.pdf,0
https://www.bangor.ac.uk/cy/ffioedd-dysgu,0
https://www.bangor.ac.uk/student-administration/fees/includes/euhome1314.pdf,0
https://www.bangor.ac.uk/sites/default/files/2020-10/fee-access-plan-2020-21.pdf,0
https://www.bangor.ac.uk/student-administration/fees/documents/Fee-Plan-2016-17-Bangor-University.pdf,0
https://www.bangor.ac.uk/tuition-fees,0
https://www.bangor.ac.uk/student-administration/fees/documents/Tuition Fees Policy 202122 EN published Sep2021.pdf,0
https://www.bangor.ac.uk/student-administration/fees/documents/2020-21-International-Tuition-Fees.pdf,0
https://www.bangor.ac.uk/sites/default/files/2026-02/Fees-International-2627_05012026_EN.pdf,0
https://www.bangor.ac.uk/student-administration/fees/documents/Tuition-Fees-Home-EU1819-v7-b-20180928-EN.pdf,0
https://www.bangor.ac.uk/student-administration/fees/documents/Tuition-Fees-Policy-202021-EN-published-16092020.pdf,0
https://www.bangor.ac.uk/student-administration/fees/documents/tuition-fees-international-21-22.pdf,0
https://www.bangor.ac.uk/student-administration/fees/includes/int1415.pdf,0
https://www.bangor.ac.uk/student-administration/fees/documents/International-Tuition-Fees-2017-18.pdf,0
https://www.bangor.ac.uk/student-administration/fees/documents/2024-25_Tuition_Fees_Home.pdf,0
https://www.bangor.ac.uk/student-administration/fees/includes/int1112.html,0
https://www.bangor.ac.uk/student-administration/fees/documents/Tuition Fees-Home-2122_20210503EN.pdf,0
https://www.bangor.ac.uk/student-administration/fees/documents/BU F&AP 252627 FINAL EN.pdf,0
https://www.bangor.ac.uk/student-administration/fees/documents/Tuition-Fees-Policy-201920-EN.pdf,0
https://www.bangor.ac.uk/student-administration/fees/includes/CS-16-17.pdf,0
https://www.bangor.ac.uk/sites/default/files/2020-10/fee-access-plan-2019-20.pdf,0
https://www.bangor.ac.uk/cy/gwasanaethau-cyllid/taliadau/cartref,0
https://www.bangor.ac.uk/Registration,0
https://www.bangor.ac.uk/cy/gwasanaethau-cyllid/taliadau/rhyngwladol,0
https://www.bangor.ac.uk/international/eu-scholarships,0
https://www.bangor.ac.uk/cy/cyllidmyfyrwyr/gweithio,0
https://my.bangor.ac.uk/studentfinance/current_students/index.php.cy,0
https://www.bangor.ac.uk/student-administration/fees/index.php.cy,0
http://www.bangor.ac.uk/studentservices/moneyadvice/pt.php.cy,0
https://www.bangor.ac.uk/cy/studentfinance/info/,0
https://www.bangor.ac.uk/cy/studentfinance/postgraduate,0
https://www.bangor.ac.uk/cy/cyllid-myfyrwyr/bwrsariaethau-bangor,0
https://my.bangor.ac.uk/student-administration/fees/index.php.en,0
https://www.bangor.ac.uk/cy/studentfinance/info,0
https://www.bangor.ac.uk/cy/studentfinance/info/bangorscholarships,0
https://www.bangor.ac.uk/cy/studentfinance/postgrad/funding,0
https://www.bangor.ac.uk/cy/studentfinance/info/ccc,0
https://www.bangor.ac.uk/cy/studentfinance/info/startupbursary,0
https://www.bangor.ac.uk/studentservices/moneyadvice/carers.php.cy,0
https://www.bangor.ac.uk/cy/studentfinance/info/welshbursary,0
https://www.bangor.ac.uk/studentservices/index,0
https://www.bangor.ac.uk/cy/cyllidmyfyrwyr/bwrsariaethcymraeg,0
https://www.bangor.ac.uk/cy/cyllidmyfyrwyr/ccc,0
https://www.bangor.ac.uk/studentfinance/info/past-papers,0
https://www.bangor.ac.uk/studentfinance/current-students/bangor-bursaries,0
https://www.bangor.ac.uk/studentfinance/information-for-examination-officers,0
https://www.bangor.ac.uk/glynne-family-bursary,0
https://www.bangor.ac.uk/sites/default/files/2025-11/T%26Cs-26-entry-en.pdf,0
https://www.bangor.ac.uk/studentfinance/2026-entry-entrance-scholarships-timeline,0
https://www.bangor.ac.uk/widening-access,0
https://www.bangor.ac.uk/study/undergraduate/defer,0
https://www.bangor.ac.uk/cy/study/undergraduate/defer,0
https://www.bangor.ac.uk/courses?term=&level_of_study=wt_undergraduate_programme&academic_school=All&field_course_year_start_value=All&field_pgr_start_yr_multi_value=All&field_pgt_start_yr_multi_value=All&field_ug_start_yr_multi_value=All&field_course_start_date_type_value=All&ug_subject_area=All&ug_subject_combination=All&ug_course_type=All&pgt_subject_area=All&pgt_course_type=All&pgt_course_mode=All&pgt_start_date=All&pgr_subject_area=All&pgr_course_type=All&page=3,0
https://www.bangor.ac.uk/courses?term=&level_of_study=wt_undergraduate_programme&academic_school=All&field_course_year_start_value=All&field_pgr_start_yr_multi_value=All&field_pgt_start_yr_multi_value=All&field_ug_start_yr_multi_value=All&field_course_start_date_type_value=All&ug_subject_area=All&ug_subject_combination=All&ug_course_type=All&pgt_subject_area=All&pgt_course_type=All&pgt_course_mode=All&pgt_start_date=All&pgr_subject_area=All&pgr_course_type=All&page=1,0
https://www.bangor.ac.uk/cy/courses?academic_school=All&field_course_start_date_type_value=All&field_course_year_start_value=All&field_pgr_start_yr_multi_value=All&field_pgt_start_yr_multi_value=All&field_ug_start_yr_multi_value=All&level_of_study=wt_undergraduate_programme&pgr_course_type=All&pgr_subject_area=All&pgt_course_mode=All&pgt_course_type=All&pgt_start_date=All&pgt_subject_area=All&term=&ug_course_type=All&ug_subject_area=All&ug_subject_combination=All,0
https://www.bangor.ac.uk/courses?term=&level_of_study=wt_undergraduate_programme&academic_school=All&field_course_year_start_value=All&field_pgr_start_yr_multi_value=All&field_pgt_start_yr_multi_value=All&field_ug_start_yr_multi_value=All&field_course_start_date_type_value=All&ug_subject_area=All&ug_subject_combination=All&ug_course_type=All&pgt_subject_area=All&pgt_course_type=All&pgt_course_mode=All&pgt_start_date=All&pgr_subject_area=All&pgr_course_type=All&page=10,0
https://www.bangor.ac.uk/courses?term=&level_of_study=wt_undergraduate_programme&academic_school=All&field_course_year_start_value=All&field_pgr_start_yr_multi_value=All&field_pgt_start_yr_multi_value=All&field_ug_start_yr_multi_value=All&field_course_start_date_type_value=All&ug_subject_area=All&ug_subject_combination=All&ug_course_type=All&pgt_subject_area=All&pgt_course_type=All&pgt_course_mode=All&pgt_start_date=All&pgr_subject_area=All&pgr_course_type=All&page=2,0
https://www.bangor.ac.uk/courses?term=&level_of_study=wt_undergraduate_programme&academic_school=All&field_course_year_start_value=All&field_pgr_start_yr_multi_value=All&field_pgt_start_yr_multi_value=All&field_ug_start_yr_multi_value=All&field_course_start_date_type_value=All&ug_subject_area=All&ug_subject_combination=All&ug_course_type=All&pgt_subject_area=All&pgt_course_type=All&pgt_course_mode=All&pgt_start_date=All&pgr_subject_area=All&pgr_course_type=All&page=4,0
https://www.bangor.ac.uk/courses?term=&level_of_study=wt_undergraduate_programme&academic_school=All&field_course_year_start_value=All&field_pgr_start_yr_multi_value=All&field_pgt_start_yr_multi_value=All&field_ug_start_yr_multi_value=All&field_course_start_date_type_value=All&ug_subject_area=All&ug_subject_combination=All&ug_course_type=All&pgt_subject_area=All&pgt_course_type=All&pgt_course_mode=All&pgt_start_date=All&pgr_subject_area=All&pgr_course_type=All,0
https://www.bangor.ac.uk/courses?term=&level_of_study=wt_undergraduate_programme&academic_school=All&field_course_year_start_value=All&field_pgr_start_yr_multi_value=All&field_pgt_start_yr_multi_value=All&field_ug_start_yr_multi_value=All&field_course_start_date_type_value=All&ug_subject_area=All&ug_subject_combination=All&ug_course_type=All&pgt_subject_area=All&pgt_course_type=All&pgt_course_mode=All&pgt_start_date=All&pgr_subject_area=All&pgr_course_type=All&page=5,0
https://www.bangor.ac.uk/courses?term=&level_of_study=wt_undergraduate_programme&academic_school=All&field_course_year_start_value=All&field_pgr_start_yr_multi_value=All&field_pgt_start_yr_multi_value=All&field_ug_start_yr_multi_value=All&field_course_start_date_type_value=All&ug_subject_area=All&ug_subject_combination=All&ug_course_type=All&pgt_subject_area=All&pgt_course_type=All&pgt_course_mode=All&pgt_start_date=All&pgr_subject_area=All&pgr_course_type=All&page=8,0
https://www.bangor.ac.uk/courses?term=&level_of_study=wt_undergraduate_programme&academic_school=All&field_course_year_start_value=All&field_pgr_start_yr_multi_value=All&field_pgt_start_yr_multi_value=All&field_ug_start_yr_multi_value=All&field_course_start_date_type_value=All&ug_subject_area=All&ug_subject_combination=All&ug_course_type=All&pgt_subject_area=All&pgt_course_type=All&pgt_course_mode=All&pgt_start_date=All&pgr_subject_area=All&pgr_course_type=All&page=0,0
https://www.bangor.ac.uk/courses?term=&level_of_study=wt_undergraduate_programme&academic_school=All&field_course_year_start_value=All&field_pgr_start_yr_multi_value=All&field_pgt_start_yr_multi_value=All&field_ug_start_yr_multi_value=All&field_course_start_date_type_value=All&ug_subject_area=All&ug_subject_combination=All&ug_course_type=All&pgt_subject_area=All&pgt_course_type=All&pgt_course_mode=All&pgt_start_date=All&pgr_subject_area=All&pgr_course_type=All&page=7,0
https://www.bangor.ac.uk/courses?term=&level_of_study=wt_undergraduate_programme&academic_school=All&field_course_year_start_value=All&field_pgr_start_yr_multi_value=All&field_pgt_start_yr_multi_value=All&field_ug_start_yr_multi_value=All&field_course_start_date_type_value=All&ug_subject_area=All&ug_subject_combination=All&ug_course_type=All&pgt_subject_area=All&pgt_course_type=All&pgt_course_mode=All&pgt_start_date=All&pgr_subject_area=All&pgr_course_type=All&page=6,0
https://my.bangor.ac.uk/international/exchanges/incoming/infoforstaff.php.en,0
https://www.bangor.ac.uk/international/exchanges/staff_exchanges,0
https://www.bangor.ac.uk/international/exchanges/incoming/infoforpartners,0
https://www.bangor.ac.uk/international/exchanges/incoming/contactus,0
https://www.bangor.ac.uk/cy/study/undergraduate/sponsored,0
https://www.bangor.ac.uk/study/undergraduate/sponsored,0
https://www.bangor.ac.uk/study/contact,0
https://www.bangor.ac.uk/cy/wedi-ymgeisio-archived,0
https://www.bangor.ac.uk/cy/openday,0
https://www.bangor.ac.uk/cy/courses?term=&%3Blevel_of_study=ug_course&%3Bacademic_school=All&%3Bfield_course_year_start_value=All&%3Bfield_pgr_start_yr_multi_value=All&%3Bfield_pgt_start_yr_multi_value=All&%3Bfield_ug_start_yr_multi_value=All&%3Bfield_course_start_date_type_value=All&%3Bug_subject_area=All&%3Bug_subject_combination=All&%3Bug_course_type=All&%3Bpgt_subject_area=All&%3Bpgt_course_type=All&%3Bpgt_course_mode=All&%3Bpgt_start_date=All&%3Bpgr_subject_area=All&%3Bpgr_course_type=All,0
https://www.bangor.ac.uk/cy/amdanom-ni/bwrdd-gweithredu,0
https://www.bangor.ac.uk/sites/default/files/2022-08/Ord13-Court-cy-access.pdf,0
https://www.bangor.ac.uk/cy/amdanom-ni/cyngor-y-brifysgol,0
https://www.bangor.ac.uk/cy/amdanom/datganiad-o-fuddiant,0
https://www.bangor.ac.uk/planning-and-student-data/strategic-plan/index.php.cy,0
https://www.bangor.ac.uk/sites/default/files/2022-08/Ord1-cy_0.pdf,0
https://www.bangor.ac.uk/cy/amdanom/cofnodion-ac-adroddiadau,0
https://www.bangor.ac.uk/cy/swyddfa-llywodraethu/penodiadau-er-anrhydedd,0
https://www.bangor.ac.uk/governance-and-compliance/documents/ordiances/2022/Ord12-CY.pdf,0
https://my.bangor.ac.uk/management-and-governance/minutes-and-reports/academic-strategy-group.php.en,0
https://my.bangor.ac.uk/management-and-governance/minutes-and-reports/marketing-recruitment-committee.php.en,0
https://my.bangor.ac.uk/management-and-governance/minutes-and-reports/major_projects.php.en,0
https://my.bangor.ac.uk/management-and-governance/minutes-and-reports/ASCC-task-group.php.en,0
https://my.bangor.ac.uk/management-and-governance/minutes-and-reports/research-strategy-task-group.php.en,0
https://my.bangor.ac.uk/management-and-governance/minutes-and-reports/quality-assurance-and-vaildation-task-group.php.en,0
https://my.bangor.ac.uk/management-and-governance/minutes-and-reports/institutional-review.php.en,0
https://my.bangor.ac.uk/management-and-governance/minutes-and-reports/business-and-enterprise.php.en,0
https://my.bangor.ac.uk/management-and-governance/minutes-and-reports/sustainability-task-group.php.en,0
https://my.bangor.ac.uk/management-and-governance/minutes-and-reports/internationalisation-task-group.php.en,0
https://my.bangor.ac.uk/management-and-governance/minutes-and-reports/welsh-language-strategy-task-group.php.en,0
https://my.bangor.ac.uk/management-and-governance/minutes-and-reports/staff-forum.php.en,0
https://my.bangor.ac.uk/management-and-governance/minutes-and-reports/welsh-language-culture-committee.php.en,0
https://my.bangor.ac.uk/management-and-governance/minutes-and-reports/senate.php.en,0
https://my.bangor.ac.uk/management-and-governance/minutes-and-reports/estates-and-facilities-task-group.php.en,0
https://my.bangor.ac.uk/management-and-governance/minutes-and-reports/digital-strategy-group.php.en,0
https://my.bangor.ac.uk/management-and-governance/minutes-and-reports/the-executive.php.en,0
https://my.bangor.ac.uk/management-and-governance/minutes-and-reports/fee-plan-task-group.php.en,0
https://my.bangor.ac.uk/management-and-governance/minutes-and-reports/employability-strategy-group.php.en,0
https://my.bangor.ac.uk/management-and-governance/minutes-and-reports/student-services-task-group.php.en,0
https://my.bangor.ac.uk/management-and-governance/minutes-and-reports/edi-committee.php.en,0
https://my.bangor.ac.uk/management-and-governance/minutes-and-reports/safety-executive-task-group.php.en,0
https://my.bangor.ac.uk/management-and-governance/minutes-and-reports/teaching-and-learning-task-group.php.en,0
https://my.bangor.ac.uk/management-and-governance/minutes-and-reports/estates-strategy-group.php.en,0
https://my.bangor.ac.uk/management-and-governance/minutes-and-reports/equality-and-diversity-task-group.php.en,0
https://my.bangor.ac.uk/management-and-governance/minutes-and-reports/education-student-experience-committee.php.en,0
https://my.bangor.ac.uk/management-and-governance/minutes-and-reports/cultural-affairs-task-group.php.en,0
https://my.bangor.ac.uk/management-and-governance/minutes-and-reports/human-resources-task-group.php.en,0
https://my.bangor.ac.uk/management-and-governance/minutes-and-reports/ref2021-task-group.php.en,0
https://my.bangor.ac.uk/management-and-governance/minutes-and-reports/student-experience.php.en,0
https://my.bangor.ac.uk/management-and-governance/minutes-and-reports/estates-digital-committee.php.en,0
https://my.bangor.ac.uk/management-and-governance/minutes-and-reports/it-task-group.php.en,0
https://my.bangor.ac.uk/management-and-governance/minutes-and-reports/widening-access-executive.php.en,0
https://my.bangor.ac.uk/management-and-governance/minutes-and-reports/legal-compliance-task-group.php.en,0
https://my.bangor.ac.uk/management-and-governance/minutes-and-reports/student-forum.php.en,0
https://my.bangor.ac.uk/management-and-governance/minutes-and-reports/student-union-task-group.php.en,0
https://my.bangor.ac.uk/management-and-governance/minutes-and-reports/research-committee.php.en,0
https://my.bangor.ac.uk/management-and-governance/minutes-and-reports/sport-task-group.php.en,0
https://my.bangor.ac.uk/management-and-governance/minutes-and-reports/risk-management-task-group.php.en,0
https://my.bangor.ac.uk/management-and-governance/minutes-and-reports/docs/recruitment/ExecutiveRecruitmentAdmissionsMinutes.php.en,0
https://my.bangor.ac.uk/management-and-governance/minutes-and-reports/employability-task-group.php.en,0
https://www.bangor.ac.uk/about/council-minutes,0
https://my.bangor.ac.uk/management-and-governance/minutes-and-reports/athena-swan-task-group.php.en,0
https://my.bangor.ac.uk/management-and-governance/minutes-and-reports/civic-mission-strategy-group.php.en,0
https://my.bangor.ac.uk/management-and-governance/minutes-and-reports/accommodation-task-group.php.en,0
https://my.bangor.ac.uk/management-and-governance/minutes-and-reports/strategic-risk-committee.php.en,0
https://my.bangor.ac.uk/management-and-governance/minutes-and-reports/library-archives-task-group.php.en,0
https://www.bangor.ac.uk/staff/environmental-sciences-and-engineering/paul-spencer-009611/en,0
https://www.bangor.ac.uk/staff/human-sciences/nichola-callow-008351/en,0
https://www.bangor.ac.uk/about/senior-management/andrew-edwards,0
https://DVC@bangor.ac.uk/,0
https://research.bangor.ac.uk/portal/en/researchers/john-thomas-prabhakar(3fef582f-8ccf-4aa3-9684-12c0d8b9040d).html,0
https://www.bangor.ac.uk/accommodation/postgraduates,0
https://www.bangor.ac.uk/studentlife/location,0
https://www.bangor.ac.uk/courses?level_of_study=pgr_course&ug_subject_area=All&ug_subject_combination=All&ug_course_type=All&pgt_subject_area=All&pgt_course_type=All&pgt_course_mode=All&pgt_start_date=All&pgr_subject_area=1301&pgr_course_type=All,0
https://www.bangor.ac.uk/courses?level_of_study=pgr_course&ug_subject_area=All&ug_subject_combination=All&ug_course_type=All&ug_language=All&pgt_subject_area=All&pgt_course_type=All&pgt_course_mode=All&pgt_start_date=All&pgt_language=All&pgr_subject_area=1301&pgr_course_type=All,0
https://www.bangor.ac.uk/cy/astudio/ol-raddedig-ymchwil/gwyddor-data,0
https://www.bangor.ac.uk/languages-literatures-and-linguistics/galician/index.php.en,0
https://www.bangor.ac.uk/courses?level_of_study=pgr_course&ug_subject_area=All&ug_subject_combination=All&ug_course_type=All&pgt_subject_area=All&pgt_course_type=All&pgt_course_mode=All&pgt_start_date=All&pgr_subject_area=1271&pgr_course_type=All,0
https://www.bangor.ac.uk/courses?level_of_study=pgr_course&ug_subject_area=All&ug_subject_combination=All&ug_course_type=All&ug_language=All&pgt_subject_area=All&pgt_course_type=All&pgt_course_mode=All&pgt_start_date=All&pgt_language=All&pgr_subject_area=1271&pgr_course_type=All,0
https://www.bangor.ac.uk/cy/astudio/ol-raddedig-ymchwil/astudiaethau-cyfieithu,0
https://www.bangor.ac.uk/courses?level_of_study=pgr_course&ug_subject_area=All&ug_subject_combination=All&ug_course_type=All&pgt_subject_area=All&pgt_course_type=All&pgt_course_mode=All&pgt_start_date=All&pgr_subject_area=1316&pgr_course_type=All,0
https://www.bangor.ac.uk/courses?level_of_study=pgr_course&ug_subject_area=All&ug_subject_combination=All&ug_course_type=All&ug_language=All&pgt_subject_area=All&pgt_course_type=All&pgt_course_mode=All&pgt_start_date=All&pgt_language=All&pgr_subject_area=1316&pgr_course_type=All,0
https://www.bangor.ac.uk/cy/astudio/ol-raddedig-ymchwil/coedwigaeth,0
https://www.bangor.ac.uk/courses?level_of_study=pgr_course&ug_subject_area=All&ug_subject_combination=All&ug_course_type=All&pgt_subject_area=All&pgt_course_type=All&pgt_course_mode=All&pgt_start_date=All&pgr_subject_area=1326&pgr_course_type=All,0
https://www.bangor.ac.uk/courses?level_of_study=pgr_course&ug_subject_area=All&ug_subject_combination=All&ug_course_type=All&ug_language=All&pgt_subject_area=All&pgt_course_type=All&pgt_course_mode=All&pgt_start_date=All&pgt_language=All&pgr_subject_area=1326&pgr_course_type=All,0
https://www.bangor.ac.uk/cy/astudio/ol-raddedig-ymchwil/bioleg-mor,0
https://www.bangor.ac.uk/oceansciences/pgrad/profiles/craig_robertson.php.en,0
https://www.bangor.ac.uk/courses?level_of_study=pgr_course&page=3,0
https://www.bangor.ac.uk/courses?level_of_study=pgr_course&page=2,0
https://www.bangor.ac.uk/courses?level_of_study=pgr_course&page=0,0
https://www.bangor.ac.uk/cy/courses?level_of_study=pgr_course,0
https://www.bangor.ac.uk/courses?level_of_study=pgr_course&page=1,0
https://www.bangor.ac.uk/courses?level_of_study=pgr_course&ug_subject_area=All&ug_subject_combination=All&ug_course_type=All&pgt_subject_area=All&pgt_course_type=All&pgt_course_mode=All&pgt_start_date=All&pgr_subject_area=1276&pgr_course_type=All,0
https://www.bangor.ac.uk/cy/astudio/ol-raddedig-ymchwil/cymraeg-ac-astudiaethau-celtaidd,0
https://www.bangor.ac.uk/courses?level_of_study=pgr_course&ug_subject_area=All&ug_subject_combination=All&ug_course_type=All&ug_language=All&pgt_subject_area=All&pgt_course_type=All&pgt_course_mode=All&pgt_start_date=All&pgt_language=All&pgr_subject_area=1276&pgr_course_type=All,0
https://www.bangor.ac.uk/natural-sciences/profiles/anna.php.en,0
https://www.bangor.ac.uk/cy/astudio/ol-raddedig-ymchwil/gwyddor-yr-amgylchedd,0
https://www.bangor.ac.uk/courses?level_of_study=pgr_course&ug_subject_area=All&ug_subject_combination=All&ug_course_type=All&pgt_subject_area=All&pgt_course_type=All&pgt_course_mode=All&pgt_start_date=All&pgr_subject_area=1311&pgr_course_type=All,0
https://www.bangor.ac.uk/courses?level_of_study=pgr_course&ug_subject_area=All&ug_subject_combination=All&ug_course_type=All&ug_language=All&pgt_subject_area=All&pgt_course_type=All&pgt_course_mode=All&pgt_start_date=All&pgt_language=All&pgr_subject_area=1311&pgr_course_type=All,0
https://www.bangor.ac.uk/natural-sciences/profiles/mark_malpass.php.en,0
https://www.bangor.ac.uk/courses?level_of_study=pgr_course&ug_subject_area=All&ug_subject_combination=All&ug_course_type=All&pgt_subject_area=All&pgt_course_type=All&pgt_course_mode=All&pgt_start_date=All&pgr_subject_area=1281&pgr_course_type=All,0
https://www.bangor.ac.uk/cy/astudio/ol-raddedig-ymchwil/bioleg,0
https://www.bangor.ac.uk/courses?level_of_study=pgr_course&ug_subject_area=All&ug_subject_combination=All&ug_course_type=All&ug_language=All&pgt_subject_area=All&pgt_course_type=All&pgt_course_mode=All&pgt_start_date=All&pgt_language=All&pgr_subject_area=1281&pgr_course_type=All,0
https://www.bangor.ac.uk/courses?level_of_study=pgr_course&ug_subject_area=All&ug_subject_combination=All&ug_course_type=All&ug_language=All&pgt_subject_area=All&pgt_course_type=All&pgt_course_mode=All&pgt_start_date=All&pgt_language=All&pgr_subject_area=1201&pgr_course_type=All,0
https://www.bangor.ac.uk/cy/astudio/ol-raddedig-ymchwil/archeoleg-a-threftadaeth,0
https://www.bangor.ac.uk/courses?level_of_study=pgr_course&ug_subject_area=All&ug_subject_combination=All&ug_course_type=All&pgt_subject_area=All&pgt_course_type=All&pgt_course_mode=All&pgt_start_date=All&pgr_subject_area=1201&pgr_course_type=All,0
https://www.bangor.ac.uk/courses?level_of_study=pgr_course&ug_subject_area=All&ug_subject_combination=All&ug_course_type=All&pgt_subject_area=All&pgt_course_type=All&pgt_course_mode=All&pgt_start_date=All&pgr_subject_area=1246&pgr_course_type=All,0
https://www.bangor.ac.uk/cy/astudio/ol-raddedig-ymchwil/y-gyfraith,0
https://www.bangor.ac.uk/courses?level_of_study=pgr_course&ug_subject_area=All&ug_subject_combination=All&ug_course_type=All&ug_language=All&pgt_subject_area=All&pgt_course_type=All&pgt_course_mode=All&pgt_start_date=All&pgt_language=All&pgr_subject_area=1246&pgr_course_type=All,0
https://www.bangor.ac.uk/courses?level_of_study=pgr_course&ug_subject_area=All&ug_subject_combination=All&ug_course_type=All&pgt_subject_area=All&pgt_course_type=All&pgt_course_mode=All&pgt_start_date=All&pgr_subject_area=1236&pgr_course_type=All,0
https://www.bangor.ac.uk/courses?level_of_study=pgr_course&ug_subject_area=All&ug_subject_combination=All&ug_course_type=All&ug_language=All&pgt_subject_area=All&pgt_course_type=All&pgt_course_mode=All&pgt_start_date=All&pgt_language=All&pgr_subject_area=1236&pgr_course_type=All,0
https://www.bangor.ac.uk/cy/astudio/ol-raddedig-ymchwil/ffilm-cyfryngau-a-newyddiaduraeth,0
https://www.bangor.ac.uk/cy/astudio/ol-raddedig-ymchwil/ynni-adnewyddadwy,0
https://www.bangor.ac.uk/courses?level_of_study=pgr_course&ug_subject_area=All&ug_subject_combination=All&ug_course_type=All&ug_language=All&pgt_subject_area=All&pgt_course_type=All&pgt_course_mode=All&pgt_start_date=All&pgt_language=All&pgr_subject_area=1346&pgr_course_type=All,0
https://www.bangor.ac.uk/courses?level_of_study=pgr_course&ug_subject_area=All&ug_subject_combination=All&ug_course_type=All&pgt_subject_area=All&pgt_course_type=All&pgt_course_mode=All&pgt_start_date=All&pgr_subject_area=1346&pgr_course_type=All,0
https://www.bangor.ac.uk/courses/postgraduate-taught/clinical-psychology-dclinpsy,0
https://www.bangor.ac.uk/cy/astudio/ol-raddedig-ymchwil/seicoleg-glinigol,0
https://www.bangor.ac.uk/study/postgraduate-research/sport-health-and-exercise-sciences,0
https://www.bangor.ac.uk/courses/postgraduate-taught/north-wales-clinical-psychology-doctoral-programme-dclinpsy,0
https://www.bangor.ac.uk/cy/astudio/ol-raddedig-ymchwil/addysg,0
https://www.bangor.ac.uk/courses?level_of_study=pgr_course&ug_subject_area=All&ug_subject_combination=All&ug_course_type=All&ug_language=All&pgt_subject_area=All&pgt_course_type=All&pgt_course_mode=All&pgt_start_date=All&pgt_language=All&pgr_subject_area=1356&pgr_course_type=All,0
https://www.bangor.ac.uk/courses?level_of_study=pgr_course&ug_subject_area=All&ug_subject_combination=All&ug_course_type=All&pgt_subject_area=All&pgt_course_type=All&pgt_course_mode=All&pgt_start_date=All&pgr_subject_area=1356&pgr_course_type=All,0
https://www.bangor.ac.uk/courses?level_of_study=pgr_course&ug_subject_area=All&ug_subject_combination=All&ug_course_type=All&ug_language=All&pgt_subject_area=All&pgt_course_type=All&pgt_course_mode=All&pgt_start_date=All&pgt_language=All&pgr_subject_area=1366&pgr_course_type=All,0
https://www.bangor.ac.uk/courses?level_of_study=pgr_course&ug_subject_area=All&ug_subject_combination=All&ug_course_type=All&pgt_subject_area=All&pgt_course_type=All&pgt_course_mode=All&pgt_start_date=All&pgr_subject_area=1366&pgr_course_type=All,0
https://www.bangor.ac.uk/cy/astudio/ol-raddedig-ymchwil/gwyddorau-meddygol,0
https://www.bangor.ac.uk/courses?term=&level_of_study=pgr_course&academic_school=41&field_course_year_start_value=All&field_pgr_start_yr_multi_value=All&field_pgt_start_yr_multi_value=All&field_ug_start_yr_multi_value=All&field_course_start_date_type_value=All&ug_subject_area=All&ug_subject_combination=All&ug_course_type=All&pgt_subject_area=All&pgt_course_type=All&pgt_course_mode=All&pgt_start_date=All&pgr_subject_area=All&pgr_course_type=All,0
https://www.bangor.ac.uk/bbs-research-ief/news/credit-ratings-are-a-key-check-on-ceo-overconfidence-in-corporate,0
https://www.bangor.ac.uk/bbs-research-ief/news/institute-of-european-finance-ief-hosted-its-2025-conference,0
https://www.bangor.ac.uk/courses?term=&level_of_study=pgr_course&academic_school=All&field_course_year_start_value=All&field_pgr_start_yr_multi_value=All&field_pgt_start_yr_multi_value=All&field_ug_start_yr_multi_value=All&field_course_start_date_type_value=All&ug_subject_area=All&ug_subject_combination=All&ug_course_type=All&pgt_subject_area=All&pgt_course_type=All&pgt_course_mode=All&pgt_start_date=All&pgr_subject_area=1216&pgr_course_type=All,0
https://www.bangor.ac.uk/cy/astudio/ol-raddedig-ymchwil/busnes-rheolaeth-a-marchnata,0
https://www.bangor.ac.uk/staff/business/charlotte-rimmer-050132/en,0
https://www.bangor.ac.uk/bbs-research-ief/news/proud-moments-at-icbtoxford-2024,0
https://www.bangor.ac.uk/cy/astudio/ol-raddedig-ymchwil/peirianneg-electronig,0
https://www.bangor.ac.uk/courses?level_of_study=pgr_course&ug_subject_area=All&ug_subject_combination=All&ug_course_type=All&ug_language=All&pgt_subject_area=All&pgt_course_type=All&pgt_course_mode=All&pgt_start_date=All&pgt_language=All&pgr_subject_area=1306&pgr_course_type=All,0
https://www.bangor.ac.uk/courses?level_of_study=pgr_course&ug_subject_area=All&ug_subject_combination=All&ug_course_type=All&pgt_subject_area=All&pgt_course_type=All&pgt_course_mode=All&pgt_start_date=All&pgr_subject_area=1306&pgr_course_type=All,0
https://www.bangor.ac.uk/courses?level_of_study=pgr_course&ug_subject_area=All&ug_subject_combination=All&ug_course_type=All&ug_language=All&pgt_subject_area=All&pgt_course_type=All&pgt_course_mode=All&pgt_start_date=All&pgt_language=All&pgr_subject_area=1256&pgr_course_type=All,0
https://www.bangor.ac.uk/courses?level_of_study=pgr_course&ug_subject_area=All&ug_subject_combination=All&ug_course_type=All&pgt_subject_area=All&pgt_course_type=All&pgt_course_mode=All&pgt_start_date=All&pgr_subject_area=1256&pgr_course_type=All,0
https://www.bangor.ac.uk/cy/astudio/ol-raddedig-ymchwil/cerddoriaeth,0
https://www.bangor.ac.uk/courses?level_of_study=pgr_course&ug_subject_area=All&ug_subject_combination=All&ug_course_type=All&pgt_subject_area=All&pgt_course_type=All&pgt_course_mode=All&pgt_start_date=All&pgr_subject_area=1376&pgr_course_type=All,0
https://www.bangor.ac.uk/study/postgraduate-research/sport-health-and-exercise-sciences/careers,0
https://www.bangor.ac.uk/courses?level_of_study=pgr_course&ug_subject_area=All&ug_subject_combination=All&ug_course_type=All&ug_language=All&pgt_subject_area=All&pgt_course_type=All&pgt_course_mode=All&pgt_start_date=All&pgt_language=All&pgr_subject_area=1376&pgr_course_type=All,0
https://www.bangor.ac.uk/study/postgraduate-research/sport-health-and-exercise-sciences/why-study,0
https://www.bangor.ac.uk/cy/astudio/ol-raddedig-ymchwil/gwyddorau-chwaraeon-iechyd-ac-ymarfer,0
https://www.bangor.ac.uk/study/postgraduate-research/sport-health-and-exercise-sciences/our-research,0
https://www.bangor.ac.uk/cy/astudio/ol-raddedig-ymchwil/nanodechnoleg,0
https://www.bangor.ac.uk/courses?level_of_study=pgr_course&ug_subject_area=All&ug_subject_combination=All&ug_course_type=All&pgt_subject_area=All&pgt_course_type=All&pgt_course_mode=All&pgt_start_date=All&pgr_subject_area=1331&pgr_course_type=All,0
https://www.bangor.ac.uk/study/postgraduate-research/nanotechnology/research,0
https://www.bangor.ac.uk/courses?level_of_study=pgr_course&ug_subject_area=All&ug_subject_combination=All&ug_course_type=All&ug_language=All&pgt_subject_area=All&pgt_course_type=All&pgt_course_mode=All&pgt_start_date=All&pgt_language=All&pgr_subject_area=1331&pgr_course_type=All,0
https://www.bangor.ac.uk/cy/astudio/ol-raddedig-ymchwil/gwyddorau-eigion,0
https://www.bangor.ac.uk/cy/astudio/ol-raddedig-ymchwil/ieithoedd-a-diwylliannau-modern,0
https://www.bangor.ac.uk/cy/astudio/ol-raddedig-ymchwil/cymdeithaseg-a-pholisi-cymdeithasol,0
https://www.bangor.ac.uk/cy/astudio/ol-raddedig-ymchwil/ffiseg,0
https://www.bangor.ac.uk/cy/astudio/ol-raddedig-ymchwil/daearyddiaeth,0
https://www.bangor.ac.uk/cy/astudio/ol-raddedig-ymchwil/dwyieithrwydd-ac-ieithyddiaeth,0
https://www.bangor.ac.uk/cy/astudio/ol-raddedig-ymchwil/athroniaeth-a-chrefydd,0
https://www.bangor.ac.uk/cy/astudio/ol-raddedig-ymchwil/llenyddiaeth-saesneg,0
https://www.bangor.ac.uk/cy/astudio/ol-raddedig-ymchwil/biotechnoleg,0
https://www.bangor.ac.uk/cy/astudio/ol-raddedig-ymchwil/gwyddorau-iechyd,0
https://www.bangor.ac.uk/cy/astudio/ol-raddedig-ymchwil/cadwraeth,0
https://www.bangor.ac.uk/cy/astudio/ol-raddedig-ymchwil/ysgrifennu-creadigol-a-beirniadol,0
https://www.bangor.ac.uk/cy/astudio/ol-raddedig-ymchwil/cyfrifeg-bancio-a-chyllid,0
https://www.bangor.ac.uk/cy/astudio/ol-raddedig-ymchwil/hanes-a-hanes-cymru,0
https://www.bangor.ac.uk/cy/astudio/ol-raddedig-ymchwil/troseddeg-a-chyfiawnder-troseddol,0
https://www.bangor.ac.uk/cy/astudio/ol-raddedig-ymchwil/cyfrifiadureg,0
https://www.bangor.ac.uk/cy/study/facilities,0
https://www.bangor.ac.uk/cy/astudio/ol-raddedig-ymchwil/seicoleg,0
https://www.bangor.ac.uk/courses?level_of_study=pgr_course&ug_subject_area=All&ug_subject_combination=All&ug_course_type=All&pgt_subject_area=All&pgt_course_type=All&pgt_course_mode=All&pgt_start_date=All&pgr_subject_area=1251&pgr_course_type=All,0
https://www.bangor.ac.uk/courses?level_of_study=pgr_course&ug_subject_area=All&ug_subject_combination=All&ug_course_type=All&ug_language=All&pgt_subject_area=All&pgt_course_type=All&pgt_course_mode=All&pgt_start_date=All&pgt_language=All&pgr_subject_area=1251&pgr_course_type=All,0
https://www.bangor.ac.uk/profiles/BBS/Alumni/Waleed-Idrees,0
https://www.bangor.ac.uk/natural-sciences/subject-areas/conservation/social-issues.php.en,0
https://www.bangor.ac.uk/courses?level_of_study=pgr_course&ug_subject_area=All&ug_subject_combination=All&ug_course_type=All&ug_language=All&pgt_subject_area=All&pgt_course_type=All&pgt_course_mode=All&pgt_start_date=All&pgt_language=All&pgr_subject_area=1296&pgr_course_type=All,0
https://www.bangor.ac.uk/courses?level_of_study=pgr_course&ug_subject_area=All&ug_subject_combination=All&ug_course_type=All&pgt_subject_area=All&pgt_course_type=All&pgt_course_mode=All&pgt_start_date=All&pgr_subject_area=1296&pgr_course_type=All,0
https://www.bangor.ac.uk/natural-sciences/subject-areas/conservation/where-we-work.php.en,0
https://www.bangor.ac.uk/natural-sciences/subject-areas/conservation/bushmeat.php.en,0
https://www.bangor.ac.uk/natural-sciences/subject-areas/conservation/environmental.php,0
http://riogrande.bangor.ac.uk/index.php.en,0
https://www.bangor.ac.uk/natural-sciences/subject-areas/conservation/land-rights.php.en,0
https://www.bangor.ac.uk/natural-sciences/subject-areas/conservation/investing-agroforestry.php.en,0
https://www.bangor.ac.uk/courses?level_of_study=pgr_course&ug_subject_area=All&ug_subject_combination=All&ug_course_type=All&ug_language=All&pgt_subject_area=All&pgt_course_type=All&pgt_course_mode=All&pgt_start_date=All&pgt_language=All&pgr_subject_area=1231&pgr_course_type=All,0
https://www.bangor.ac.uk/courses?level_of_study=pgr_course&ug_subject_area=All&ug_subject_combination=All&ug_course_type=All&pgt_subject_area=All&pgt_course_type=All&pgt_course_mode=All&pgt_start_date=All&pgr_subject_area=1231&pgr_course_type=All,0
https://www.bangor.ac.uk/courses?level_of_study=pgr_course&ug_subject_area=All&ug_subject_combination=All&ug_course_type=All&pgt_subject_area=All&pgt_course_type=All&pgt_course_mode=All&pgt_start_date=All&pgr_subject_area=1291&pgr_course_type=All,0
https://www.bangor.ac.uk/courses?level_of_study=pgr_course&ug_subject_area=All&ug_subject_combination=All&ug_course_type=All&ug_language=All&pgt_subject_area=All&pgt_course_type=All&pgt_course_mode=All&pgt_start_date=All&pgt_language=All&pgr_subject_area=1291&pgr_course_type=All,0
https://www.bangor.ac.uk/courses?level_of_study=pgr_course&ug_subject_area=All&ug_subject_combination=All&ug_course_type=All&pgt_subject_area=All&pgt_course_type=All&pgt_course_mode=All&pgt_start_date=All&pgr_subject_area=1221&pgr_course_type=All,0
https://www.bangor.ac.uk/courses?level_of_study=pgr_course&ug_subject_area=All&ug_subject_combination=All&ug_course_type=All&ug_language=All&pgt_subject_area=All&pgt_course_type=All&pgt_course_mode=All&pgt_start_date=All&pgt_language=All&pgr_subject_area=1221&pgr_course_type=All,0
https://www.bangor.ac.uk/courses?level_of_study=pgr_course&ug_subject_area=All&ug_subject_combination=All&ug_course_type=All&pgt_subject_area=All&pgt_course_type=All&pgt_course_mode=All&pgt_start_date=All&pgr_subject_area=1341&pgr_course_type=All,0
https://www.bangor.ac.uk/courses?level_of_study=pgr_course&ug_subject_area=All&ug_subject_combination=All&ug_course_type=All&ug_language=All&pgt_subject_area=All&pgt_course_type=All&pgt_course_mode=All&pgt_start_date=All&pgt_language=All&pgr_subject_area=1341&pgr_course_type=All,0
https://www.bangor.ac.uk/courses?level_of_study=pgr_course&ug_subject_area=All&ug_subject_combination=All&ug_course_type=All&ug_language=All&pgt_subject_area=All&pgt_course_type=All&pgt_course_mode=All&pgt_start_date=All&pgt_language=All&pgr_subject_area=1286&pgr_course_type=All,0
http://environmental-biotechnology.bangor.ac.uk/index.php.en,0
https://www.bangor.ac.uk/courses?level_of_study=pgr_course&ug_subject_area=All&ug_subject_combination=All&ug_course_type=All&pgt_subject_area=All&pgt_course_type=All&pgt_course_mode=All&pgt_start_date=All&pgr_subject_area=1286&pgr_course_type=All,0
https://www.bangor.ac.uk/courses?level_of_study=pgr_course&ug_subject_area=All&ug_subject_combination=All&ug_course_type=All&ug_language=All&pgt_subject_area=All&pgt_course_type=All&pgt_course_mode=All&pgt_start_date=All&pgt_language=All&pgr_subject_area=1336&pgr_course_type=All,0
https://www.bangor.ac.uk/courses?level_of_study=pgr_course&ug_subject_area=All&ug_subject_combination=All&ug_course_type=All&pgt_subject_area=All&pgt_course_type=All&pgt_course_mode=All&pgt_start_date=All&pgr_subject_area=1336&pgr_course_type=All,0
https://www.bangor.ac.uk/courses?level_of_study=pgr_course&ug_subject_area=All&ug_subject_combination=All&ug_course_type=All&ug_language=All&pgt_subject_area=All&pgt_course_type=All&pgt_course_mode=All&pgt_start_date=All&pgt_language=All&pgr_subject_area=1261&pgr_course_type=All,0
https://www.bangor.ac.uk/courses?level_of_study=pgr_course&ug_subject_area=All&ug_subject_combination=All&ug_course_type=All&pgt_subject_area=All&pgt_course_type=All&pgt_course_mode=All&pgt_start_date=All&pgr_subject_area=1261&pgr_course_type=All,0
https://www.bangor.ac.uk/courses?level_of_study=pgr_course&ug_subject_area=All&ug_subject_combination=All&ug_course_type=All&pgt_subject_area=All&pgt_course_type=All&pgt_course_mode=All&pgt_start_date=All&pgr_subject_area=1211&pgr_course_type=All,0
https://www.bangor.ac.uk/courses?level_of_study=pgr_course&ug_subject_area=All&ug_subject_combination=All&ug_course_type=All&ug_language=All&pgt_subject_area=All&pgt_course_type=All&pgt_course_mode=All&pgt_start_date=All&pgt_language=All&pgr_subject_area=1211&pgr_course_type=All,0
https://www.bangor.ac.uk/courses?level_of_study=pgr_course&ug_subject_area=All&ug_subject_combination=All&ug_course_type=All&pgt_subject_area=All&pgt_course_type=All&pgt_course_mode=All&pgt_start_date=All&pgr_subject_area=1266&pgr_course_type=All,0
https://www.bangor.ac.uk/courses?level_of_study=pgr_course&ug_subject_area=All&ug_subject_combination=All&ug_course_type=All&ug_language=All&pgt_subject_area=All&pgt_course_type=All&pgt_course_mode=All&pgt_start_date=All&pgt_language=All&pgr_subject_area=1266&pgr_course_type=All,0
https://www.bangor.ac.uk/courses?level_of_study=pgr_course&ug_subject_area=All&ug_subject_combination=All&ug_course_type=All&pgt_subject_area=All&pgt_course_type=All&pgt_course_mode=All&pgt_start_date=All&pgr_subject_area=1361&pgr_course_type=All,0
https://www.bangor.ac.uk/courses?level_of_study=pgr_course&ug_subject_area=All&ug_subject_combination=All&ug_course_type=All&ug_language=All&pgt_subject_area=All&pgt_course_type=All&pgt_course_mode=All&pgt_start_date=All&pgt_language=All&pgr_subject_area=1361&pgr_course_type=All,0
https://www.bangor.ac.uk/courses?level_of_study=pgr_course&ug_subject_area=All&ug_subject_combination=All&ug_course_type=All&ug_language=All&pgt_subject_area=All&pgt_course_type=All&pgt_course_mode=All&pgt_start_date=All&pgt_language=All&pgr_subject_area=1226&pgr_course_type=All,0
https://www.bangor.ac.uk/courses?level_of_study=pgr_course&ug_subject_area=All&ug_subject_combination=All&ug_course_type=All&pgt_subject_area=All&pgt_course_type=All&pgt_course_mode=All&pgt_start_date=All&pgr_subject_area=1226&pgr_course_type=All,0
https://www.bangor.ac.uk/courses?level_of_study=pgr_course&ug_subject_area=All&ug_subject_combination=All&ug_course_type=All&ug_language=All&pgt_subject_area=All&pgt_course_type=All&pgt_course_mode=All&pgt_start_date=All&pgt_language=All&pgr_subject_area=1321&pgr_course_type=All,0
https://www.bangor.ac.uk/courses?level_of_study=pgr_course&ug_subject_area=All&ug_subject_combination=All&ug_course_type=All&pgt_subject_area=All&pgt_course_type=All&pgt_course_mode=All&pgt_start_date=All&pgr_subject_area=1321&pgr_course_type=All,0
https://www.bangor.ac.uk/courses?level_of_study=pgr_course&ug_subject_area=All&ug_subject_combination=All&ug_course_type=All&pgt_subject_area=All&pgt_course_type=All&pgt_course_mode=All&pgt_start_date=All&pgr_subject_area=1241&pgr_course_type=All,0
https://www.bangor.ac.uk/courses?level_of_study=pgr_course&ug_subject_area=All&ug_subject_combination=All&ug_course_type=All&ug_language=All&pgt_subject_area=All&pgt_course_type=All&pgt_course_mode=All&pgt_start_date=All&pgt_language=All&pgr_subject_area=1241&pgr_course_type=All,0
https://www.bangor.ac.uk/profiles/students/leanne-rowlands,0
https://www.bangor.ac.uk/study/postgraduate-research/psychology/research,0
https://www.bangor.ac.uk/courses?level_of_study=pgr_course&ug_subject_area=All&ug_subject_combination=All&ug_course_type=All&ug_language=All&pgt_subject_area=All&pgt_course_type=All&pgt_course_mode=All&pgt_start_date=All&pgt_language=All&pgr_subject_area=1371&pgr_course_type=All,0
https://www.bangor.ac.uk/cy/courses/postgraduate-taught/rheoli-bancio-a-thechnoleg-pgcert,0
https://www.bangor.ac.uk/cy/courses/postgraduate-taught/mba-cyllid-anghyfreithlon,0
https://www.bangor.ac.uk/cy/courses/postgraduate-taught/troseddau-a-chydymffurfiaeth-ariannol-mba,0
https://www.bangor.ac.uk/cy/addysg-weithredol/digwyddiadau/gweddarlleniad-meet-the-risk-management-specialist-gyda-vincent-mok,0
https://www.bangor.ac.uk/cy/addysg-weithredol/newyddion/graddio-addysg-weithredol-haf-2026,0
https://www.bangor.ac.uk/cy/addysg-weithredol/newyddion/graddedigion-chartered-banker-mba-yn-dod-yn-brif-weithredwr-cib-kenya,0
https://www.bangor.ac.uk/cy/addysg-weithredol/modiwlau-sengl,0
https://www.bangor.ac.uk/cy/executive-education/derbyn-rhagor-o-wybodaeth,0
https://www.bangor.ac.uk/Executive-Education/executive-education-news?page=3,0
https://www.bangor.ac.uk/executive-education/news/meet-the-regulatory-compliance-specialist-webcast-with-glenna-smith,0
https://www.bangor.ac.uk/executive-education/news/executive-education-team-attend-amli-summit-2024,0
https://www.bangor.ac.uk/executive-education/news/cibn-partnership-signing-ceremony-july-2024,0
https://www.bangor.ac.uk/Executive-Education/executive-education-news?page=1,0
https://www.bangor.ac.uk/executive-education/news/meet-the-corporate-transformational-specialist-webcast-with-paul-withams,0
https://www.bangor.ac.uk/executive-education/news/meet-the-forensic-intelligence-specialist-webcast-with-kendrick-christie,0
https://www.bangor.ac.uk/Executive-Education/executive-education-news?page=2,0
https://www.bangor.ac.uk/executive-education/news/executive-education-winter-2024-graduation,0
https://www.bangor.ac.uk/Executive-Education/executive-education-news?page=0,0
https://www.bangor.ac.uk/executive-education/news/meet-the-inclusivity-specialist-webcast-with-angel-setumo,0
https://www.bangor.ac.uk/executive-education/news/executive-education-summer-2024-graduation,0
https://www.bangor.ac.uk/executive-education/news/meet-the-financial-inclusivity-champion-webcast-with-chester-nziradzemhuka,0
https://www.bangor.ac.uk/cy/addysg-weithredol/newyddion/executive-education-winter-2025-graduation,0
https://www.bangor.ac.uk/cy/giving/how-to-give,0
https://www.bangor.ac.uk/giving/annual-fund,0
https://www.bangor.ac.uk/giving/legacy-programme,0
https://www.bangor.ac.uk/giving/contact,0
https://www.bangor.ac.uk/giving/donors-from-usa,0
https://www.bangor.ac.uk/giving/telethon-campaign,0
https://www.bangor.ac.uk/giving/donors,0
https://www.bangor.ac.uk/giving/Donor-Data-Protection-Notice,0
https://www.bangor.ac.uk/cy/alumni/gwarchod-data,0
https://www.bangor.ac.uk/alumni/e-news,0
https://www.bangor.ac.uk/cy/alumni/gwasanaethau-a-buddiannau,0
http://www.bangor.ac.uk/alumni/update.php.en,0
https://www.bangor.ac.uk/careers/index.php.en,0
https://www.bangor.ac.uk/cy/alumni/yn-fyw-o-fangor,0
https://www.bangor.ac.uk/alumni/coming-to-you-live-from-bangor,0
https://www.bangor.ac.uk/sites/default/files/2021-01/volunteer-handbook.pdf,0
https://www.bangor.ac.uk/cy/alumni/cymerwch-ran,0
https://www.bangor.ac.uk/sites/default/files/2022-10/Brian-Charnley.docx,0
https://www.bangor.ac.uk/news/2023-12-07-bangor-university-bibf-alumnus-of-the-year-2023,0
https://www.bangor.ac.uk/cy/alumni/digwyddiadau,0
https://www.bangor.ac.uk/sites/default/files/2022-09/John%20Young%20report%20ENG.docx,0
https://www.bangor.ac.uk/alumni/photoslideshows,0
https://www.bangor.ac.uk/news/2024-11-25-bangor-university-bibf-alumnus-of-the-year-2024,0
https://www.bangor.ac.uk/cy/alumni/amdanom-ni,0
https://www.bangor.ac.uk/alumni/update.php.cy,0
https://www.bangor.ac.uk/alumni/bangoriadindex,0
https://www.bangor.ac.uk/giving/,0
https://www.bangor.ac.uk/cy/alumni/newyddion-a-gwybodaeth,0
https://www.bangor.ac.uk/alumni/obituaries,0
https://www.bangor.ac.uk/cy/alumni/profiles,0
https://www.bangor.ac.uk/cy/node/41532471,0
https://www.bangor.ac.uk/cy/alumni/cadw-mewn-cysylltiad,0
https://www.bangor.ac.uk/cy/cefnogi/cronfa-bangor,0
https://www.bangor.ac.uk/cy/alumni/advisory-board,0
https://www.bangor.ac.uk/cy/alumni/rhyngwladol,0
https://www.bangor.ac.uk/cy/sut i gyfrannu,0
https://www.bangor.ac.uk/alumni/alumnus-footsteps,0
https://www.bangor.ac.uk/giving/donors-from-the-usa,0
https://www.bangor.ac.uk/giving/news/bangor-fund-supports-new-podcast-where-alumni-share-how-studying-in-welsh-helped-their,0
https://www.bangor.ac.uk/giving/bangor-fund?page=1,0
https://www.bangor.ac.uk/giving/bangor-fund?page=2,0
https://www.bangor.ac.uk/giving/how-to-give.php.en,0
https://www.bangor.ac.uk/giving/news/bringing-communities-together-within-the-school-of-arts-culture-and-languages-students,0
https://www.bangor.ac.uk/giving/news/celebrating-student-creativity-at-the-bangor-music-festival-and-bangor-university,0
https://www.bangor.ac.uk/giving/bangor-fund?page=3,0
https://www.bangor.ac.uk/giving/news/bangor-fund-enhances-student-hub-with-multipurpose-space-upgrade,0
https://www.bangor.ac.uk/giving/news/modern-languages-academics-and-students-collaborate-with-wow-film-festival,0
https://www.bangor.ac.uk/giving/news/bangor-fund-supports-y-llechan-visiting-writers-series-nurturing-creative-talent,0
https://www.bangor.ac.uk/giving/news/bangor-fund-backs-new-sexual-health-resources-for-students,0
https://www.bangor.ac.uk/giving/news/bangor-fund-supports-transformative-learning-for-iswe-doctoral-community,0
https://www.bangor.ac.uk/giving/news/alumni-donations-support-15-new-student-focused-projects,0
https://www.bangor.ac.uk/giving/news/bangor-fund-supported-the-redevelopment-of-the-brambells-wildlife-and-pond-area,0
https://www.bangor.ac.uk/giving/news/bangor-law-students-gained-national-experience-with-bangor-fund-support,0
https://www.bangor.ac.uk/giving/news/bangor-fund-supports-student-participation-at-a-workshop-on-homelessness-in-poland,0
https://www.bangor.ac.uk/giving/bangor-fund?page=0,0
https://www.bangor.ac.uk/alumni/alumni-profiles/pete-atkinson,0
https://www.bangor.ac.uk/alumni/alumni-profiles/joe-gray,0
https://www.bangor.ac.uk/alumni/alumni-profiles/lilian-balatsou,0
https://www.bangor.ac.uk/alumni/alumni-profiles/robert-akello,0
https://www.bangor.ac.uk/alumni/alumni-profiles/matt-ruglys,0
https://www.bangor.ac.uk/alumni/alumni-profiles/iqbal-hussain,0
https://www.bangor.ac.uk/alumni/alumni-profiles/richard-williams,0
https://www.bangor.ac.uk/alumni/alumni-profiles/ellinor-shore,0
https://www.bangor.ac.uk/profiles/students/emilie-hutet,0
https://www.bangor.ac.uk/alumni/alumni-profiles/glenn-swain,0
https://www.bangor.ac.uk/alumni/alumni-profiles/jessica-hughes,0
https://www.bangor.ac.uk/alumni/alumni-profiles/lewis-thompson,0
https://www.bangor.ac.uk/alumni/alumni-profiles/gareth-newman,0
https://www.bangor.ac.uk/alumni/alumni-profiles/sara-rawoot,0
https://www.bangor.ac.uk/alumni/alumni-profiles/elspeth-ward,0
https://www.bangor.ac.uk/alumni/alumni-profiles/tasmin-lofthouse,0
https://www.bangor.ac.uk/alumni/alumni-profiles/james-otai,0
https://www.bangor.ac.uk/alumni/alumni-profiles/alan-crofts,0
https://www.bangor.ac.uk/alumni/alumni-profiles/jacquie-bloese,0
https://www.bangor.ac.uk/profiles/students/cian-sherwin,0
https://www.bangor.ac.uk/alumni/alumni-profiles/michelle-daniel,0
https://www.bangor.ac.uk/alumni/alumni-profiles/graeme-patterson,0
https://www.bangor.ac.uk/alumni/alumni-profiles/peter-curle,0
https://www.bangor.ac.uk/alumni/alumni-profiles/libby-steele,0
https://www.bangor.ac.uk/alumni/alumni-profiles/maria-sosanna-vasileiou,0
https://www.bangor.ac.uk/alumni/alumni-profiles/tom-the-blowfish-hird,0
https://www.bangor.ac.uk/alumni/alumni-profiles/ryan-eddowes,0
https://www.bangor.ac.uk/alumni/alumni-profiles/pippa-joyner,0
https://www.bangor.ac.uk/alumni/alumni-profiles/chloe-roberts,0
https://www.bangor.ac.uk/alumni/alumni-profiles/seren-evans,0
https://www.bangor.ac.uk/alumni/alumni-profiles/jamie-smith,0
https://www.bangor.ac.uk/alumni/alumni-profiles/caroline-cartmill,0
https://www.bangor.ac.uk/alumni/alumni-profiles/ian-gray,0
https://www.bangor.ac.uk/alumni/alumni-profiles/zoe-perrenoud,0
https://www.bangor.ac.uk/alumni/alumni-profiles/chris-dennis,0
https://www.bangor.ac.uk/alumni/alumni-profiles/gaz-thomas,0
https://www.bangor.ac.uk/alumni/bangor-university-bibf-alumnus-of-the-year-2022,0
https://www.bangor.ac.uk/alumni/alumni-profiles/david-scarisbrick,0
https://www.bangor.ac.uk/alumni/alumni-profiles/graham-newman,0
https://www.bangor.ac.uk/alumni/alumni-profiles/juliet-mondol,0
https://www.bangor.ac.uk/alumni/alumni-profiles/tom-hindle,0
https://www.bangor.ac.uk/alumni/alumni-profiles/julian-evans,0
https://www.bangor.ac.uk/alumni/alumni-profiles/nadia-portelli,0
https://www.bangor.ac.uk/alumni/alumni-profiles/stan-jones,0
https://www.bangor.ac.uk/bbs/news/toby-dixon-private-equity-fund-founder-entrepreneurs-can-be-graduates-too,0
https://www.bangor.ac.uk/alumni/alumni-profiles/alun-hughes,0
https://www.bangor.ac.uk/alumni/alumni-profiles/sif-brookes,0
https://www.bangor.ac.uk/alumni/alumni-profiles/lauren-evans,0
https://www.bangor.ac.uk/alumni/alumni-profiles/peter-montgomery,0
https://www.bangor.ac.uk/alumni/quotes,0
https://www.bangor.ac.uk/alumni/alumni-profiles/ashleigh-smith,0
https://www.bangor.ac.uk/alumni/alumni-profiles/susie-thompson,0
https://www.bangor.ac.uk/alumni/alumni-profiles/erin-pritchard,0
https://www.bangor.ac.uk/alumni/alumni-profiles/adrian-lee,0
https://www.bangor.ac.uk/alumni/alumni-profiles/Salvador-Sanchez-Colon,0
https://www.bangor.ac.uk/alumni/alumni-profiles/chia-yi-tay,0
https://www.bangor.ac.uk/alumni/alumni-profiles/john-porter,0
https://www.bangor.ac.uk/alumni/alumni-profiles/harrison-davis,0
https://www.bangor.ac.uk/alumni/yanjing-wu,0
https://www.bangor.ac.uk/alumni/amina-rashid,0
https://www.bangor.ac.uk/alumni/china-alumnus-2018,0
https://www.bangor.ac.uk/alumni/alumnus-2018,0
https://www.bangor.ac.uk/alumni/yingying-liu,0
https://www.bangor.ac.uk/arts-humanities-and-business/news/bibf-alumnus-of-the-year-2019-41858,0
https://www.bangor.ac.uk/alumni/alumnus-2017,0
https://www.bangor.ac.uk/cy/courses/postgraduate-taught/cyfraith-hawliau-dynol-a-chyfraith-ryngwladol,0
https://www.bangor.ac.uk/courses/postgraduate-modules/M1BH,0
https://www.bangor.ac.uk/courses?level_of_study=pgt_course&pgt_subject_area=1046,0
https://www.bangor.ac.uk/courses/postgraduate-modules/M1AM,0
https://www.bangor.ac.uk/courses?level_of_study=pgt_course&pgt_subject_area=1026,0
https://www.bangor.ac.uk/cy/courses/postgraduate-taught/y-gyfraith-a-throseddeg-llm,0
https://www.bangor.ac.uk/cy/courses?level_of_study=All&page=1&term=law,0
https://www.bangor.ac.uk/cy/courses?level_of_study=All&page=0&term=law,0
https://www.bangor.ac.uk/cy/courses/undergraduate/c813-seicoleg-gyda-seicoleg-fforensig-bsc-anrh,0
https://www.bangor.ac.uk/cy/courses/postgraduate-research/troseddeg-cyfiawnder-troseddol-polisi-cymdeithasol-gwyddorau,0
https://www.bangor.ac.uk/cy/courses/postgraduate-taught/astudiaethau-addysg-llawn-amser-ma,0
https://www.bangor.ac.uk/cy/courses/postgraduate-taught/astudiaethau-addysg-gyda-lleoliad-llawn-amser-ma,0
https://www.bangor.ac.uk/cy/courses/undergraduate/c347-cadwraeth-ac-ecoleg-bywyd-gwyllt-bsc-anrh,0
https://www.bangor.ac.uk/cy/courses/postgraduate-taught/y-gyfraith-llm,0
https://www.bangor.ac.uk/cy/courses/postgraduate-taught/troseddeg-ar-gyfraith-ma,0
https://www.bangor.ac.uk/cy/courses/undergraduate/b763-nyrsio-anableddau-dysgu-bn-anrh,0
https://www.bangor.ac.uk/cy/courses/postgraduate-taught/cyfraith-busnes-rhyngwladol-a-chynaliadwyedd,0
https://www.bangor.ac.uk/cy/courses/postgraduate-research/troseddeg-a-chyfiawnder-troseddol-phd,0
https://www.bangor.ac.uk/courses?level_of_study=All&term=law,0
https://www.bangor.ac.uk/cy/courses/undergraduate/m1r8-y-gyfraith-gyda-ieithoedd-modern-llb-anrh,0
https://www.bangor.ac.uk/cy/courses/undergraduate/m1m9-y-gyfraith-gyda-throseddeg-llb-anrh,0
https://www.bangor.ac.uk/cy/courses/undergraduate/m101-y-gyfraith-rhaglen-garlam-2-flynedd-llb-anrh,0
https://www.bangor.ac.uk/cy/courses/undergraduate/l436-plismona-proffesiynol-bsc-anrh,0
https://www.bangor.ac.uk/cy/courses/undergraduate/m10f-y-gyfraith-gyda-blwyddyn-sylfaen-llb-anrh,0
https://www.bangor.ac.uk/cy/courses/undergraduate/m1c8-y-gyfraith-gyda-seicoleg-llb-anrh,0
https://www.bangor.ac.uk/courses/postgraduate-modules/M1AC,0
https://www.bangor.ac.uk/cy/courses/undergraduate/m100-y-gyfraith-llb-anrh,0
https://www.bangor.ac.uk/cy/courses/undergraduate/m212-cyfraith-droseddol-llb-anrh,0
https://www.bangor.ac.uk/courses?level_of_study=pgr_course&pgr_subject_area=1266,0
https://www.bangor.ac.uk/cy/courses/postgraduate-taught/troseddeg-a-chyfiawnder-troseddol-ma,0
https://www.bangor.ac.uk/courses/postgraduate-modules/L3BV,0
https://www.bangor.ac.uk/cy/courses/undergraduate/m1q5-y-gyfraith-gyda-chymraeg-llb-anrh,0
https://www.bangor.ac.uk/cy/courses/undergraduate/m1l2-y-gyfraith-gyda-gwleidyddiaeth-llb-anrh,0
https://www.bangor.ac.uk/courses/postgraduate-modules/L3BE,0
https://www.bangor.ac.uk/languages-literatures-and-linguistics/undergraduate-courses/modern-languages,0
https://www.bangor.ac.uk/sites/default/files/2024-07/Password%20Skills%20Plus%20FAQs.pdf,0
https://www.bangor.ac.uk/courses/postgrad/index.php.en?view=course&prospectustype=postgraduate&courseid=176&subjectarea=35,0
https://www.bangor.ac.uk/courses/postgrad/index.php.en?view=courses&prospectustype=postgraduate&subjectarea=32&name=Music,0
https://www.bangor.ac.uk/courses/postgrad/index.php.en?view=course&prospectustype=postgraduate&courseid=171&subjectarea=34&name=Applied%20Marine%20Geoscience,0
https://www.bangor.ac.uk/law,0
http://www.bangor.ac.uk/linguistics/,0
https://www.bangor.ac.uk/sites/default/files/2024-07/Password%20Skills%20Plus%20Visual%20Test%20Rules%20-%202023%2011%2023.pdf,0
https://www.bangor.ac.uk/psychology/,0
https://www.bangor.ac.uk/courses/postgrad/index.php.en?view=courses&prospectustype=postgraduate&subjectarea=28&name=Electronic%20Engineering,0
https://www.bangor.ac.uk/courses/postgrad/index.php.en?view=courses&prospectustype=postgraduate&subjectarea=43&name=Computer%20Science,0
https://www.bangor.ac.uk/courses/postgrad/index.php.en?view=courses&prospectustype=postgraduate&subjectarea=25&name=Education,0
https://www.bangor.ac.uk/history-philosophy-and-social-sciences/undergraduate-courses/philosophy,0
https://www.bangor.ac.uk/education-and-human-development,0
https://www.bangor.ac.uk/courses/postgrad/index.php.en?view=courses&prospectustype=postgraduate&subjectarea=31&name=Modern%20Languages,0
https://www.bangor.ac.uk/courses/postgrad/index.php.en?view=courses&prospectustype=postgraduate&subjectarea=21&name=Bangor%20Business%20School,0
https://www.bangor.ac.uk/sites/default/files/2024-08/Password%20Plus%20Handbook%202024%2008%2016.pdf,0
https://www.bangor.ac.uk/courses/postgrad/index.php.en?view=course&prospectustype=postgraduate&courseid=175&subjectarea=34,0
https://www.bangor.ac.uk/sport-health-and-exercise-sciences/undergraduate-courses/,0
https://www.bangor.ac.uk/sites/default/files/2024-07/Scheduling%20and%20taking%20the%20skills%20plus%20test.pdf,0
https://www.bangor.ac.uk/courses/postgrad/index.php.en?view=courses&prospectustype=postgraduate&subjectarea=20&name=Biological%20Sciences,0
https://www.bangor.ac.uk/ysgolygymraeg/,0
https://www.bangor.ac.uk/sites/default/files/2025-08/Oxford%20ELLT%20Global%20Student%20Guide.pdf,0
https://www.bangor.ac.uk/music-and-media/undergraduate-courses/music,0
https://www.bangor.ac.uk/courses/postgrad/index.php.en?view=courses&prospectustype=postgraduate&subjectarea=45&name=Law,0
"https://www.bangor.ac.uk/courses/postgrad/index.php.en?view=courses&prospectustype=postgraduate&subjectarea=38&name=Sport,%20Health%20and%20Exercise%20Sciences",0
https://www.bangor.ac.uk/courses/postgraduate-taught/genomics-and-precision-medicine-msc--archived,0
https://www.bangor.ac.uk/courses/postgrad/index.php.en?view=courses&prospectustype=postgraduate&subjectarea=34&name=Ocean%20Sciences,0
https://www.bangor.ac.uk/courses/postgrad/index.php.en?view=courses&prospectustype=postgraduate&subjectarea=24&name=Welsh,0
https://www.bangor.ac.uk/courses/ug-pre-wt/wpq0-creative-studies,0
https://www.bangor.ac.uk/courses/postgrad/index.php.en?view=course&prospectustype=postgraduate&courseid=173&subjectarea=34,0
https://www.bangor.ac.uk/courses/postgrad/index.php.en?view=courses&prospectustype=postgraduate&subjectarea=35&name=Psychology,0
https://www.bangor.ac.uk/history-philosophy-and-social-sciences/undergraduate-courses/history,0
https://www.bangor.ac.uk/courses/postgrad/index.php.en?view=course&prospectustype=postgraduate&courseid=172&subjectarea=34&name=Physical%20Oceanography,0
https://www.bangor.ac.uk/courses/postgrad/index.php.en?view=courses&prospectustype=postgraduate&subjectarea=52&name=Philosophy%20and%20Religion,0
https://www.bangor.ac.uk/courses/postgrad/index.php.en?view=courses&prospectustype=postgraduate&subjectarea=27&name=History%20and%20Welsh%20History,0
https://www.bangor.ac.uk/courses/undergraduate/2021archive/b821-diagnostic-radiography,0
https://www.bangor.ac.uk/biology/,0
https://www.bangor.ac.uk/languages-literatures-and-linguistics/elcos/pre-sessional.php,0
https://www.bangor.ac.uk/courses/postgrad/index.php.en?view=courses&prospectustype=postgraduate&subjectarea=23&name=Creative%20Studies%20and%20Media,0
https://www.bangor.ac.uk/courses/postgrad/index.php.en?view=courses&prospectustype=postgraduate&subjectarea=33&name=Healthcare%20Sciences,0
https://www.bangor.ac.uk/history-philosophy-and-social-sciences/undergraduate-courses/social-science,0
https://www.bangor.ac.uk/courses/postgraduate-taught/translation-studies-ma,0
https://www.bangor.ac.uk/international/courses/postgrad/taught/index.php.en?view=course&prospectustype=postgraduate&courseid=499&subjectarea=45&name=Criminology%20and%20Law,0
https://www.bangor.ac.uk/courses/postgrad/index.php.en?view=course&prospectustype=postgraduate&courseid=450&subjectarea=35,0
https://www.bangor.ac.uk/courses/postgrad/index.php.en?view=courses&prospectustype=postgraduate&subjectarea=26&name=English,0
https://www.bangor.ac.uk/courses/postgrad/index.php.en?view=courses&prospectustype=postgraduate&subjectarea=30&name=Linguistics%20and%20English%20Language,0
https://www.bangor.ac.uk/languages-literatures-and-linguistics/elcos/pre-sessional,0
https://www.bangor.ac.uk/courses/postgraduate/creative-studies/,0
https://www.bangor.ac.uk/courses/ug-pre-wt/b741-adult-nursing,0
https://www.bangor.ac.uk/courses/postgrad/index.php.en?view=courses&prospectustype=postgraduate&subjectarea=47&name=Medical%20Sciences,0
https://www.bangor.ac.uk/medical-sciences/undergraduate-courses/,0
https://www.bangor.ac.uk/courses/ug-pre-wt/b720-midwifery,0
https://www.bangor.ac.uk/courses/postgrad/index.php.en?view=courses&prospectustype=postgraduate&subjectarea=37&name=Social%20Sciences,0
https://www.bangor.ac.uk/courses/postgrad/index.php.en?view=course&prospectustype=postgraduate&courseid=273&subjectarea=28,0
https://www.bangor.ac.uk/cy/astudio/israddedig/modiwlau,0
https://www.bangor.ac.uk/study/undergraduate/modules,0
https://www.bangor.ac.uk/cy/courses?field_course_year_start_value=All&field_pgr_start_yr_multi_value=All&field_pgt_start_yr_multi_value=3451&level_of_study=pgt_course&oth_course_study_location=All&oth_subject_area=All&pgr_course_type=All&pgr_subject_area=All&pgt_course_mode=All&pgt_course_type=All&pgt_subject_area=1041&term=&ug_subject_area=All,0
https://www.bangor.ac.uk/courses/postgraduate-taught/social-policy-ma,0
https://www.bangor.ac.uk/cy/courses?field_course_year_start_value=All&field_pgr_start_yr_multi_value=All&field_pgt_start_yr_multi_value=3451&level_of_study=pgt_course&oth_course_study_location=All&oth_subject_area=All&pgr_course_type=All&pgr_subject_area=All&pgt_course_mode=All&pgt_course_type=All&pgt_subject_area=1061&term=&ug_subject_area=All,0
https://www.bangor.ac.uk/courses/postgraduate-taught/sociology-ma,0
https://www.bangor.ac.uk/courses/postgraduate-taught/criminology-and-sociology-ma,0
https://www.bangor.ac.uk/courses/postgraduate-taught/history-ma,0
https://www.bangor.ac.uk/courses/postgraduate-taught/finance-msc,0
https://www.bangor.ac.uk/courses/postgraduate-taught/global-heritage-ma,0
https://www.bangor.ac.uk/sites/default/files/2025-11/January%202026%20Flyer_0.pdf,0
https://www.bangor.ac.uk/courses/postgraduate-taught/broadband-and-optical-communications-msc,0
https://www.bangor.ac.uk/courses/postgraduate-taught/electronic-engineering-msc,0
https://www.bangor.ac.uk/courses/postgraduate-taught/banking-and-finance-mba,0
https://www.bangor.ac.uk/courses/postgraduate-taught/welsh-history-ma,0
https://www.bangor.ac.uk/courses/postgraduate-taught/language-policy-and-planning-ma,0
https://www.bangor.ac.uk/courses/postgraduate-taught/msc-artificial-intelligence-and-data-science-msc,0
https://www.bangor.ac.uk/courses/postgraduate-taught/banking-and-finance-msc,0
https://www.bangor.ac.uk/courses/postgraduate-taught/finance-mba,0
https://www.bangor.ac.uk/courses/postgraduate-taught/banking-chartered-banker-msc,0
https://www.bangor.ac.uk/courses/postgraduate-taught/nanotechnology-and-microfabrication-msc,0
https://www.bangor.ac.uk/cy/courses?term=&level_of_study=pgt_course&ug_subject_area=All&pgt_subject_area=996&pgr_subject_area=All&field_course_year_start_value=All&field_pgr_start_yr_multi_value=All&field_pgt_start_yr_multi_value=3451&pgt_course_type=All&pgt_course_mode=All&pgr_course_type=All&oth_course_study_location=All&oth_subject_area=All,0
https://www.bangor.ac.uk/cy/courses?term=&level_of_study=pgt_course&ug_subject_area=All&pgt_subject_area=1156&pgr_subject_area=All&field_course_year_start_value=All&field_pgr_start_yr_multi_value=All&field_pgt_start_yr_multi_value=3451&pgt_course_type=All&pgt_course_mode=All&pgr_course_type=All&oth_course_study_location=All&oth_subject_area=All,0
https://www.bangor.ac.uk/cy/courses?field_course_year_start_value=All&field_pgr_start_yr_multi_value=All&field_pgt_start_yr_multi_value=3451&level_of_study=pgt_course&oth_course_study_location=All&oth_subject_area=All&pgr_course_type=All&pgr_subject_area=All&pgt_course_mode=All&pgt_course_type=All&pgt_subject_area=1096&term=&ug_subject_area=All,0
https://www.bangor.ac.uk/cy/courses?term=&level_of_study=pgt_course&ug_subject_area=All&pgt_subject_area=1046&pgr_subject_area=All&field_course_year_start_value=All&field_pgr_start_yr_multi_value=All&field_pgt_start_yr_multi_value=3451&pgt_course_type=All&pgt_course_mode=All&pgr_course_type=All&oth_course_study_location=All&oth_subject_area=All,0
https://www.bangor.ac.uk/cy/courses?term=&level_of_study=pgt_course&ug_subject_area=All&pgt_subject_area=1026&pgr_subject_area=All&field_course_year_start_value=All&field_pgr_start_yr_multi_value=All&field_pgt_start_yr_multi_value=3451&pgt_course_type=All&pgt_course_mode=All&pgr_course_type=All&oth_course_study_location=All&oth_subject_area=All,0
https://www.bangor.ac.uk/cy/courses?term=&level_of_study=pgt_course&ug_subject_area=All&pgt_subject_area=1061&pgr_subject_area=All&field_course_year_start_value=All&field_pgr_start_yr_multi_value=All&field_pgt_start_yr_multi_value=3451&pgt_course_type=All&pgt_course_mode=All&pgr_course_type=All&oth_course_study_location=All&oth_subject_area=All,0
https://www.bangor.ac.uk/cy/courses?term=&level_of_study=pgt_course&ug_subject_area=All&pgt_subject_area=1041&pgr_subject_area=All&field_course_year_start_value=All&field_pgr_start_yr_multi_value=All&field_pgt_start_yr_multi_value=3451&pgt_course_type=All&pgt_course_mode=All&pgr_course_type=All&oth_course_study_location=All&oth_subject_area=All,0
https://www.bangor.ac.uk/cy/applied,0
https://www.bangor.ac.uk/cy/courses?term=&level_of_study=pgt_course&ug_subject_area=All&pgt_subject_area=1011&pgr_subject_area=All&field_course_year_start_value=All&field_pgr_start_yr_multi_value=All&field_pgt_start_yr_multi_value=3451&pgt_course_type=All&pgt_course_mode=All&pgr_course_type=All&oth_course_study_location=All&oth_subject_area=All,0
https://www.bangor.ac.uk/cy/accommodation/postgraduate,0
https://www.bangor.ac.uk/cy/courses?term=&level_of_study=pgt_course&ug_subject_area=All&pgt_subject_area=1106&pgr_subject_area=All&field_course_year_start_value=All&field_pgr_start_yr_multi_value=All&field_pgt_start_yr_multi_value=3451&pgt_course_type=All&pgt_course_mode=All&pgr_course_type=All&oth_course_study_location=All&oth_subject_area=All,0
https://www.bangor.ac.uk/cy/courses?field_course_year_start_value=All&field_pgr_start_yr_multi_value=All&field_pgt_start_yr_multi_value=3451&level_of_study=pgt_course&oth_course_study_location=All&oth_subject_area=All&pgr_course_type=All&pgr_subject_area=All&pgt_course_mode=All&pgt_course_type=All&pgt_subject_area=1046&term=&ug_subject_area=All,0
https://www.bangor.ac.uk/cy/courses?field_course_year_start_value=All&field_pgr_start_yr_multi_value=All&field_pgt_start_yr_multi_value=3451&level_of_study=pgt_course&oth_course_study_location=All&oth_subject_area=All&pgr_course_type=All&pgr_subject_area=All&pgt_course_mode=All&pgt_course_type=All&pgt_subject_area=1106&term=&ug_subject_area=All,0
https://www.bangor.ac.uk/courses/postgraduate-taught/physiotherapy-pgdip,0
https://www.bangor.ac.uk/cy/courses?field_course_year_start_value=All&field_pgr_start_yr_multi_value=All&field_pgt_start_yr_multi_value=3451&level_of_study=pgt_course&oth_course_study_location=All&oth_subject_area=All&pgr_course_type=All&pgr_subject_area=All&pgt_course_mode=All&pgt_course_type=All&pgt_subject_area=1156&term=&ug_subject_area=All,0
https://www.bangor.ac.uk/cy/courses?field_course_year_start_value=All&field_pgr_start_yr_multi_value=All&field_pgt_start_yr_multi_value=3451&level_of_study=pgt_course&oth_course_study_location=All&oth_subject_area=All&pgr_course_type=All&pgr_subject_area=All&pgt_course_mode=All&pgt_course_type=All&pgt_subject_area=996&term=&ug_subject_area=All,0
https://www.bangor.ac.uk/cy/courses?field_course_year_start_value=All&field_pgr_start_yr_multi_value=All&field_pgt_start_yr_multi_value=3451&level_of_study=pgt_course&oth_course_study_location=All&oth_subject_area=All&pgr_course_type=All&pgr_subject_area=All&pgt_course_mode=All&pgt_course_type=All&pgt_subject_area=1026&term=&ug_subject_area=All,0
https://www.bangor.ac.uk/cy/courses?field_course_year_start_value=All&field_pgr_start_yr_multi_value=All&field_pgt_start_yr_multi_value=3451&level_of_study=pgt_course&oth_course_study_location=All&oth_subject_area=All&pgr_course_type=All&pgr_subject_area=All&pgt_course_mode=All&pgt_course_type=All&pgt_subject_area=1011&term=&ug_subject_area=All,0
https://www.bangor.ac.uk/careers/students/selfemployment.php.en,0
https://www.bangor.ac.uk/cy/ymchwil/arloesi,0
https://research.bangor.ac.uk/en/clippings/,0
https://research.bangor.ac.uk/en/impacts/,0
https://research.bangor.ac.uk/en/studentTheses/,0
https://research.bangor.ac.uk/en/about/cookies/,0
https://research.bangor.ac.uk/portal/cy/,0
https://research.bangor.ac.uk/en/projects/,0
https://research.bangor.ac.uk/portal/en/,0
https://research.bangor.ac.uk/en/organisations/,0
https://research.bangor.ac.uk/en/activities/,0
https://research.bangor.ac.uk/en/datasets/,0
https://research.bangor.ac.uk/en/persons/,0
https://research.bangor.ac.uk/en/prizes/,0
https://research.bangor.ac.uk/en/equipments/,0
https://research.bangor.ac.uk/en/publications/,0
https://www.bangor.ac.uk/cy/research-innovation-and-impact-office/ref,0
https://www.bangor.ac.uk/cy/ymchwil/ynglyn/strategaeth-ymchwil,0
https://www.bangor.ac.uk/humanresources/equalitydiversity/athenaswanatbangor.php.cy,0
https://www.bangor.ac.uk/cy/ysgol-ddoethurol,0
https://www.bangor.ac.uk/cy/iris/ref,0
https://www.bangor.ac.uk/iris/ref2014,0
https://www.bangor.ac.uk/inclusive-community/valuing-identity/documents/BangorUniversityTransStudentPolicyandGuidance1_000.pdf,0
https://www.bangor.ac.uk/humanresources/equalitydiversity/careerdevelopment.php.en,0
https://www.bangor.ac.uk/oceansciences/about/Equality_Diversity.php.en,0
https://www.bangor.ac.uk/scsee-equality-and-diversity,0
https://www.bangor.ac.uk/humanresources/policies/employment/Trans_EqualityPolicyProcedure_EN.pdf,0
https://www.bangor.ac.uk/humanresources/equalitydiversity/staffsupport.php.en,0
https://www.bangor.ac.uk/staff/natural-sciences/morag-mcdonald-007087/en,0
https://www.bangor.ac.uk/medical-health-sciences,0
https://www.bangor.ac.uk/inclusive-community/harassment/response-team.php.en,0
https://www.bangor.ac.uk/news/2024-02-01-bangor-university-awarded-athena-swan-silver-in-recognition-of-gender-equality-work,0
https://www.bangor.ac.uk/staff/human-behavioural-sciences/thandi-gilder-016711/en,0
https://www.bangor.ac.uk/cy/hr/athena-swan-ym-mhrifysgol-bangor,0
https://www.bangor.ac.uk/hr/our-athena-swan-journey-to-silver,0
https://www.bangor.ac.uk/humanresources/equalitydiversity/policy_intro.php.en,0
https://www.bangor.ac.uk/hr/athena-swan-at-bangor-university,0
https://www.bangor.ac.uk/humanresources/equalitydiversity/inclusive-bangor-scholarships.php.en,0
https://www.bangor.ac.uk/sites/default/files/2026-01/BU-Athena-Swan-Silver-Action-Plan-2023-28.pdf,0
https://www.bangor.ac.uk/humanresources/equalitydiversity/lgbtq.php.en,0
https://www.bangor.ac.uk/climbing-activities,0
https://www.bangor.ac.uk/sportbangor/campus-sport,0
https://www.bangor.ac.uk/sportbangor/elite,0
https://www.bangor.ac.uk/cy/chwaraeonbangor/gwybodaeth-i-fyfyrwyr,0
https://www.bangor.ac.uk/sportbangor/inductions,0
https://www.bangor.ac.uk/sportbangor/memberships,0
https://www.bangor.ac.uk/cy/chwaraeonbangor/gwybodaeth-i-staff,0
https://www.bangor.ac.uk/cy/chwaraeonbangor/clinig-iechyd-therapi,0
https://www.bangor.ac.uk/cy/chwaraeonbangor/datblygu-partneriaethau,0
https://www.bangor.ac.uk/sportbangor/holiday-camps-archived,0
https://www.bangor.ac.uk/cy/chwaraeonbangor/plant,0
https://www.bangor.ac.uk/sportbangor/junior-climbing-archived,0
https://www.bangor.ac.uk/childrens-parties-archived,0
https://www.bangor.ac.uk/sportbangor/junior-lessons-archived,0
https://www.bangor.ac.uk/cy/chwaraeonbangor/cyfleusterau,0
https://brailsford.bangor.ac.uk/stellar3/stellar3/,0
https://brailsford.bangor.ac.uk/scuba6/stellar2/classBooking.php,0
https://www.bangor.ac.uk/cy/dosbarthiadau-ffitrwydd,0
https://www.bangor.ac.uk/cy/chwaraeonbangor/tim,0
https://www.bangor.ac.uk/cy/chwaraeonbangor/cwestiynau-a-ofynnir-yn-aml,0
https://www.bangor.ac.uk/cy/chwaraeonbangor/cysylltu,0
https://www.bangor.ac.uk/cy/chwaraeonbangor/gwybodaeth-ir-cyhoedd,0
https://www.bangor.ac.uk/cy/chwaraeonbangor/staff-actif,0
https://my.bangor.ac.uk/brailsford/membership/index.php.en,0
https://www.bangor.ac.uk/cy/chwaraeonbangor/archebu,0
https://www.bangor.ac.uk/cy/chwaraeonbangor/hyfforddiant-personol,0
https://www.bangor.ac.uk/cy/chwaraeonbangor/prisiau,0
https://www.bangor.ac.uk/cy/chwaraeonbangor/oriau-agor,0
https://www.bangor.ac.uk/cy/gwybodaeth-plant-a-phobl-ifanc,0
https://www.bangor.ac.uk/cy/chwaraeonbangor/aelodaeth-myfyrwyr,0
https://apps.bangor.ac.uk/brailsford/induction/,0
https://brailsford.bangor.ac.uk/scuba6/stellar2/start.php?scubaAppName=stellar2,0
https://www.bangor.ac.uk/sportbangor/childrens-parties,0
https://www.bangor.ac.uk/holiday-camps,0
https://www.bangor.ac.uk/about/01248%20383717,0
https://www.bangor.ac.uk/cy/amdanom/01248383717,0
https://www.bangor.ac.uk/cy/courses/postgraduate-taught/technolegau-iaith-msc,0
https://www.bangor.ac.uk/courses?level_of_study=pgt_course&pgt_subject_area=1006,0
https://www.bangor.ac.uk/courses?level_of_study=pgt_course&pgt_subject_area=1086,0
https://www.bangor.ac.uk/courses?level_of_study=pgt_course&pgt_subject_area=1096,0
https://www.bangor.ac.uk/cy/courses/postgraduate-research/cyfathrebu-optegol-phd,0
https://www.bangor.ac.uk/cy/courses/undergraduate/g400-cyfrifiadureg-bsc-anrh,0
https://www.bangor.ac.uk/cy/courses/postgraduate-research/prosesu-delweddau-ar-gyfer-dyfeisiau-dymudol-phd,0
https://www.bangor.ac.uk/cy/courses/postgraduate-research/delweddu-ac-efelychu-meddygol-phd,0
https://www.bangor.ac.uk/cy/courses/undergraduate/h117-cyfrifiadureg-mcomp,0
https://www.bangor.ac.uk/cy/courses/postgraduate-taught/cyfrifiadureg-uwch-msc,0
https://www.bangor.ac.uk/courses?level_of_study=pgt_course&pgt_subject_area=1101,0
https://www.bangor.ac.uk/courses?level_of_study=pgt_course&pgt_subject_area=1136,0
https://www.bangor.ac.uk/courses/postgraduate-modules/G4AS,0
https://www.bangor.ac.uk/cy/courses/postgraduate-taught/gwyddor-data-uwch-msc,0
https://www.bangor.ac.uk/courses/postgraduate-modules/G5BB,0
https://www.bangor.ac.uk/cy/courses/undergraduate/g40f-cyfrifiadureg-gyda-blwyddyn-sylfaen-bsc-anrh,0
https://www.bangor.ac.uk/cy/courses?level_of_study=All&page=0&term=computer%20science,0
https://www.bangor.ac.uk/courses/postgraduate-taught/pgce-secondary-information-technology-welsh-medium,0
https://www.bangor.ac.uk/cy/courses?level_of_study=All&page=1&term=computer%20science,0
https://www.bangor.ac.uk/cy/courses/postgraduate-taught/deallusrwydd-artiffisial-a-gwyddor-data-msc,0
https://www.bangor.ac.uk/cy/courses/postgraduate-taught/tar-uwchradd-technoleg-gwybodaeth-cyfrwng-cymraeg,0
https://www.bangor.ac.uk/cy/courses/postgraduate-taught/cyfrifiadura-msc,0
https://www.bangor.ac.uk/cy/courses/postgraduate-taught/cyfrifiadura-ar-gyfer-gwyddor-data-msc,0
https://www.bangor.ac.uk/courses?level_of_study=All&term=computer%20science,0
https://www.bangor.ac.uk/courses/postgraduate-modules/G5BC,0
https://www.bangor.ac.uk/courses/postgraduate-modules/G5BA,0
https://www.bangor.ac.uk/cy/courses/postgraduate-taught/tar-uwchradd-technoleg-gwybodaeth-cyfrwng-saesneg,0
https://www.bangor.ac.uk/education-and-human-development/why_study.php.en,0
https://www.bangor.ac.uk/cy/diwrnodagored/wrecsam,0
https://www.bangor.ac.uk/cy/ygi/wrecsam,0
https://www.bangor.ac.uk/health-sciences/undergraduate-courses/B821-Diagnostic-Radiography,0
https://www.bangor.ac.uk/cy/canolfan-rheolaeth/bwydlen-bwyty-1884,0
https://www.bangor.ac.uk/management-centre/kids-menu-restaurant-1884,0
https://www.bangor.ac.uk/allergens,0
https://www.bangor.ac.uk/international/exchanges/hdc.cczu.edu.cn,0
https://www.bangor.ac.uk/bcc/student-life,0
https://www.bangor.ac.uk/bcc/about,0
https://www.bangor.ac.uk/bcc/apply,0
https://www.bangor.ac.uk/bcc/our-staff,0
https://www.bangor.ac.uk/bcc/entry-criteria,0
https://www.bangor.ac.uk/bcc/contact,0
https://www.bangor.ac.uk/bcc/undergraduate,0
https://www.bangor.ac.uk/bcc/scholarships,0
https://www.bangor.ac.uk/bcc/fees,0
https://www.bangor.ac.uk/bcc/accommodation,0
https://my.bangor.ac.uk/finance/pensions/index.php.en,0
https://my.bangor.ac.uk/humanresources/bangorbenefits/myadvantages.php.en,0
https://my.bangor.ac.uk/humanresources/bangorbenefits/forms.php.en,0
https://my.bangor.ac.uk/humanresources/relocation/accomodation.php.en,0
https://my.bangor.ac.uk/humanresources/relocation/nonuk.php.en,0
https://my.bangor.ac.uk/humanresources/forms.php.en,0
https://my.bangor.ac.uk/humanresources/occupationalhealth/referrals.php.en,0
https://my.bangor.ac.uk/humanresources/relocation/guidetoarea.php.en,0
https://my.bangor.ac.uk/humanresources/bangorbenefits/USS_FAQ_Apr16_EN.pdf,0
https://my.bangor.ac.uk/humanresources/relocation/relocation.php.en,0
https://my.bangor.ac.uk/humanresources/workingintheuk/index.php.en,0
https://my.bangor.ac.uk/humanresources/bangorbenefits/tirnanog_fees.php.en,0
https://my.bangor.ac.uk/humanresources/bangorbenefits/TNN_form_EN.docx,0
https://my.bangor.ac.uk/humanresources/concordat.php.en,0
https://my.bangor.ac.uk/humanresources/bangorbenefits/cycletoworkfaq.php.en,0
https://my.bangor.ac.uk/humanresources/bangorbenefits/childcaresodexo.php.en,0
https://my.bangor.ac.uk/humanresources/bangorbenefits/buyingannualleave.php.en,0
https://my.bangor.ac.uk/humanresources/pmt/index.php.en,0
https://my.bangor.ac.uk/humanresources/systems/erecruitment.php.en,0
https://my.bangor.ac.uk/humanresources/occupationalhealth/staffinfo.php.en,0
https://my.bangor.ac.uk/humanresources/occupationalhealth/location.php.en,0
https://my.bangor.ac.uk/humanresources/dynamicwork.php.en,0
https://my.bangor.ac.uk/humanresources/clinical-academics.php.en,0
https://my.bangor.ac.uk/humanresources/systems/accesstoservices.php.en,0
https://my.bangor.ac.uk/humanresources/policieshome.php.en,0
https://my.bangor.ac.uk/humanresources/occupationalhealth/menopause.php.en,0
https://my.bangor.ac.uk/humanresources/afcovenant.php.en,0
https://my.bangor.ac.uk/humanresources/systems/bi.php.en,0
https://my.bangor.ac.uk/humanresources/bangorbenefits/creditunion.php.en,0
https://my.bangor.ac.uk/humanresources/bangorbenefits/cycletoworkmain.php.en,0
https://my.bangor.ac.uk/humanresources/location.php.en,0
https://my.bangor.ac.uk/humanresources/bangorbenefits/childcaretnn.php.en,0
https://my.bangor.ac.uk/humanresources/staffhandbook.php.en,0
https://my.bangor.ac.uk/humanresources/bangorbenefits/faqupas.php.en,0
https://my.bangor.ac.uk/humanresources/bangorbenefits/changes.php.en,0
https://my.bangor.ac.uk/humanresources/relocation/wales.php.en,0
https://my.bangor.ac.uk/humanresources/occupationalhealth/accesstowork.php.en,0
https://my.bangor.ac.uk/humanresources/atoz.php.en,0
https://my.bangor.ac.uk/humanresources/staffsurvey2022/staff-survey.php.en,0
https://my.bangor.ac.uk/humanresources/bangorbenefits/wha-healthcare.php.en,0
https://my.bangor.ac.uk/humanresources/occupationalhealth/mgrinfo.php.en,0
https://my.bangor.ac.uk/humanresources/bangorbenefits/pensionsmain.php.en,0
https://my.bangor.ac.uk/humanresources/eap/index.php.en,0
https://my.bangor.ac.uk/humanresources/contacts.php.en,0
https://my.bangor.ac.uk/humanresources/relocation/family.php.en,0
https://my.bangor.ac.uk/humanresources/holidayshours.php.en,0
https://my.bangor.ac.uk/humanresources/links.php.en,0
https://my.bangor.ac.uk/humanresources/wam/index.php.en,0
https://my.bangor.ac.uk/humanresources/systems/systems.php.en,0
https://my.bangor.ac.uk/humanresources/systems/agresso.php.en,0
https://my.bangor.ac.uk/humanresources/relocation/services.php.en,0
https://my.bangor.ac.uk/humanresources/systems/contacts.php.en,0
https://my.bangor.ac.uk/humanresources/occupationalhealth/health-surveillance.php.en,0
https://my.bangor.ac.uk/humanresources/occupationalhealth/contact.php.en,0
https://my.bangor.ac.uk/humanresources/occupationalhealth/confidentiality.php.en,0
https://my.bangor.ac.uk/humanresources/relocation/maps.php.en,0
https://www.bangor.ac.uk/cy/iechyd-a-lles/newyddion/dathlu-diwrnod-rhyngwladol-y-menopos-yn-bangor-17eg-hydref-2025-cadwch-y-0,0
https://www.bangor.ac.uk/health-and-wellbeing/l.foxpritchard@bangor.ac.uk,0
https://www.bangor.ac.uk/health-and-wellbeing/n.nikolic@bangor.ac.uk,0
https://www.bangor.ac.uk/health-and-wellbeing/dewi.williams@bangor.ac.uk,0
https://www.bangor.ac.uk/health-and-wellbeing/v.barnett@bangor.ac.uk,0
https://www.bangor.ac.uk/cy/iechyd-a-lles/hyrwyddwyr-lles,0
https://www.bangor.ac.uk/cy/iechyd-a-lles/cwrdd-ar-tim,0
https://www.bangor.ac.uk/commercial-services/documents/Eat-drink-map-English.pdf,0
https://www.bangor.ac.uk/hss/wellness/food.php.en,0
https://www.bangor.ac.uk/commercial-services/yoyo.php.en,0
https://www.bangor.ac.uk/cy/iechyd-a-lles/bwyd-iach-a-chynaliadwy,0
https://www.bangor.ac.uk/sustainability/food-and-drink-team.php.en,0
https://www.bangor.ac.uk/campus-life/documents/cookbook-en.pdf,0
https://www.bangor.ac.uk/cy/iechyd-a-lles/digwyddiadau,0
https://www.bangor.ac.uk/cy/iechyd-a-lles/strategaeth-2030,0
https://www.bangor.ac.uk/cy/iechyd-a-lles/cymhellwyr-lles-staff,0
https://www.bangor.ac.uk/health-and-wellbeing/news/08-24-blood-pressure-checks-for-staff,0
https://www.bangor.ac.uk/health-and-wellbeing/news/05-24-national-recognition-for-university-staff-menopause-support,0
https://www.bangor.ac.uk/health-and-wellbeing/news/upcoming-i-act-mental-health-training-sessions,0
https://www.bangor.ac.uk/health-and-wellbeing/news/04-24-invitations-for-staff-wellbeing-week-feedback,0
https://www.bangor.ac.uk/health-and-wellbeing/news/08-24-staff-wellbeing-book-club-september-meeting,0
https://www.bangor.ac.uk/health-and-wellbeing/news/07-24-cycle-to-work-day-1st-august-2024-staff-cycling-survey,0
https://www.bangor.ac.uk/health-and-wellbeing/news?page=1,0
https://www.bangor.ac.uk/health-and-wellbeing/news/rcs-wellbeing-sessions,0
https://www.bangor.ac.uk/health-and-wellbeing/news?page=2,0
https://www.bangor.ac.uk/cy/iechyd-a-lles/newyddion,0
https://www.bangor.ac.uk/health-and-wellbeing/news?page=0,0
https://www.bangor.ac.uk/health-and-wellbeing/news/10-24-upcoming-i-act-training-sessions-for-managers,0
https://www.bangor.ac.uk/health-and-wellbeing/sustainable-environment,0
https://www.bangor.ac.uk/health-and-wellbeing/financial-wellbeing,0
https://www.bangor.ac.uk/cy/iechyd-a-lles/materion-iechyd-cyfoes,0
https://www.bangor.ac.uk/health-and-wellbeing/substance-use-and-misuse,0
https://www.bangor.ac.uk/health-and-wellbeing/the-menopause,0
https://www.bangor.ac.uk/health-and-wellbeing/personal-and-sexual-health-and-relationships,0
https://my.bangor.ac.uk/humanresources/sorted-app.php.en,0
https://www.bangor.ac.uk/cy/health-and-wellbeing/ap-sorted-ar-gyfer-lles-meddyliol,0
https://www.bangor.ac.uk/cy/iechyd-a-lles/lles-meddwl-ac-emosiynol,0
https://www.bangor.ac.uk/cy/iechyd-a-lles/gweithgarwch-corfforol,0
https://www.bangor.ac.uk/cy/iechyd-a-lles/newyddion/sesiynau-lles-ariannol,0
https://www.bangor.ac.uk/cy/iechyd-a-lles/taflen-wybodaeth,0
https://my.bangor.ac.uk/humanresources/stressmanagement2.php.cy,0
https://www.bangor.ac.uk/cy/iechyd-a-lles/rhwydwaith-niwroamrywiol,0
https://library.bangor.ac.uk/discovery/collectionDiscovery?vid=44WHELF_BANG%3A44WHELF_BANG_VU4&collectionId=81193280860002422&lang=cy,0
https://www.bangor.ac.uk/cy/iechyd-a-lles/newyddion/stress-awareness-2025,0
https://www.bangor.ac.uk/cy/iechyd-a-lles/newyddion/cwrs-atal-cwythu-plwc,0
https://my.bangor.ac.uk/humanresources/rise-articulate.php.cy,0
https://my.bangor.ac.uk/humanresources/occupationalhealth/index.php.cy,0
https://my.bangor.ac.uk/governance-and-compliance/documents/acceptable-use-regs.pdf,0
https://www.bangor.ac.uk/governance-and-compliance/policy-register/documents/Policy_Use_of_Social_Media_V2_approved_Oct_20.pdf,0
https://www.bangor.ac.uk/hss/wellness/pathwaystohealth.php.en,0
https://my.bangor.ac.uk/studentservices/mentalhealth/staff_supporting.php.en,0
https://www.bangor.ac.uk/humanresources/bangorbenefits/index.php.en,0
https://www.bangor.ac.uk/mindfulness/audio/index.php.en,0
https://my.bangor.ac.uk/inclusive-community/staff-only/index.php.en,0
https://my.bangor.ac.uk/humanresources/staffdevelopment/stressmanagement.php.en,0
https://www.bangor.ac.uk/hss/wellness/swimming.php.en,0
http://healthandwellbeing.bangor.ac.uk/mental-health-wellbeing-resources.php.en,0
https://my.bangor.ac.uk/hss/wellness/mind.php.en,0
https://my.bangor.ac.uk/brailsford/gym-memberships.php.en,0
https://www.bangor.ac.uk/sportbangor/classes,0
https://www.bangor.ac.uk/languages-literatures-and-linguistics/EveningClasses.php.en,0
https://www.bangor.ac.uk/studentservices/mentalhealth/documents/StudentMHEmergencyFlowchart.pdf,0
https://healthandwellbeing.bangor.ac.uk/physical-activity.php.en,0
https://www.bangor.ac.uk/music-and-media/about/choirs_orchestras.php.en,0
https://www.bangor.ac.uk/studentservices/guide/building/main-arts,0
https://www.bangor.ac.uk/canolfanbedwyr/cyrsiau_staff.php.en,0
https://my.bangor.ac.uk/humanresources/staffdevelopment/training.php.en?session=848,0
https://www.bangor.ac.uk/brailsford/campus-sport.php.en?fbclid=IwAR18qeyEHfXRKVTM38pvDGZGo-RwOF0jiP900RDXsUQ2TRd3DQSY5ANTy70,0
https://healthandwellbeing.bangor.ac.uk/accessories-safe-cycling.php.en,0
https://healthandwellbeing.bangor.ac.uk/cycle-groups.php.en,0
https://healthandwellbeing.bangor.ac.uk/bike-maintenance.php.en,0
https://healthandwellbeing.bangor.ac.uk/bike-shops.php.en,0
https://healthandwellbeing.bangor.ac.uk/bike-routes.php.en,0
https://healthandwellbeing.bangor.ac.uk/electric-bikes.php.en,0
https://www.bangor.ac.uk/brailsford/brailsfordindoor.php.en,0
https://www.bangor.ac.uk/campus-life/documents/campus-life-calendar-en.pdf,0
https://www.bangor.ac.uk/cy/diwrnodagored/cofrestru-ar-gyfer-diwrnod-agored,0
https://www.bangor.ac.uk/cy/bywyd-myfyrwyr/lleoliad,0
https://www.bangor.ac.uk/health-sciences/wrexham/index.php.cy,0
https://www.bangor.ac.uk/cy/international/int-exchange-countries/intl_exchange_partners,0
https://www.bangor.ac.uk/languages-literatures-and-linguistics/elcos/index.php.en,0
https://www.bangor.ac.uk/cy/courses?level_of_study=All,0
https://www.bangor.ac.uk/cy/going-to-university,0
https://www.bangor.ac.uk/cy/canolfan-bedwyr/ccc,0
https://www.bangor.ac.uk/cy/llety/neuaddau/jmj,0
https://www.bangor.ac.uk/cymorthcymraeg/swyddi_adrannau.php.en,0
https://www.bangor.ac.uk/cymorthcymraeg/gwersi_new.php.en,0
https://www.bangor.ac.uk/cymorthcymraeg/blackboard.php.en,0
https://www.bangor.ac.uk/cymorthcymraeg/geirfa_new.php.en,0
https://www.bangor.ac.uk/cymorthcymraeg/staff.php.en,0
https://www.bangor.ac.uk/cymorthcymraeg/gwersi_myfyrwyr.php.en,0
https://www.bangor.ac.uk/cymorthcymraeg/cymraeg_cyfrifiadur_new.php.en,0
https://www.bangor.ac.uk/cymorthcymraeg/digwyddiadau_new.php.en,0
https://www.bangor.ac.uk/cymorthcymraeg/ardal_leol.php.en,0
https://www.bangor.ac.uk/cymorthcymraeg/geirfa_myfyrwyr.php.cy,0
https://www.bangor.ac.uk/cymorthcymraeg/index.php.en,0
https://www.bangor.ac.uk/cymorthcymraeg/dysgu.php.en,0
https://www.bangor.ac.uk/cymorthcymraeg/dolenni_staff.php.en,0
https://www.bangor.ac.uk/cymorthcymraeg/cymdeithasu.php.en,0
https://www.bangor.ac.uk/cymorthcymraeg/dyddiadau_rhifau.php.en,0
https://www.bangor.ac.uk/cymorthcymraeg/cyfarch_new.php.en,0
https://www.bangor.ac.uk/cymorthcymraeg/cysylltu.php.en,0
https://www.bangor.ac.uk/cymorthcymraeg/myfyrwyr.php.en,0
https://www.bangor.ac.uk/node/49706,0
https://www.bangor.ac.uk/governance-and-compliance/freedomofinformation/documents/Freedom%20of%20Information%20Act%20Policy%20v4.1%20July%202021.pdf,0
https://www.bangor.ac.uk/governance-and-compliance/freedomofinformation/FrequentlyAskedQuestions.php.en,0
https://www.bangor.ac.uk/governance-and-compliance/freedomofinformation/FOIwhollyowned.php.en,0
https://www.bangor.ac.uk/governance-and-compliance/freedomofinformation/documents/freedom-of-information-act-en.pdf,0
https://www.bangor.ac.uk/governance-and-compliance/freedomofinformation/FurtherGuidanceFOI.php.en,0
https://www.bangor.ac.uk/governance-and-compliance/freedomofinformation/index.php.cy,0
https://www.bangor.ac.uk/governance-and-compliance/dataprotection/DPRequest.php.en,0
https://www.bangor.ac.uk/governance-and-compliance/freedomofinformation/whatis.php.en,0
https://www.bangor.ac.uk/governance-and-compliance/freedomofinformation/FOIPS.php.en,0
https://www.bangor.ac.uk/governance-and-compliance/freedomofinformation/BUFOIClause.php,0
https://www.bangor.ac.uk/governance-and-compliance/dataprotection/index.php.cy,0
https://www.bangor.ac.uk/governance-and-compliance/dataprotection/DestConfData.php.en,0
https://www.bangor.ac.uk/itservices/disposal/index.php.en,0
https://www.bangor.ac.uk/governance-and-compliance/dataprotection/HESA.php.en,0
https://www.bangor.ac.uk/governance-and-compliance/dataprotection/documents/council-privacy-notice.pdf,0
https://www.bangor.ac.uk/skills-and-employability/graduate-outcomes.php.en,0
https://www.bangor.ac.uk/skills-and-employability/new-students.php.cy,0
https://www.bangor.ac.uk/skills-and-employability/current-students.php.en,0
https://www.bangor.ac.uk/cy/alumni/digwyddiad-terfynol-built-2024,0
https://research.bangor.ac.uk/en/activities/7d58e74e-c0f5-4ce6-84aa-df21ce4c6a8b,0
https://research.bangor.ac.uk/en/publications/281dfa45-91e7-40f9-b662-32a777666286,0
https://research.bangor.ac.uk/en/activities/469fed2c-64cd-4044-bd24-4cc3f40d5ed2,0
https://research.bangor.ac.uk/en/publications/1a32d91c-4643-44dd-81d1-9723c8c1423a,0
https://research.bangor.ac.uk/en/activities/c1f9f886-1687-4b4a-8bc9-1b5744f4fdf5,0
https://research.bangor.ac.uk/en/activities/7b1e04ea-9e9e-40d6-8887-f50a14a93c42,0
https://research.bangor.ac.uk/en/activities/7af71893-d90f-405e-aba2-fa475d4def69,0
https://research.bangor.ac.uk/en/activities/f8a2550d-b718-40e1-a02d-a87dd7d12ca8,0
https://research.bangor.ac.uk/en/activities/d58da6fc-5d91-4168-b23a-852ebb6975e6,0
https://research.bangor.ac.uk/en/activities/a7b4b3a9-e736-4f7e-af35-6ef1c672eed4,0
https://research.bangor.ac.uk/en/publications/8744f03b-d387-456d-8acd-b5a079d792ac,0
https://research.bangor.ac.uk/en/publications/6776b41a-24b5-4ac1-b207-74bcc6584eeb,0
https://research.bangor.ac.uk/en/publications/4e8ef001-ef0d-49fa-b4d7-9c8e80667ee5,0
https://research.bangor.ac.uk/en/activities/e732d192-f9d4-4893-b1fc-33809838a57c,0
https://www.bangor.ac.uk/cyrsiau/olraddedig/y-celtiaid-ma-pgdip,0
https://research.bangor.ac.uk/en/activities/f9b804bc-4e01-48ca-8639-692e512fc286,0
https://research.bangor.ac.uk/en/activities/c931dd9c-69c3-4670-963e-a8fa8ab2c1ca,0
https://research.bangor.ac.uk/en/activities/08c6c095-4aee-4e68-90a1-d8186d13089b,0
https://research.bangor.ac.uk/en/publications/02710eca-7370-4f45-999c-1840ce2b79c3,0
https://www.bangor.ac.uk/courses/undergrad/modules/CXC-3202%20,0
https://research.bangor.ac.uk/en/activities/b918c5ac-1652-4621-a3fd-270ba9f5bd30,0
https://research.bangor.ac.uk/en/publications/4a43452f-ac89-4b07-8916-0768cd08eba4,0
https://research.bangor.ac.uk/en/activities/140e3b52-85e6-4437-8039-f81edd69d3e4,0
https://research.bangor.ac.uk/en/activities/e74337c9-32f0-420e-bc59-6376bea8f522,0
https://research.bangor.ac.uk/en/activities/227792f1-ab22-4e66-a96b-ac8df03bf13c,0
https://research.bangor.ac.uk/en/activities/b46319c9-5c5d-44b7-9091-6799686a131c,0
https://research.bangor.ac.uk/en/publications/37ba1c9b-74d0-412a-91a2-60f3a01ea673,0
https://research.bangor.ac.uk/en/publications/b465f69a-c9d4-4ffd-aba9-dfd56ca78396,0
https://research.bangor.ac.uk/en/activities/506f5481-856f-4cbb-9c06-3b537fc0d984,0
https://research.bangor.ac.uk/en/publications/e44c4794-b221-424b-9a35-03bbd6a5ddc9,0
https://research.bangor.ac.uk/en/activities/f0b56130-9bba-476f-b5eb-3e0f5128467c,0
https://research.bangor.ac.uk/en/publications/72779997-1fd9-48b3-8d84-6138ec155129,0
https://research.bangor.ac.uk/en/activities/a2937482-275a-4963-9084-78c2b7bdc3c3,0
https://research.bangor.ac.uk/en/activities/0de112fe-8758-4191-95d4-9aaee44a05c2,0
https://research.bangor.ac.uk/en/activities/bbfe1fa3-b008-4d02-bb50-daf25306914b,0
https://research.bangor.ac.uk/en/activities/e5a6999b-3641-4634-acb4-d62617233b24,0
https://research.bangor.ac.uk/en/activities/594a8032-bed3-4799-a2a5-d83192a266ca,0
https://www.bangor.ac.uk/staff/sacl/aled-llion-jones-081756/cy,0
https://research.bangor.ac.uk/en/publications/b2809329-f5ae-4fa2-b84e-812f95b39d57,0
https://research.bangor.ac.uk/en/activities/d1331b49-b37a-4ba6-89df-0eb79b2dcb3c,0
https://research.bangor.ac.uk/en/publications/877f5032-a736-4f8b-9c2d-608737695fc5,0
https://research.bangor.ac.uk/en/activities/100ed20d-7768-40ad-b237-e5473cb71972,0
https://www.bangor.ac.uk/events/140-years-of-legends-at-bangor-university-arthurian-and-celtic-collections-scholarship-and,0
https://research.bangor.ac.uk/en/activities/1e5317cb-4953-4de9-92ee-9953c94d1f66,0
https://research.bangor.ac.uk/en/activities/d3623c48-b6eb-4a31-89e9-1bfd84428fc6,0
https://research.bangor.ac.uk/en/activities/15417901-ed5f-458b-9297-a8faa719b3f6,0
https://research.bangor.ac.uk/en/publications/59737024-bc27-4d19-ab12-39b3692c9f19,0
https://research.bangor.ac.uk/en/activities/5b1c2825-2f7a-46fb-a705-3df0272ef0d8,0
https://research.bangor.ac.uk/en/activities/5f10bfd9-4809-4ceb-ac04-bf46975f3ed1,0
https://research.bangor.ac.uk/en/activities/08aa852a-a3d2-4853-89a1-d8f9687e07f5,0
https://research.bangor.ac.uk/en/activities/0402db42-3776-4f42-a1cc-d91551a7fb1d,0
https://research.bangor.ac.uk/en/publications/0093a40c-263c-4d66-bd7d-07e994568408,0
https://research.bangor.ac.uk/en/activities/91149fb2-66c3-47fc-9a3c-1e1087f0b40c,0
https://research.bangor.ac.uk/en/publications/42836500-b147-4d60-a23b-776ebebf07ef,0
https://research.bangor.ac.uk/en/activities/9ddf47da-e552-4b12-a6ed-780a1b3d2e8c,0
https://research.bangor.ac.uk/en/activities/902a154e-7353-4adb-9f34-53760e6aec17,0
https://research.bangor.ac.uk/en/publications/e7c0229f-31a3-4c9c-b2a6-5db2f978ef87,0
https://research.bangor.ac.uk/en/activities/5b75a4b2-1250-462f-91d9-2c4e51663760,0
https://research.bangor.ac.uk/en/publications/28285937-c5a9-4a60-b4f1-2f91f8032914,0
https://research.bangor.ac.uk/en/publications/3b6a2d61-af9a-4109-9cd3-57529f58d029,0
https://research.bangor.ac.uk/en/publications/43d0d0de-b476-4472-9a1f-f1dfd76c7a4a,0
https://research.bangor.ac.uk/en/activities/809f979d-1432-4938-b03d-ebf5d0beb7f0,0
https://research.bangor.ac.uk/en/activities/a130c79c-977f-4c01-bc27-a39d29cdabca,0
https://research.bangor.ac.uk/en/publications/77bc3661-5519-473f-9a12-fe7d64e52014,0
https://research.bangor.ac.uk/en/publications/4ddf6c46-e673-452c-8138-e1e40ccd5afe,0
https://research.bangor.ac.uk/en/activities/5eab620f-836f-43b0-9b17-dfef9fad25a7,0
https://research.bangor.ac.uk/en/publications/0b4c9fe2-800c-455b-b04a-cc122ba8082c,0
https://research.bangor.ac.uk/en/activities/39d85ce5-ecd5-4a87-acc8-df6d3caae80a,0
https://research.bangor.ac.uk/en/publications/7b4cc5b4-3092-405e-ad6e-810e93753190,0
https://research.bangor.ac.uk/en/activities/63ac5ee8-7a93-4edd-b649-a52280822022,0
https://research.bangor.ac.uk/en/persons/181fb834-28cd-4d02-a575-b3af2d99b513,0
https://research.bangor.ac.uk/en/activities/84dd8f06-4c20-46ad-bd16-270b56c009db,0
https://research.bangor.ac.uk/en/activities/983fe8cb-aab1-4eb0-9994-4e40676d34d4,0
https://research.bangor.ac.uk/en/activities/5c52a970-e1c8-4e02-a9b0-c7c255ae1527,0
https://research.bangor.ac.uk/en/activities/509ebcb5-5282-4aba-bfae-13b24e4b4622,0
https://research.bangor.ac.uk/en/activities/41b9a1b6-4dff-41e1-bd9c-e3ffe634af73,0
https://research.bangor.ac.uk/en/activities/a3773881-ce88-4aba-b428-d1328c0827c3,0
https://research.bangor.ac.uk/en/publications/9938fc83-a044-4d74-91b7-bdcc56ea583f,0
https://research.bangor.ac.uk/en/publications/7817f169-15b3-4dd2-9079-9267239d4127,0
https://research.bangor.ac.uk/en/activities/e71fa242-fc47-4c57-b1e4-b873ed35db33,0
https://research.bangor.ac.uk/en/activities/438282a8-4ed7-45c6-b0f4-c97492fc6a90,0
https://www.bangor.ac.uk/courses/postgraduate/y-celtiaid-ma-pgdip,0
https://research.bangor.ac.uk/en/publications/606c9a5c-d34c-4d77-8728-dc36471de939,0
https://research.bangor.ac.uk/en/activities/c6f7e394-83a1-43a8-991d-d46c18a678f9,0
https://research.bangor.ac.uk/en/activities/60649177-ec9e-4236-848e-dfe59246b2b4,0
https://research.bangor.ac.uk/en/activities/5bc82789-fd73-42fe-a93d-6d2978858a39,0
https://research.bangor.ac.uk/en/activities/b1ea4e17-a263-4f8b-a392-86f7651bef9e,0
https://research.bangor.ac.uk/en/activities/99df47b3-2cf6-4015-a298-4e079629829b,0
https://research.bangor.ac.uk/en/activities/74dc2a7f-57b6-4b20-9a70-f707512bddc2,0
https://research.bangor.ac.uk/en/publications/0c0d103b-a344-4b94-afe5-f824ca7a3633,0
https://research.bangor.ac.uk/en/activities/2a1445d5-c8ed-4db3-9e65-d2683115080a,0
https://research.bangor.ac.uk/en/activities/9675c156-304f-47bd-b440-31ce8ac600ef,0
https://research.bangor.ac.uk/en/activities/039cea8b-2078-4f86-b35e-b9c18d72ccb8,0
https://research.bangor.ac.uk/en/publications/abcb44ca-de1a-481e-bb02-4313dcc2888c,0
https://www.bangor.ac.uk/cy/canolfan-astudiaethau-arthuraidd,0
https://www.bangor.ac.uk/welshlibrary/arthurian_collection.php.en,0
https://www.bangor.ac.uk/staff/arts-culture-language/raluca-radulescu-010323/en,0
http://arthur.bangor.ac.uk/exhibition/,0
https://www.bangor.ac.uk/english/,0
https://www.bangor.ac.uk/staff/arts-culture-language/michael-durrant-012568/en,0
https://www.bangor.ac.uk/staff/arts-culture-language/carol-tully-008584/en,0
https://www.bangor.ac.uk/news/archive/bangor-university-hosts-medieval-fun-day-at-caernarfon-castle-27868,0
https://www.bangor.ac.uk/news/bangor-expert-contributes-to-royal-mail-arthurian-stamp-launch,0
https://www.bangor.ac.uk/staff/arts-culture-language/andrew-webb-083085/en,0
https://www.bangor.ac.uk/staff/history-law-social-sciences/euryn-roberts-016780/en,0
https://www.bangor.ac.uk/staff/arts-culture-language/peter-field-015374/en,0
https://www.bangor.ac.uk/arts-culture-language/cymraeg,0
https://www.bangor.ac.uk/archives/,0
https://www.bangor.ac.uk/staff/history-law-social-sciences/nia-jones-071185/en,0
https://www.bangor.ac.uk/centre-for-arthurian-studies/blog,0
https://www.bangor.ac.uk/staff/arts-culture-language/jerry-hunter-009101/en,0
https://www.bangor.ac.uk/courses/postgraduate-taught/arthurian-studies-ma,0
https://www.bangor.ac.uk/centre-for-arthurian-studies/events/the-arthurian-legends-in-silent-film,0
https://www.bangor.ac.uk/news/house-of-dragons-an-introduction-to-the-stories-and-british-history-that-inspired-the-beasts,0
https://www.bangor.ac.uk/centre-for-arthurian-studies/events/gawain-in-medieval-french-literature,0
https://www.bangor.ac.uk/library/help/ShanRobinson.php.en,0
https://www.bangor.ac.uk/staff/arts-culture-language/aled-llion-jones-081756/en,0
https://www.bangor.ac.uk/staff/arts-culture-language/sue-niebrzydowski-008060/en,0
https://www.bangor.ac.uk/staff/arts-culture-language/andrew-hiscock-007174/en,0
https://www.bangor.ac.uk/staff/arts-culture-language/peredur-lynch-008238/en,0
http://arthur.bangor.ac.uk/bibliographies/,0
http://quest.bangor.ac.uk/index.php.en,0
https://research.bangor.ac.uk/en/activities/9e3a6b39-31d2-4b7e-8965-4a5c09fce2c8,0
https://research.bangor.ac.uk/en/publications/b870ff97-7be9-4022-ba27-2cf4b450266d,0
https://research.bangor.ac.uk/en/activities/b546c38d-835c-426a-a896-0d9cbbd0d430,0
https://research.bangor.ac.uk/en/activities/e3c19f7c-104a-4a83-a613-4768ede81c86,0
https://research.bangor.ac.uk/en/publications/e61a105a-4f60-454a-9b1b-0d0498c69d43,0
https://research.bangor.ac.uk/en/publications/304ca95a-2b81-4d8b-94f6-3d70eac11dcf,0
https://research.bangor.ac.uk/en/publications/0fc44d32-cab1-4dcd-8aa8-ba8334a9183f,0
https://research.bangor.ac.uk/en/publications/46368db0-e4d5-4db2-8612-8bc600b20614,0
https://research.bangor.ac.uk/portal/en/researchprojects/score-erc-preparation-support(026b4168-e505-44f3-83bd-00965078adb5).html,0
https://research.bangor.ac.uk/portal/en/researchprojects/ba-conference(5c9557a4-3fd2-4c0c-ad7a-1dd9389cb3e2).html,0
https://research.bangor.ac.uk/en/publications/3d29be75-6a8b-4d64-8d27-6c75ed1c92ba,0
https://research.bangor.ac.uk/en/publications/bb2f2ab2-b081-47da-8d79-603cae906893,0
https://research.bangor.ac.uk/en/publications/049a50cf-0058-441e-a8b7-9f19de6f7625,0
https://research.bangor.ac.uk/en/publications/c08b3986-c062-4752-91e2-f5932edeece9,0
https://research.bangor.ac.uk/en/publications/3e99d2ad-6be8-45c7-a292-52d4959e3885,0
https://research.bangor.ac.uk/en/activities/b49212a5-00e9-4c31-9244-27a1d178ee54,0
https://research.bangor.ac.uk/en/activities/86ab454c-6dbc-4b51-b28a-26656ae1ca85,0
https://research.bangor.ac.uk/en/activities/61ad3d00-9341-4e24-bca1-8c64a9bb8cc9,0
https://research.bangor.ac.uk/en/publications/fdf03e4d-97bc-4bab-9071-d67833bbefbb,0
https://research.bangor.ac.uk/en/publications/04fbdc24-e7d6-4683-8d4c-a827a45b7681,0
https://www.bangor.ac.uk/english/staff/arthur.bangor.ac.uk,0
https://research.bangor.ac.uk/en/publications/f29332ba-a6f7-4b1c-8092-9c6a4386746b,0
https://research.bangor.ac.uk/en/activities/e02ef09e-1a4e-412b-ab5d-cbd1d4ed1dd1,0
https://research.bangor.ac.uk/en/publications/f263a95e-6f9e-49d9-a73a-383c908c3ee4,0
https://research.bangor.ac.uk/en/activities/503fa0ed-edbe-4416-8033-8fe7d1691904,0
https://research.bangor.ac.uk/en/publications/f340ebf3-3a44-4aca-8b6b-b454bcac5e34,0
https://research.bangor.ac.uk/en/publications/1143ba8a-34a5-4443-b9d6-38d77a12d83e,0
https://research.bangor.ac.uk/en/activities/48c76b72-4a47-4a43-b80f-f4b658db0172,0
https://research.bangor.ac.uk/en/publications/73935764-4e25-4c10-ac09-5fb997b02ee8,0
https://research.bangor.ac.uk/portal/en/researchprojects/global-wales-partnership-with-rossell-hope-robbins-library-and-rochester-university(25385e55-9cdf-4592-8b19-66755c71e0fe).html,0
https://research.bangor.ac.uk/en/publications/3b52bbde-839f-4be0-b1de-7ba9df5b0cbc,0
https://research.bangor.ac.uk/en/activities/e27b5043-df13-4dc1-9613-8c0eb3c1c094,0
https://research.bangor.ac.uk/en/activities/1c7d07ce-bc77-4a24-8108-ff6fc75e1e9f,0
https://research.bangor.ac.uk/en/publications/124b0391-a8e2-4e15-801a-0fc6afbb75ff,0
https://research.bangor.ac.uk/en/publications/316b8032-0a89-4f53-8ba1-d9d0eceeba90,0
https://research.bangor.ac.uk/en/publications/4ed4f0fd-ab46-4dff-b7ec-12dc20377ece,0
https://research.bangor.ac.uk/en/activities/c290dffd-f7a1-48a1-a774-801b43584cbf,0
https://research.bangor.ac.uk/portal/en/researchprojects/score-application-making-cultural-memory(f5b2ddba-2933-4809-be0d-0296afe198f8).html,0
https://research.bangor.ac.uk/en/publications/cf6b5941-ced6-4f8b-9356-97c3250287a5,0
https://research.bangor.ac.uk/en/publications/ad95de8d-0f5a-43c5-8b30-8bb6a96121d2,0
https://www.bangor.ac.uk/english/news/king-arthur-fun-day-23116,0
https://research.bangor.ac.uk/en/activities/fed264f3-7b01-4c50-9aea-1d2a9af47849,0
https://research.bangor.ac.uk/en/activities/2bd5d6b2-7059-4b48-a687-300b1e457938,0
https://research.bangor.ac.uk/en/activities/ece52ffe-a488-4cc7-8eb1-e1a539f914a2,0
https://research.bangor.ac.uk/en/publications/07fac175-525a-464b-94c6-36383e6c2569,0
https://research.bangor.ac.uk/en/publications/de7d9109-63cc-4597-ba1c-d144ea88c723,0
https://research.bangor.ac.uk/en/activities/35f9a290-1882-4fc4-af6c-5d617086725c,0
https://research.bangor.ac.uk/en/activities/56628923-c605-4a34-a699-b81a8033f6e2,0
https://research.bangor.ac.uk/en/activities/9bf5fd99-117b-4f34-a29a-ad56bb1efed0,0
https://research.bangor.ac.uk/en/activities/d47e84f2-8712-482b-ba63-bac42a3b99ec,0
https://research.bangor.ac.uk/en/publications/286cd03a-e693-4552-abc0-83839994a7c9,0
https://research.bangor.ac.uk/en/activities/9acb7376-a656-4228-9f94-cce8e9db7b7c,0
https://research.bangor.ac.uk/en/activities/efc3378a-d148-40fa-8908-b402c92bca34,0
https://research.bangor.ac.uk/en/publications/e23ddbeb-632d-4e09-af9b-01723a10c86e,0
https://research.bangor.ac.uk/en/publications/f2823f73-68ba-4cb9-90ca-42fc2537684a,0
https://research.bangor.ac.uk/en/activities/e11f58be-53a8-4e24-87cf-d642eda49469,0
https://research.bangor.ac.uk/en/publications/1bb9d757-73f1-421b-b028-85ddb650de13,0
https://research.bangor.ac.uk/en/publications/5f64ff9a-7d39-4129-b1bc-93ef07dc3f0a,0
https://research.bangor.ac.uk/en/activities/3a9f6c79-0f64-4815-91b7-50cbfdb863da,0
https://research.bangor.ac.uk/en/activities/0ba90362-b990-4897-abe2-cd14bdbebd6f,0
https://research.bangor.ac.uk/en/publications/204b48a7-d5a1-42d2-8212-185fcf8c6e5d,0
https://research.bangor.ac.uk/en/activities/bc62fdb7-64a2-4345-a34d-b509882ac898,0
https://research.bangor.ac.uk/en/activities/bf08d0e6-e44f-4306-ac35-853a8691da09,0
https://research.bangor.ac.uk/en/publications/ccd23364-e494-4ef9-a27c-011f4d698e8b,0
https://research.bangor.ac.uk/en/activities/721cae25-6735-4e5b-a6b8-22d963231d48,0
https://research.bangor.ac.uk/en/persons/053055f2-3a95-4c93-aa2a-8b6e3414aa4e,0
https://research.bangor.ac.uk/en/publications/8221c29d-44d5-4029-9f23-6ee73bdb0a11,0
https://research.bangor.ac.uk/en/activities/575daf90-a9e8-4d53-a4e2-2bb1b774c9df,0
https://research.bangor.ac.uk/en/activities/691e92d5-4b62-4a4a-8e54-8b5046521e28,0
https://research.bangor.ac.uk/en/publications/5d68ace4-d41f-450f-9fb3-df6f8ab12b35,0
https://research.bangor.ac.uk/en/publications/f32aa57e-f08d-496a-863e-90a794e01775,0
https://research.bangor.ac.uk/en/publications/18c4b3cd-f50b-488f-815b-763c4dff226a,0
https://research.bangor.ac.uk/en/publications/074a8875-1476-4b6d-9bbd-6b9856ad3b88,0
https://research.bangor.ac.uk/en/publications/7b78ddc9-fda4-463a-a519-fb0c4166aa1b,0
https://research.bangor.ac.uk/en/activities/6b314ab3-bbcb-40a4-9167-3ccb333a655e,0
https://research.bangor.ac.uk/en/activities/e785b478-aed4-4d7f-8993-a653280a6bb8,0
https://research.bangor.ac.uk/en/activities/d758ae7e-ca19-49f2-a128-f22f71ee55ef,0
https://research.bangor.ac.uk/en/publications/d6431414-5237-46d1-ac6c-eddec3a34787,0
https://research.bangor.ac.uk/en/activities/6ad980b7-d4d3-4fd7-ab55-41aa75ceb782,0
https://research.bangor.ac.uk/en/publications/c06c4645-3cc4-4caa-975d-2554a83f3229,0
https://research.bangor.ac.uk/en/activities/73a57160-5f88-4b41-9b18-718407d7953a,0
https://research.bangor.ac.uk/en/publications/ab03d653-8aa8-4bfc-acb4-54725337e679,0
https://www.bangor.ac.uk/news/latest/bangor-university-hosts-medieval-fun-day-at-caernarfon-castle-27868,0
https://research.bangor.ac.uk/en/publications/b4e630db-f9c8-41a8-a411-8613bab459c1,0
https://research.bangor.ac.uk/en/publications/82675416-a63c-48d4-95e6-c6be702f8f2c,0
https://research.bangor.ac.uk/portal/en/researchprojects/spiritual-journeys-through-political-landscapes(e1a31af5-8b1c-4c5e-9e58-88e083193503).html,0
https://research.bangor.ac.uk/en/publications/5ba2c735-4933-464a-b497-1b52eeb52fcd,0
https://research.bangor.ac.uk/en/activities/1482990c-fa75-4107-9dca-63a54dc02312,0
https://research.bangor.ac.uk/en/activities/ef2e7d97-4fa4-4121-a777-7365ec5e0eb2,0
https://research.bangor.ac.uk/en/publications/e40535e4-06fe-4e4d-aac3-73a62c43fcf7,0
https://research.bangor.ac.uk/portal/en/researchprojects/european-arthurs-medieval-to-modern(41919442-2366-4c50-b98c-a5668eca6093).html,0
https://research.bangor.ac.uk/en/publications/4665e921-6877-42df-8116-2689c575b6de,0
https://research.bangor.ac.uk/en/publications/2ad529e9-c7bb-4e24-9792-6d91ab614722,0
https://research.bangor.ac.uk/en/activities/06206c88-6bae-481d-937e-42e04e0c6d43,0
https://research.bangor.ac.uk/en/publications/020b9ecb-b32b-4a1b-b245-69cc1add121d,0
https://research.bangor.ac.uk/en/publications/2c07bfa6-7441-4edd-9a78-2b8ada25970f,0
https://research.bangor.ac.uk/en/activities/870bacd3-cff9-4037-83b0-340a3232081f,0
https://www.bangor.ac.uk/staff/sacl/raluca-radulescu-010323/cy,0
https://research.bangor.ac.uk/en/publications/482dc68d-5b7e-45ce-87e1-448a98cb7936,0
https://research.bangor.ac.uk/en/publications/14bd3a88-8933-4714-8e79-94e940efa5db,0
https://research.bangor.ac.uk/en/publications/c93c94d9-e86e-45f1-a7c4-9b1265637a68,0
https://www.bangor.ac.uk/archives/ArthurianCollection.php.en,0
https://www.bangor.ac.uk/governance-and-compliance/RMNonPerm.php.en,0
https://www.bangor.ac.uk/governance-and-compliance/records-management.php.cy,0
https://www.bangor.ac.uk/governance-and-compliance/UniRetSched.php.en,0
https://www.bangor.ac.uk/governance-and-compliance/UniRC.php.en,0
https://www.bangor.ac.uk/governance-and-compliance/RMFAQs.php.en,0
https://www.bangor.ac.uk/governance-and-compliance/EIR.php.cy,0
https://www.bangor.ac.uk/courses/postgraduate-modules/N4AK,0
https://www.bangor.ac.uk/cy/courses/postgraduate-taught/cyfrifeg-a-bancio-msc,0
https://www.bangor.ac.uk/courses/postgraduate-taught/pgce-secondary-modern-languages-welsh-medium,0
https://www.bangor.ac.uk/courses/postgraduate-taught/pgce-secondary-welsh,0
https://www.bangor.ac.uk/courses/postgraduate-taught/pgce-secondary-history-welsh-medium,0
https://www.bangor.ac.uk/courses/postgraduate-taught/pgce-secondary-mathematics-welsh-medium,0
https://www.bangor.ac.uk/courses/postgraduate-taught/pgce-secondary-music-english-medium,0
https://www.bangor.ac.uk/courses/postgraduate-taught/pgce-secondary-modern-languages-english-medium,0
https://www.bangor.ac.uk/courses/postgraduate-taught/pgce-secondary-outdoor-activities-welsh-medium,0
https://www.bangor.ac.uk/courses/postgraduate-taught/pgce-secondary-physics-english-medium,0
https://www.bangor.ac.uk/courses/postgraduate-taught/pgce-secondary-physics-welsh-medium,0
https://www.bangor.ac.uk/courses/postgraduate-taught/pgce-secondary-mathematics-english-medium,0
https://www.bangor.ac.uk/courses/postgraduate-taught/pgce-secondary-music-welsh-medium,0
https://www.bangor.ac.uk/cy/courses?field_course_year_start_value=All&field_pgr_start_yr_multi_value=All&field_pgt_start_yr_multi_value=All&level_of_study=pgt_course&oth_course_study_location=All&oth_subject_area=All&page=6&pgr_course_type=All&pgr_subject_area=All&pgt_course_mode=All&pgt_course_type=All&pgt_subject_area=All&term=&ug_subject_area=All,0
https://www.bangor.ac.uk/courses/postgraduate-taught/pgce-secondary-religious-education-english-medium,0
https://www.bangor.ac.uk/courses/postgraduate-taught/physical-oceanography-msc,0
https://www.bangor.ac.uk/courses/postgraduate-taught/pgce-secondary-religious-education-welsh-medium,0
https://www.bangor.ac.uk/courses/postgraduate-taught/pgce-secondary-outdoor-activities-english-medium,0
https://www.bangor.ac.uk/courses?level_of_study=pgt_course&pgt_subject_area=1061,0
https://www.bangor.ac.uk/courses?level_of_study=pgt_course&pgt_subject_area=2041,0
https://www.bangor.ac.uk/courses/postgraduate-modules/L3BF,0
https://www.bangor.ac.uk/cy/courses/postgraduate-taught/gwaith-cymdeithasol-ma,0
https://www.bangor.ac.uk/sites/default/files/2025-02/q-and-a-ma-social-work.docx,0
https://www.bangor.ac.uk/courses/postgraduate-modules/C8EC,0
https://www.bangor.ac.uk/courses?level_of_study=pgt_course&pgt_subject_area=1146,0
https://www.bangor.ac.uk/cy/courses/postgraduate-taught/dadansoddi-ymddygiad-cymhwysol-msc,0
https://www.bangor.ac.uk/courses/postgraduate-taught/forestry-msc,0
https://www.bangor.ac.uk/courses/postgraduate-taught/language-acquisition-and-development-msc,0
https://www.bangor.ac.uk/courses/postgraduate-taught/linguistics-ma,0
https://www.bangor.ac.uk/cy/courses?field_course_year_start_value=All&field_pgr_start_yr_multi_value=All&field_pgt_start_yr_multi_value=All&level_of_study=pgt_course&oth_course_study_location=All&oth_subject_area=All&page=3&pgr_course_type=All&pgr_subject_area=All&pgt_course_mode=All&pgt_course_type=All&pgt_subject_area=All&term=&ug_subject_area=All,0
https://www.bangor.ac.uk/courses/postgraduate-taught/global-change-ecology-and-biodiversity-management-globe-msc,0
https://www.bangor.ac.uk/cy/courses/postgraduate-taught/nyrsio-oedolion-msc,0
https://www.bangor.ac.uk/courses?level_of_study=pgt_course&pgt_subject_area=2051,0
https://www.bangor.ac.uk/cy/courses/postgraduate-taught/ieithyddiaeth-gymhwysol-ar-gyfer-tefl-ma,0
https://www.bangor.ac.uk/courses/postgraduate-modules/Q1AX,0
https://www.bangor.ac.uk/courses/postgraduate-taught/english-literature-ma,0
https://www.bangor.ac.uk/cy/courses?field_course_year_start_value=All&field_pgr_start_yr_multi_value=All&field_pgt_start_yr_multi_value=All&level_of_study=pgt_course&oth_course_study_location=All&oth_subject_area=All&page=2&pgr_course_type=All&pgr_subject_area=All&pgt_course_mode=All&pgt_course_type=All&pgt_subject_area=All&term=&ug_subject_area=All,0
https://www.bangor.ac.uk/courses/postgraduate-taught/welsh-language-and-literature-ma,0
https://www.bangor.ac.uk/courses/postgraduate-taught/principles-of-clinical-neuropsychology-msc,0
https://www.bangor.ac.uk/courses/postgraduate-taught/psychological-research-msc,0
https://www.bangor.ac.uk/courses/postgraduate-taught/research-methodology-msc,0
https://www.bangor.ac.uk/courses/postgraduate-taught/psychology-msc,0
https://www.bangor.ac.uk/cy/courses?field_course_year_start_value=All&field_pgr_start_yr_multi_value=All&field_pgt_start_yr_multi_value=All&level_of_study=pgt_course&oth_course_study_location=All&oth_subject_area=All&page=7&pgr_course_type=All&pgr_subject_area=All&pgt_course_mode=All&pgt_course_type=All&pgt_subject_area=All&term=&ug_subject_area=All,0
https://www.bangor.ac.uk/courses/postgraduate-taught/wildlife-conservation-msc,0
https://www.bangor.ac.uk/courses/postgraduate-taught/the-celts-ma,0
https://www.bangor.ac.uk/courses/postgraduate-taught/public-health-and-health-promotion-3-years-part-time-msc,0
https://www.bangor.ac.uk/courses/postgraduate-modules/N4AJ,0
https://www.bangor.ac.uk/cy/courses/postgraduate-taught/cyfrifeg-msc,0
https://www.bangor.ac.uk/courses/postgraduate-taught/marine-top-predator-msc,0
https://www.bangor.ac.uk/courses/postgraduate-taught/medical-and-health-professions-education-ma,0
https://www.bangor.ac.uk/courses/postgraduate-taught/medical-and-health-professions-education-pgcert,0
https://www.bangor.ac.uk/courses/postgraduate-taught/marine-science-msc,0
https://www.bangor.ac.uk/cy/courses?field_course_year_start_value=All&field_pgr_start_yr_multi_value=All&field_pgt_start_yr_multi_value=All&level_of_study=pgt_course&oth_course_study_location=All&oth_subject_area=All&page=4&pgr_course_type=All&pgr_subject_area=All&pgt_course_mode=All&pgt_course_type=All&pgt_subject_area=All&term=&ug_subject_area=All,0
https://www.bangor.ac.uk/courses/postgraduate-modules/B7AX,0
https://www.bangor.ac.uk/cy/courses/postgraduate-taught/ymarfer-clinigol-uwch-msc,0
https://www.bangor.ac.uk/cy/courses/postgraduate-taught/cyfrifeg-a-chyllid-msc,0
https://www.bangor.ac.uk/bic/,0
http://www.bangor.ac.uk/international/english,0
https://www.bangor.ac.uk/bic/international-incorporated-masters.php.en,0
https://www.bangor.ac.uk/courses/postgraduate-modules/N4AG,0
https://www.bangor.ac.uk/cy/courses/postgraduate-taught/geowyddoniaeth-mor-gymhwysol-msc,0
https://www.bangor.ac.uk/courses?level_of_study=pgt_course&pgt_subject_area=1126,0
https://www.bangor.ac.uk/courses/postgraduate-modules/F7AT,0
https://www.bangor.ac.uk/cy/courses?field_course_year_start_value=All&field_pgr_start_yr_multi_value=All&field_pgt_start_yr_multi_value=All&level_of_study=pgt_course&oth_course_study_location=All&oth_subject_area=All&page=0&pgr_course_type=All&pgr_subject_area=All&pgt_course_mode=All&pgt_course_type=All&pgt_subject_area=All&term=&ug_subject_area=All,0
https://www.bangor.ac.uk/cy/courses/postgraduate-taught/plismona-uwch-msc,0
https://www.bangor.ac.uk/cy/courses/postgraduate-taught/amaethgoedwigaeth-a-diogelur-cyflenwad-bwyd-msc,0
https://www.bangor.ac.uk/courses/postgraduate-modules/D4BA,0
https://www.bangor.ac.uk/courses?level_of_study=pgt_course&pgt_subject_area=1111,0
https://www.bangor.ac.uk/cy/courses?field_course_year_start_value=All&field_pgr_start_yr_multi_value=All&field_pgt_start_yr_multi_value=All&level_of_study=pgt_course&oth_course_study_location=All&oth_subject_area=All&page=1&pgr_course_type=All&pgr_subject_area=All&pgt_course_mode=All&pgt_course_type=All&pgt_subject_area=All&term=&ug_subject_area=All,0
https://www.bangor.ac.uk/courses/postgraduate-taught/creative-writing-english-medium-ma,0
https://www.bangor.ac.uk/courses/postgraduate-taught/contraception-associated-health-pgcert,0
https://www.bangor.ac.uk/cy/courses/postgraduate-taught/iechyd-y-cyhoedd-a-hybu-iechyd-3-flynedd-rhan-amser-msc,0
https://www.bangor.ac.uk/cy/courses?field_course_year_start_value=All&field_pgr_start_yr_multi_value=All&field_pgt_start_yr_multi_value=All&level_of_study=pgt_course&oth_course_study_location=All&oth_subject_area=All&pgr_course_type=All&pgr_subject_area=All&pgt_course_mode=All&pgt_course_type=All&pgt_subject_area=All&term=&ug_subject_area=All&page=4,0
https://www.bangor.ac.uk/cy/courses/postgraduate-taught/atal-iechyd-poblogaethau-ac-arweinyddiaeth-dysgu-o-bell-pgdip,0
https://www.bangor.ac.uk/cy/courses/postgraduate-taught/gwyddor-mor-msc,0
https://www.bangor.ac.uk/cy/courses?field_course_year_start_value=All&field_pgr_start_yr_multi_value=All&field_pgt_start_yr_multi_value=All&level_of_study=pgt_course&oth_course_study_location=All&oth_subject_area=All&pgr_course_type=All&pgr_subject_area=All&pgt_course_mode=All&pgt_course_type=All&pgt_subject_area=All&term=&ug_subject_area=All&page=3,0
https://www.bangor.ac.uk/cy/courses/postgraduate-taught/addysg-gerddoriaeth-ma,0
https://www.bangor.ac.uk/cy/courses/postgraduate-taught/addysg-cenedlaethol-cymru-cyfrwng-saesneg-ma,0
https://www.bangor.ac.uk/cy/courses/postgraduate-taught/addysg-ir-proffesiynau-meddygol-ac-iechyd-pgcert,0
https://www.bangor.ac.uk/cy/courses?field_course_year_start_value=All&field_pgr_start_yr_multi_value=All&field_pgt_start_yr_multi_value=All&level_of_study=pgt_course&oth_course_study_location=All&oth_subject_area=All&pgr_course_type=All&pgr_subject_area=All&pgt_course_mode=All&pgt_course_type=All&pgt_subject_area=All&term=&ug_subject_area=All&page=5,0
https://www.bangor.ac.uk/courses?field_course_year_start_value=All&field_pgr_start_yr_multi_value=All&field_pgt_start_yr_multi_value=All&level_of_study=pgt_course&oth_course_study_location=All&oth_subject_area=All&pgr_course_type=All&pgr_subject_area=All&pgt_course_mode=All&pgt_course_type=All&pgt_subject_area=All&term=&ug_subject_area=All,0
https://www.bangor.ac.uk/cy/courses/postgraduate-taught/addysgu-cyrsiau-syn-seiliedig-ar-ymwybyddiaeth-ofalgar-ma,0
https://www.bangor.ac.uk/cy/courses?field_course_year_start_value=All&field_pgr_start_yr_multi_value=All&field_pgt_start_yr_multi_value=All&level_of_study=pgt_course&oth_course_study_location=All&oth_subject_area=All&pgr_course_type=All&pgr_subject_area=All&pgt_course_mode=All&pgt_course_type=All&pgt_subject_area=All&term=&ug_subject_area=All&page=0,0
https://www.bangor.ac.uk/cy/courses?field_course_year_start_value=All&field_pgr_start_yr_multi_value=All&field_pgt_start_yr_multi_value=All&level_of_study=pgt_course&oth_course_study_location=All&oth_subject_area=All&pgr_course_type=All&pgr_subject_area=All&pgt_course_mode=All&pgt_course_type=All&pgt_subject_area=All&term=&ug_subject_area=All&page=6,0
https://www.bangor.ac.uk/cy/courses?field_course_year_start_value=All&field_pgr_start_yr_multi_value=All&field_pgt_start_yr_multi_value=All&level_of_study=pgt_course&oth_course_study_location=All&oth_subject_area=All&pgr_course_type=All&pgr_subject_area=All&pgt_course_mode=All&pgt_course_type=All&pgt_subject_area=All&term=&ug_subject_area=All&page=1,0
https://www.bangor.ac.uk/cy/courses?field_course_year_start_value=All&field_pgr_start_yr_multi_value=All&field_pgt_start_yr_multi_value=All&level_of_study=pgt_course&oth_course_study_location=All&oth_subject_area=All&pgr_course_type=All&pgr_subject_area=All&pgt_course_mode=All&pgt_course_type=All&pgt_subject_area=All&term=&ug_subject_area=All&page=8,0
https://www.bangor.ac.uk/cy/courses/postgraduate-taught/iechyd-y-cyhoedd-a-hybu-iechyd-msc,0
https://www.bangor.ac.uk/cy/courses/postgraduate-taught/amaethgoedwigaeth-a-diogelur-cyflenwad-bwyd-dysgu-o-bell-msc,0
https://www.bangor.ac.uk/cy/courses/postgraduate-taught/archwilior-baban-newydd-anedig-pgcert,0
https://www.bangor.ac.uk/cy/courses?field_course_year_start_value=All&field_pgr_start_yr_multi_value=All&field_pgt_start_yr_multi_value=All&level_of_study=pgt_course&oth_course_study_location=All&oth_subject_area=All&pgr_course_type=All&pgr_subject_area=All&pgt_course_mode=All&pgt_course_type=All&pgt_subject_area=All&term=&ug_subject_area=All&page=2,0
https://www.bangor.ac.uk/cy/courses/postgraduate-taught/addysg-ir-proffesiynau-meddygol-ac-iechyd-pgdip,0
https://www.bangor.ac.uk/cy/courses?field_course_year_start_value=All&field_pgr_start_yr_multi_value=All&field_pgt_start_yr_multi_value=All&level_of_study=pgt_course&oth_course_study_location=All&oth_subject_area=All&pgr_course_type=All&pgr_subject_area=All&pgt_course_mode=All&pgt_course_type=All&pgt_subject_area=All&term=&ug_subject_area=All&page=7,0
https://www.bangor.ac.uk/cy/courses/postgraduate-taught/addysg-cenedlaethol-cymru-cyfrwng-cymraeg-ma,0
https://www.bangor.ac.uk/cy/courses/postgraduate-taught/addysg-ir-proffesiynau-meddygol-ac-iechyd-ma,0
https://www.bangor.ac.uk/courses/postgraduate-taught/pgce-secondary-geography-welsh-medium,0
https://www.bangor.ac.uk/courses/postgraduate-taught/pgce-secondary-chemistry-english-medium,0
https://www.bangor.ac.uk/courses/postgraduate-taught/pgce-secondary-chemistry-welsh-medium,0
https://www.bangor.ac.uk/courses/postgraduate-taught/pgce-secondary-geography-english-medium,0
https://www.bangor.ac.uk/courses/postgraduate-taught/pgce-secondary-art-english-medium,0
https://www.bangor.ac.uk/courses/postgraduate-taught/optimising-breastfeeding-pgcert,0
https://www.bangor.ac.uk/cy/courses?field_course_year_start_value=All&field_pgr_start_yr_multi_value=All&field_pgt_start_yr_multi_value=All&level_of_study=pgt_course&oth_course_study_location=All&oth_subject_area=All&page=5&pgr_course_type=All&pgr_subject_area=All&pgt_course_mode=All&pgt_course_type=All&pgt_subject_area=All&term=&ug_subject_area=All,0
https://www.bangor.ac.uk/courses/postgraduate-taught/pgce-secondary-english-english-medium,0
https://www.bangor.ac.uk/courses/postgraduate-taught/optimising-childbirth-pgcert,0
https://www.bangor.ac.uk/courses/postgraduate-taught/pgce-secondary-design-technology-english-medium,0
https://www.bangor.ac.uk/courses/postgraduate-taught/pgce-secondary-english-welsh-medium,0
https://www.bangor.ac.uk/courses/postgraduate-taught/pgce-secondary-history-english-medium,0
https://www.bangor.ac.uk/courses/postgraduate-taught/performance-mmus,0
https://www.bangor.ac.uk/courses/postgraduate-taught/pgce-secondary-design-technology-welsh-medium,0
https://www.bangor.ac.uk/cy/courses/postgraduate-taught/cymhwyster-acca,0
https://www.bangor.ac.uk/courses/postgraduate-modules/X3AZ,0
https://www.bangor.ac.uk/courses?level_of_study=pgt_course&pgt_subject_area=1141,0
https://www.bangor.ac.uk/cy/courses/postgraduate-taught/dylunio-arloesol-cymhwysol-msc,0
https://www.bangor.ac.uk/24-7-student-assistance-programme,0
https://www.bangor.ac.uk/cy/gwasanaethau-myfyrwyr/rhaglen-cymorth-myfyrwyr-24-7,0
https://www.bangor.ac.uk/cy/bywyd-myfyrwyr/profiad-gwaith,0
https://www.bangor.ac.uk/studentservices/counselling/index.php.cy,0
https://www.bangor.ac.uk/inclusive-community/index.php.cy,0
https://www.bangor.ac.uk/studyskills/index.php.cy,0
https://www.bangor.ac.uk/inclusive-community/staff-only/reporting-student-harassment.php.en,0
https://www.bangor.ac.uk/inclusive-community/gender-equality/index.php.en,0
https://www.bangor.ac.uk/inclusive-community/celebrating-diversity/index.php.en,0
https://www.bangor.ac.uk/studentservices,0
https://www.bangor.ac.uk/inclusive-community/harassment/report.php.en,0
https://www.bangor.ac.uk/inclusive-community/,0
https://www.bangor.ac.uk/inclusive-community/faith-communities/index.php.en,0
https://www.bangor.ac.uk/inclusive-community/staff-only/supporting-students.php.en,0
https://www.bangor.ac.uk/inclusive-community/staff-only/our-policies.php.en,0
https://www.bangor.ac.uk/inclusive-community/access-for-all/index.php.en,0
https://www.bangor.ac.uk/inclusive-community/staff-only/index.php.en,0
https://www.bangor.ac.uk/inclusive-community/staff-only/support-advice-and-resources.php.en,0
https://www.bangor.ac.uk/inclusive-community/harassment/options.php.en,0
https://www.bangor.ac.uk/inclusive-community/harassment/bullying.php.en,0
https://www.bangor.ac.uk/inclusive-community/harassment/support.php.en,0
https://www.bangor.ac.uk/inclusive-community/harassment/mediation.php.en,0
https://www.bangor.ac.uk/inclusive-community/staff-only/definitions-of-sexual-violence-and-harassment.php.en,0
https://www.bangor.ac.uk/inclusive-community/harassment/hatecrime.php.en,0
https://www.bangor.ac.uk/inclusive-community/valuing-identity/index.php.en,0
https://www.bangor.ac.uk/inclusive-community/harassment/training.php.en,0
https://www.bangor.ac.uk/courses?term=&level_of_study=wt_undergraduate_programme&ug_subject_area=All&pgt_subject_area=All&pgr_subject_area=All&field_course_year_start_value=All&field_pgr_start_yr_multi_value=All&field_pgt_start_yr_multi_value=All&pgt_course_type=All&pgt_course_mode=All&pgr_course_type=All&oth_course_study_location=All&oth_subject_area=All&page=9,0
https://www.bangor.ac.uk/cy/courses?field_course_year_start_value=All&field_pgr_start_yr_multi_value=All&field_pgt_start_yr_multi_value=All&level_of_study=wt_undergraduate_programme&oth_course_study_location=All&oth_subject_area=All&page=7&pgr_course_type=All&pgr_subject_area=All&pgt_course_mode=All&pgt_course_type=All&pgt_subject_area=All&term=&ug_subject_area=All,0
https://www.bangor.ac.uk/cy/courses?field_course_year_start_value=All&field_pgr_start_yr_multi_value=All&field_pgt_start_yr_multi_value=All&level_of_study=wt_undergraduate_programme&oth_course_study_location=All&oth_subject_area=All&page=8&pgr_course_type=All&pgr_subject_area=All&pgt_course_mode=All&pgt_course_type=All&pgt_subject_area=All&term=&ug_subject_area=All,0
https://www.bangor.ac.uk/cy/courses?field_course_year_start_value=All&field_pgr_start_yr_multi_value=All&field_pgt_start_yr_multi_value=All&level_of_study=wt_undergraduate_programme&oth_course_study_location=All&oth_subject_area=All&page=6&pgr_course_type=All&pgr_subject_area=All&pgt_course_mode=All&pgt_course_type=All&pgt_subject_area=All&term=&ug_subject_area=All,0
https://www.bangor.ac.uk/cy/courses?field_course_year_start_value=All&field_pgr_start_yr_multi_value=All&field_pgt_start_yr_multi_value=All&level_of_study=wt_undergraduate_programme&oth_course_study_location=All&oth_subject_area=All&pgr_course_type=All&pgr_subject_area=All&pgt_course_mode=All&pgt_course_type=All&pgt_subject_area=All&term=&ug_subject_area=All&page=7,0
https://www.bangor.ac.uk/cy/courses?field_course_year_start_value=All&field_pgr_start_yr_multi_value=All&field_pgt_start_yr_multi_value=All&level_of_study=wt_undergraduate_programme&oth_course_study_location=All&oth_subject_area=All&pgr_course_type=All&pgr_subject_area=All&pgt_course_mode=All&pgt_course_type=All&pgt_subject_area=All&term=&ug_subject_area=All&page=10,0
https://www.bangor.ac.uk/cy/courses?field_course_year_start_value=All&field_pgr_start_yr_multi_value=All&field_pgt_start_yr_multi_value=All&level_of_study=wt_undergraduate_programme&oth_course_study_location=All&oth_subject_area=All&pgr_course_type=All&pgr_subject_area=All&pgt_course_mode=All&pgt_course_type=All&pgt_subject_area=All&term=&ug_subject_area=All&page=5,0
https://www.bangor.ac.uk/cy/courses?field_course_year_start_value=All&field_pgr_start_yr_multi_value=All&field_pgt_start_yr_multi_value=All&level_of_study=wt_undergraduate_programme&oth_course_study_location=All&oth_subject_area=All&pgr_course_type=All&pgr_subject_area=All&pgt_course_mode=All&pgt_course_type=All&pgt_subject_area=All&term=&ug_subject_area=All&page=8,0
https://www.bangor.ac.uk/courses?field_course_year_start_value=All&field_pgr_start_yr_multi_value=All&field_pgt_start_yr_multi_value=All&level_of_study=wt_undergraduate_programme&oth_course_study_location=All&oth_subject_area=All&pgr_course_type=All&pgr_subject_area=All&pgt_course_mode=All&pgt_course_type=All&pgt_subject_area=All&term=&ug_subject_area=All,0
https://www.bangor.ac.uk/cy/courses?field_course_year_start_value=All&field_pgr_start_yr_multi_value=All&field_pgt_start_yr_multi_value=All&level_of_study=wt_undergraduate_programme&oth_course_study_location=All&oth_subject_area=All&pgr_course_type=All&pgr_subject_area=All&pgt_course_mode=All&pgt_course_type=All&pgt_subject_area=All&term=&ug_subject_area=All&page=6,0
https://www.bangor.ac.uk/cy/courses?field_course_year_start_value=All&field_pgr_start_yr_multi_value=All&field_pgt_start_yr_multi_value=All&level_of_study=wt_undergraduate_programme&oth_course_study_location=All&oth_subject_area=All&pgr_course_type=All&pgr_subject_area=All&pgt_course_mode=All&pgt_course_type=All&pgt_subject_area=All&term=&ug_subject_area=All&page=2,0
https://www.bangor.ac.uk/cy/courses?field_course_year_start_value=All&field_pgr_start_yr_multi_value=All&field_pgt_start_yr_multi_value=All&level_of_study=wt_undergraduate_programme&oth_course_study_location=All&oth_subject_area=All&pgr_course_type=All&pgr_subject_area=All&pgt_course_mode=All&pgt_course_type=All&pgt_subject_area=All&term=&ug_subject_area=All&page=1,0
https://www.bangor.ac.uk/cy/courses?field_course_year_start_value=All&field_pgr_start_yr_multi_value=All&field_pgt_start_yr_multi_value=All&level_of_study=wt_undergraduate_programme&oth_course_study_location=All&oth_subject_area=All&pgr_course_type=All&pgr_subject_area=All&pgt_course_mode=All&pgt_course_type=All&pgt_subject_area=All&term=&ug_subject_area=All&page=4,0
https://www.bangor.ac.uk/cy/courses?field_course_year_start_value=All&field_pgr_start_yr_multi_value=All&field_pgt_start_yr_multi_value=All&level_of_study=wt_undergraduate_programme&oth_course_study_location=All&oth_subject_area=All&pgr_course_type=All&pgr_subject_area=All&pgt_course_mode=All&pgt_course_type=All&pgt_subject_area=All&term=&ug_subject_area=All&page=0,0
https://www.bangor.ac.uk/cy/courses?field_course_year_start_value=All&field_pgr_start_yr_multi_value=All&field_pgt_start_yr_multi_value=All&level_of_study=wt_undergraduate_programme&oth_course_study_location=All&oth_subject_area=All&pgr_course_type=All&pgr_subject_area=All&pgt_course_mode=All&pgt_course_type=All&pgt_subject_area=All&term=&ug_subject_area=All&page=3,0
https://www.bangor.ac.uk/cy/courses?field_course_year_start_value=All&field_pgr_start_yr_multi_value=All&field_pgt_start_yr_multi_value=All&level_of_study=wt_undergraduate_programme&oth_course_study_location=All&oth_subject_area=All&page=1&pgr_course_type=All&pgr_subject_area=All&pgt_course_mode=All&pgt_course_type=All&pgt_subject_area=All&term=&ug_subject_area=All,0
https://www.bangor.ac.uk/cy/courses?field_course_year_start_value=All&field_pgr_start_yr_multi_value=All&field_pgt_start_yr_multi_value=All&level_of_study=wt_undergraduate_programme&oth_course_study_location=All&oth_subject_area=All&page=4&pgr_course_type=All&pgr_subject_area=All&pgt_course_mode=All&pgt_course_type=All&pgt_subject_area=All&term=&ug_subject_area=All,0
https://www.bangor.ac.uk/cy/courses?field_course_year_start_value=All&field_pgr_start_yr_multi_value=All&field_pgt_start_yr_multi_value=All&level_of_study=wt_undergraduate_programme&oth_course_study_location=All&oth_subject_area=All&page=5&pgr_course_type=All&pgr_subject_area=All&pgt_course_mode=All&pgt_course_type=All&pgt_subject_area=All&term=&ug_subject_area=All,0
https://www.bangor.ac.uk/cy/courses?field_course_year_start_value=All&field_pgr_start_yr_multi_value=All&field_pgt_start_yr_multi_value=All&level_of_study=wt_undergraduate_programme&oth_course_study_location=All&oth_subject_area=All&page=2&pgr_course_type=All&pgr_subject_area=All&pgt_course_mode=All&pgt_course_type=All&pgt_subject_area=All&term=&ug_subject_area=All,0
https://www.bangor.ac.uk/cy/courses?field_course_year_start_value=All&field_pgr_start_yr_multi_value=All&field_pgt_start_yr_multi_value=All&level_of_study=wt_undergraduate_programme&oth_course_study_location=All&oth_subject_area=All&page=10&pgr_course_type=All&pgr_subject_area=All&pgt_course_mode=All&pgt_course_type=All&pgt_subject_area=All&term=&ug_subject_area=All,0
https://www.bangor.ac.uk/cy/courses?field_course_year_start_value=All&field_pgr_start_yr_multi_value=All&field_pgt_start_yr_multi_value=All&level_of_study=wt_undergraduate_programme&oth_course_study_location=All&oth_subject_area=All&page=0&pgr_course_type=All&pgr_subject_area=All&pgt_course_mode=All&pgt_course_type=All&pgt_subject_area=All&term=&ug_subject_area=All,0
https://www.bangor.ac.uk/cy/courses?field_course_year_start_value=All&field_pgr_start_yr_multi_value=All&field_pgt_start_yr_multi_value=All&level_of_study=wt_undergraduate_programme&oth_course_study_location=All&oth_subject_area=All&page=3&pgr_course_type=All&pgr_subject_area=All&pgt_course_mode=All&pgt_course_type=All&pgt_subject_area=All&term=&ug_subject_area=All,0
https://halls.bangor.ac.uk/?lang=CY,0
http://www.bangor.ac.uk/corporate/vacancies/home.php.en,0
http://www.bangor.ac.uk/studentlife/news/index.php.en,0
http://www.bangor.ac.uk/international/support/airportpickup,0
http://www.bangor.ac.uk/careers/index.php.en,0
http://www.bangor.ac.uk/research/new_thinking.php.en,0
http://www.bangor.ac.uk/corporate/informationabout/depts.php.en,0
http://www.bangor.ac.uk/news/index.php.en,0
http://www.bangor.ac.uk/international/city-and-surroundings.php,0
http://www.bangor.ac.uk/international/applying/home.php,0
http://www.bangor.ac.uk/workingwithbusiness/training.php.en,0
http://www.bangor.ac.uk/corporate/our_courses.php.en,0
http://www.bangor.ac.uk/alumni/international.php,0
http://www.bangor.ac.uk/community/part_time.php.en,0
http://www.bangor.ac.uk/corporate/contactus.php.en,0
http://www.bangor.ac.uk/international/courses/postgrad/taught/index.php.en,0
http://www.bangor.ac.uk/corporate/informationabout/services.php.en,0
http://www.bangor.ac.uk/courses/undergrad/apply.php.en,0
http://www.bangor.ac.uk/studentfinance/index.php.en,0
http://www.bangor.ac.uk/studentlife/social.php.en,0
http://www.bangor.ac.uk/news/events.php.en,0
http://www.bangor.ac.uk/international/our_agents.php.en,0
http://www.bangor.ac.uk/international/studentprofiles/ambassadors.php.en,0
http://www.bangor.ac.uk/research/research_news.php.en,0
http://www.bangor.ac.uk/research/REF2014,0
http://www.bangor.ac.uk/international/guide/index.php.en,0
http://www.bangor.ac.uk/about/senior_management.php.en,0
http://www.bangor.ac.uk/community/business.php.en,0
http://www.bangor.ac.uk/research/business.php.en,0
http://www.bangor.ac.uk/corporate/informationfor/prospect.php.en,0
http://www.bangor.ac.uk/alumni/,0
http://www.bangor.ac.uk/about/profile.php.en,0
http://www.bangor.ac.uk/studyatbangor/per_tutor.php.en,0
http://www.bangor.ac.uk/giving/eilir_fund.php.en,0
http://www.bangor.ac.uk/giving/annual_fund.php.en,0
http://www.bangor.ac.uk/workingwithbusiness/facilities.php.en,0
http://www.bangor.ac.uk/news/research,0
http://www.bangor.ac.uk/courses/undergrad/prospectus.php.en,0
http://www.bangor.ac.uk/accommodation/essential.php.en,0
http://www.bangor.ac.uk/international/exchanges/other_partners.php,0
http://www.bangor.ac.uk/about/index.php.en,0
http://www.bangor.ac.uk/policies/index.php.en,0
http://www.bangor.ac.uk/virtualopenday-international,0
http://www.bangor.ac.uk/international/future/payment.php,0
http://www.bangor.ac.uk/international/studyabroad/FAQs.php,0
http://www.bangor.ac.uk/scholarships/colleges.php.en,0
http://www.bangor.ac.uk/itservices/,0
http://www.bangor.ac.uk/eatdrinkbangor,0
http://www.bangor.ac.uk/mature/,0
http://www.bangor.ac.uk/courses/postgrad/why_bangor.php.en,0
http://www.bangor.ac.uk/international/exchanges/index.php.en,0
http://www.bangor.ac.uk/international/about.php.en,0
http://www.bangor.ac.uk/international/future/elcos.php,0
http://www.bangor.ac.uk/conference_office/,0
http://international.bangor.ac.uk/,0
http://www.bangor.ac.uk/sustainability/index.php.en,0
http://www.bangor.ac.uk/international/future/scholarship.php.en,0
http://www.bangor.ac.uk/about/hon_fellows.php.en,0
http://www.bangor.ac.uk/workingwithbusiness/innovation.php.en,0
http://www.bangor.ac.uk/alumni/profiles.php.en,0
http://www.bangor.ac.uk/ccm/schools.php.en,0
http://www.bangor.ac.uk/workingwithbusiness/expertise.php.en,0
http://www.bangor.ac.uk/news/latest,0
http://www.bangor.ac.uk/international/newslist.php.en,0
http://www.bangor.ac.uk/international/support/visa_immigration.php.en,0
http://www.bangor.ac.uk/international/countries/index.php,0
http://www.bangor.ac.uk/workingwithbusiness,0
https://jobs.bangor.ac.uk/list.php.en?LOV13=8504&ContractType=All&LOV25=All&keywords=&Resultsperpage=10&srcsubmit=Search&statlog=1&ID=QLYFK026203F3VBQB7V68LOTX&mask=stdext&LG=UK,0
http://www.bangor.ac.uk/humanresources/,0
http://www.bangor.ac.uk/corporate/cookies/index.php.en,0
http://www.bangor.ac.uk/courses/visit.php.en,0
http://www.bangor.ac.uk/courses/postgrad/prospectus.php.en,0
http://www.bangor.ac.uk/ll/order_prospectus.php.en,0
http://www.bangor.ac.uk/alumni/reunionevents.php.en,0
http://www.bangor.ac.uk/tour/,0
http://www.bangor.ac.uk/alumni/involved.php.en,0
http://www.bangor.ac.uk/alumni/photoslideshows/index.php.en,0
http://www.bangor.ac.uk/courses/postgrad/student_profiles.php.en,0
http://www.bangor.ac.uk/international/team.php,0
http://www.bangor.ac.uk/brailsford/whats_on.php.en,0
http://www.bangor.ac.uk/courses/index.php.en,0
http://www.bangor.ac.uk/giving/news.php.en,0
https://jobs.bangor.ac.uk/list.php.en?LOV13=8501&ContractType=All&LOV25=All&keywords=&Resultsperpage=10&srcsubmit=Search&statlog=1&ID=QLYFK026203F3VBQB7V68LOTX&mask=stdext&LG=UK,0
http://www.bangor.ac.uk/studentlife/studentprofiles/index.php.en,0
http://www.bangor.ac.uk/international/future/Finance_and_scholarship.php,0
http://www.bangor.ac.uk/accommodation/index.php.en,0
http://www.bangor.ac.uk/virtualopenday/index.php.en,0
http://www.bangor.ac.uk/international/study_abroad_partners.php,0
http://www.bangor.ac.uk/bangortv,0
http://www.bangor.ac.uk/research,0
http://www.bangor.ac.uk/research/training/index.php.en,0
http://www.bangor.ac.uk/courses/orderprospectus_ug.php.en,0
http://www.bangor.ac.uk/international/exchanges/our_partners.php,0
http://www.bangor.ac.uk/accommodation/mission.php.en,0
http://www.bangor.ac.uk/parents/index.php.en,0
http://www.bangor.ac.uk/research/contact.php.en,0
http://www.bangor.ac.uk/giving/how_to_give.php.en,0
http://ielts.bangor.ac.uk/,0
http://www.bangor.ac.uk/international/courses/undergraduate/,0
http://www.bangor.ac.uk/courses/undergrad/index.php.en,0
http://www.bangor.ac.uk/studentfinance,0
http://www.bangor.ac.uk/workingwithbusiness/funding.php.en,0
http://www.bangor.ac.uk/corporate/informationabout/services.php,0
http://www.bangor.ac.uk/international/support/work_volunteering.php.en,0
http://www.bangor.ac.uk/pgapplied/index.php.en,0
http://www.bangor.ac.uk/giving/legacies.php.en,0
http://www.bangor.ac.uk/management_centre,0
http://www.bangor.ac.uk/courses/postgrad/fees.php.en,0
http://www.bangor.ac.uk/corporate/directory,0
http://www.bangor.ac.uk/international/profiles.php.en,0
http://www.bangor.ac.uk/corporate/informationfor/visitors.php.en,0
http://www.bangor.ac.uk/alumni/services.php.en,0
http://www.bangor.ac.uk/alumni/index.php,0
http://www.bangor.ac.uk/library/,0
http://www.bangor.ac.uk/vicechancellor/,0
http://www.bangor.ac.uk/international/support/index.php.en,0
http://www.bangor.ac.uk/workingwithbusiness/events.php.en,0
http://www.bangor.ac.uk/studyatbangor/studying_abroad.php.en,0
http://www.bangor.ac.uk/studentfinance/info/index.php.en,0
http://www.bangor.ac.uk/international/alreadyapplied/index.php.en,0
http://www.bangor.ac.uk/international/studyabroad/index.php.en,0
http://www.bangor.ac.uk/workingwithbusiness/contact-us.php.en,0
http://www.bangor.ac.uk/going-to-university/index.php.en,0
http://www.bangor.ac.uk/cio/,0
http://www.bangor.ac.uk/bangortv/new/international.php.en,0
http://www.bangor.ac.uk/studentservices/studenthousing/index.php.en,0
http://www.bangor.ac.uk/news/lectures,0
http://www.bangor.ac.uk/bcuhb/,0
http://www.bangor.ac.uk/alumni,0
http://www.bangor.ac.uk/corporate/informationabout/depts.php,0
http://www.bangor.ac.uk/courses/postgrad/research.php.en,0
http://www.bangor.ac.uk/international/contact.php,0
http://elcos.bangor.ac.uk/pre-sessional.php,0
http://www.bangor.ac.uk/workingwithbusiness/news.php.en,0
http://www.bangor.ac.uk/alumni/because.php.en,0
http://www.bangor.ac.uk/studentlife/bangor_intro.php.en,0
http://www.bangor.ac.uk/giving/major_gifts.php.en,0
http://www.bangor.ac.uk/international/index.php.en,0
http://www.bangor.ac.uk/news/current.php.en,0
http://www.bangor.ac.uk/alumni/messageboard/home.php.en,0
http://www.bangor.ac.uk/research/cpd.php.en,0
http://www.bangor.ac.uk/courses/postgrad/index.php.en?view=keywords&prospectustype=postgraduate,0
https://jobs.bangor.ac.uk/list.php.en?LOV13=7775&ContractType=All&LOV25=All&keywords=&Resultsperpage=10&srcsubmit=Search&statlog=1&ID=QLYFK026203F3VBQB7V68LOTX&mask=stdext&LG=UK,0
https://intranet.bangor.ac.uk/intranet.php.en,0
http://www.bangor.ac.uk/applied/index.php.en,0
http://www.bangor.ac.uk/alumni/advisory_board.php.en,0
http://www.bangor.ac.uk/giving/pontio_appeal.php.en,0
http://www.bangor.ac.uk/accommodation/halls/index.php.en,0
http://www.bangor.ac.uk/international/summerschool.php,0
http://www.bangor.ac.uk/ar/ro/recordsmanagement/freedomofinformation/index.php.en,0
http://www.bangor.ac.uk/international/notable-alumni.php.en,0
http://www.bangor.ac.uk/courses/postgrad/index.php.en?view=subjectareas&prospectustype=postgraduate,0
http://www.bangor.ac.uk/courses/postgrad/application.php.en,0
http://www.bangor.ac.uk/courses/orderprospectus_pg_subjects.php.en,0
http://www.bangor.ac.uk/courses/part_time/index.php.en,0
http://www.bangor.ac.uk/studentservices/peer_guides/index.php.en,0
http://www.bangor.ac.uk/international/applying/research.php,0
https://jobs.bangor.ac.uk/list.php.en?LOV13=8502&ContractType=All&LOV25=All&keywords=&Resultsperpage=10&srcsubmit=Search&statlog=1&ID=QLYFK026203F3VBQB7V68LOTX&mask=stdext&LG=UK,0
http://www.bangor.ac.uk/workingwithbusiness/graduates.php.en,0
https://jobs.bangor.ac.uk/list.php.en?LOV13=8503&ContractType=All&LOV25=All&keywords=&Resultsperpage=10&srcsubmit=Search&statlog=1&ID=QLYFK026203F3VBQB7V68LOTX&mask=stdext&LG=UK,0
http://www.bangor.ac.uk/openday/index.php.en,0
http://www.bangor.ac.uk/international/applying/entryrequirements.php,0
http://www.bangor.ac.uk/brailsford/,0
http://www.bangor.ac.uk/ar/main/,0
http://www.bangor.ac.uk/applied/,0
http://www.bangor.ac.uk/studentfinance/postgrad/index.php.en,0
http://www.bangor.ac.uk/international/travelling_to_bangor.php,0
http://www.bangor.ac.uk/courses/postgrad/index.php.en,0
http://www.bangor.ac.uk/international/tour.php.en,0
http://www.bangor.ac.uk/studyatbangor/index_ug.php.en,0
http://www.bangor.ac.uk/studyatbangor/10_adv.php.en,0
http://www.bangor.ac.uk/news/events,0
http://www.bangor.ac.uk/giving/donors.php.en,0
http://www.bangor.ac.uk/community/index.php.en,0
http://www.bangor.ac.uk/index.php.en,0
http://www.bangor.ac.uk/accommodation/returning.php.en,0
http://www.bangor.ac.uk/international/courses/,0
http://www.bangor.ac.uk/careers/students/jobmart_what.php.en,0
http://www.bangor.ac.uk/studentlife/studentnews,0
http://www.bangor.ac.uk/international/nigeria-office.php.en,0
http://www.bangor.ac.uk/giving/update.php.en,0
http://www.bangor.ac.uk/courses/postgrad/routes.php.en,0
http://www.bangor.ac.uk/accommodation/halls_options.php.en,0
http://www.bangor.ac.uk/research/skills.php.en,0
http://www.bangor.ac.uk/studentlife/clubs_societies.php.en,0
http://www.bangor.ac.uk/courses/postgraduate/,0
https://www.bangor.ac.uk/courses/postgraduate-modules/C8CU/1,0
https://www.bangor.ac.uk/psychology/study-with-us/postgraduate-funding/en,0
https://www.bangor.ac.uk/courses?level_of_study=pgt_course&pgt_subject_area=1166,0
https://www.bangor.ac.uk/courses/postgraduate-modules/C8CU,0
https://www.bangor.ac.uk/psychology/study-with-us/why-study-at-bangor-postgraduate/en,0
https://www.bangor.ac.uk/node/39141136,0
https://www.bangor.ac.uk/cy/courses/postgraduate-taught/niwro-ddelweddu-msc,0
https://www.bangor.ac.uk/staff/spss/stuart-beattie-008998/en,0
https://www.bangor.ac.uk/cy/courses/other-courses/perfformio-dan-bwysau-micro-gymhwyster,0
https://www.bangor.ac.uk/cy/courses/other-courses/hyfforddiant-arbenigol-ymwybyddiaeth-ofalgar-mewn-cyd-destun-un-i-un,0
https://www.bangor.ac.uk/staff/spss/sophie-sansom-497720/en,0
https://www.bangor.ac.uk/arts-culture-language/languages-for-all/text-books,0
https://www.bangor.ac.uk/cy/courses/other-courses/ieithoedd-i-pawb-ffrangeg,0
https://www.bangor.ac.uk/arts-culture-language/languages-for-all/language-level,0
https://blackboard.bangor.ac.uk/ultra,0
https://www.bangor.ac.uk/arts-culture-language/languages-for-all,0
https://www.bangor.ac.uk/cy/cyrsiau-byr-a-dpp/digwyddiadau/cerddoriaeth-ar-meddwl,0
https://www.bangor.ac.uk/staff/spss/awel-vaughan-evans-015335/en,0
https://www.bangor.ac.uk/short-courses-and-cpd/events,0
https://www.dyslexia.bangor.ac.uk/,0
https://www.bangor.ac.uk/cy/yagc/canolfan-gyyda,0
https://www.bangor.ac.uk/cy/courses/other-courses/hyfforddiant-sgiliau-seicolegol-micro-gymhwyster,0
https://www.bangor.ac.uk/staff/spss/james-hardy-010633/en,0
https://www.bangor.ac.uk/cy/courses/other-courses/hyfforddiant-arbenigol-sgiliau-ymholi-chwefror-2027,0
https://www.bangor.ac.uk/staff/shlss/rhian-hodges-015494/en,0
https://www.bangor.ac.uk/cy/courses/other-courses/cynllunio-ieithyddol-micro-gymhwyster,0
https://www.bangor.ac.uk/courses/other-courses/r.s.hodges@bangor.ac.uk,0
https://www.bangor.ac.uk/cy/courses/other-courses/ieithoedd-i-pawb-tsieineeg-mandarin,0
https://www.bangor.ac.uk/staff/educational-sciences/jeremy-griffiths-477675/en,0
https://www.bangor.ac.uk/cy/courses/other-courses/seicoleg-perfformiad-tim-jxh-4106,0
https://www.bangor.ac.uk/cy/courses/other-courses/ymarfer-ystafell-ddosbarth-cynhwysol,0
http://dsdc.bangor.ac.uk/research.php.en,0
https://www.bangor.ac.uk/cy/courses/other-courses/gweithio-gydan-gilydd-a-dysgu-gydan-gilydd-cyd-gynhyrchu-ymchwil-gyda-phobl,0
http://dsdc.bangor.ac.uk/isupport-for-dementia-carers.php.en,0
https://www.bangor.ac.uk/cy/courses/other-courses/deall-plentyndod-a-ieuenctid,0
https://www.bangor.ac.uk/welcome-to-bangor/NWMS,0
https://www.bangor.ac.uk/cy/courses/other-courses/ffarmacogenomeg-a-gofal-iechyd-haenedig-meicro-gymhwyster,0
https://www.bangor.ac.uk/courses/other-courses/medsciences@bangor.ac.uk,0
https://cheme.bangor.ac.uk/staff/dyfrig-hughes,0
https://www.bangor.ac.uk/cy/cyrsiau-byr-a-dpp/rhaglen-seminarau-ymchwil-ysgol-feddygol-gogledd-cymru,0
https://www.bangor.ac.uk/cy/cyrsiau-byr-a-dpp/digwyddiadau/ol-beiriannur-ymennydd-ar-meddwl,0
https://www.bangor.ac.uk/cy/courses/other-courses/deall-personoliaeth-micro-gymhwyster,0
https://www.bangor.ac.uk/cy/courses/other-courses/mae-newid-mewnol-yn-gweithio-grymuso-gwydnwch-a-chyfrifoldeb-ar-gyfer,0
https://shop.bangor.ac.uk/product-catalogue/ysgol-seicoleg-school-of-psychology/mindfulness-course/inner-change-works-mindfulness-course-2025,0
https://www.bangor.ac.uk/cy/courses/other-courses/ieithoedd-i-pawb-sbaeneg,0
https://www.bangor.ac.uk/courses/postgraduate-taught/neuroimaging-msc%C2%A0,0
https://www.bangor.ac.uk/cy/courses/other-courses/cyflwyniad-i-ddadansoddi-niwroddelweddu-micro-gymhwyster,0
https://www.bangor.ac.uk/staff/spss/paul-mullins-013532/en,0
https://www.bangor.ac.uk/cy/cyrsiau-byr-a-dpp/digwyddiadau/sesiwn-blasu-gwyddoniaeth-sombis-a-allai-haint-newid-ymddygiad-dynol,0
https://www.bangor.ac.uk/courses/postgraduate-modules/C8DX,0
https://www.bangor.ac.uk/sites/default/files/2024-04/ACCREDITED%20Certificate%20MSc%20in%20Counselling%202024.pdf,0
https://www.bangor.ac.uk/cy/courses/postgraduate-taught/cwnsela-msc,0
https://www.bangor.ac.uk/cy/courses/postgraduate-taught/cymhwyster-ymarfer-arbenigol-nyrsio-cymunedol-spq-meddygaeth-teulu,0
https://www.bangor.ac.uk/sites/default/files/2026-02/spq_application_form.docx,0
https://apps.bangor.ac.uk/apply,0
https://www.bangor.ac.uk/cy/courses/other-courses/datblygu-ymwybyddiaeth-ofalgar-cydgrynhoi-ac-ymgorffori-eich-hyfforddiant-0,0
https://www.bangor.ac.uk/cy/courses/other-courses/protest-yng-nghymru-safbwynt-rhyngddisgyblaethol,0
https://www.bangor.ac.uk/cy/courses/other-courses/strategaethau-ymddygiad-cadarnhaol-rhagweithiol-ir-dosbarth-cyfan,0
https://www.bangor.ac.uk/courses/other-courses/critical-care-2-advanced-nhs-4443,0
https://www.bangor.ac.uk/cy/gwyddorau-meddygol-iechyd/modiwlau-ol-gofrestru,0
https://www.bangor.ac.uk/courses/other-courses/critical-care-1-nhs-4442,0
https://www.bangor.ac.uk/courses/other-courses/contraception-and-associated-health,0
https://www.bangor.ac.uk/courses/postgraduate-modules/NHS-4333,0
https://www.bangor.ac.uk/spss/events/music-and-the-mind,0
https://www.bangor.ac.uk/spss/events/neuroethics,0
https://www.bangor.ac.uk/cy/darganfod-y-meddwl-dynol-cyfres-gweminar-seicoleg,0
https://www.bangor.ac.uk/spss/events/reverse-engineering-the-brain-and-mind,0
https://www.bangor.ac.uk/spss/events/dwy-iaith-dwy-galon-two-languages-two-hearts-welsh-medium-session,0
https://www.bangor.ac.uk/cy/cyrsiau-byr-a-dpp/digwyddiadau/niwrofoeseg,0
https://www.bangor.ac.uk/cy/courses/other-courses/polisi-tai,0
https://www.bangor.ac.uk/staff/spss/awel-vaughan-evans-015335/cy,0
https://www.bangor.ac.uk/cy/cyrsiau-byr-a-dpp/digwyddiadau/dwy-iaith-dwy-galon,0
https://www.bangor.ac.uk/cy/cyrsiau-byr-a-dpp/digwyddiadau/sesiwn-blasu-mwtanau-yn-ein-plith-esboniad-o-uwch-bwerau-dynol-bywyd,0
https://www.bangor.ac.uk/expression-of-interest,0
https://www.bangor.ac.uk/cy/courses/other-courses/plentyndod-digidol-sicrhaur-cydbwysedd-cywir-rhwng-lles-a-datblygiad,0
https://www.bangor.ac.uk/cy/courses/other-courses/ymarfer-lywio-gan-dystiolaeth,0
https://www.bangor.ac.uk/cy/courses/other-courses/y-ddeuad-hyfforddi-jxh-4214-micro-gymhwyster,0
https://www.bangor.ac.uk/cy/courses/postgraduate-taught/cwnsela-plant-a-phobl-ifanc-4-18-oed-pgdip,0
https://www.bangor.ac.uk/cy/courses/other-courses/microgymhwyster-arweinyddiaeth-gynaliadwy-mewn-addysg-2-gweithredur-cynllun,0
https://www.bangor.ac.uk/cy/courses/other-courses/hyfforddiant-arbenigol-addysgu-cwricwlwm-lleihau-straen-yn-seiliedig-ar,0
https://www.bangor.ac.uk/cy/courses/other-courses/iechyd-meddwl-a-lles-micro-gymhwyster,0
https://www.bangor.ac.uk/cy/courses/other-courses/gwella-ymarfer-proffesiynol-ffactorau-dynol-pendantrwydd-a-chyfathrebu,0
https://www.bangor.ac.uk/cy/courses/other-courses/datblygu-ymwybyddiaeth-ofalgar-cydgrynhoi-ac-ymgorffori-eich-hyfforddiant,0
https://www.bangor.ac.uk/cy/courses/other-courses/seicoleg-perfformiad-unigol-xh-4104-micro-gymhwyster,0
https://www.bangor.ac.uk/cy/short-courses-and-cpd/rhaglen-seminarau-ymchwil-ysgol-feddygol-gogledd-cymru,0
https://www.bangor.ac.uk/cy/courses/other-courses/cyflwyniad-i-ddadansoddi-niwroddelweddu,0
https://www.bangor.ac.uk/cy/courses/other-courses/hyfforddiant-sgiliau-seicolegol-jxh-4103,0
https://www.bangor.ac.uk/cy/courses/other-courses/egwyddorion-a-methodoleg-addysgu-dysgwyr-a-gwahaniaeth-dysgu-penodol,0
https://www.bangor.ac.uk/cy/courses?level_of_study=pgt_course&pgt_subject_area=1156,0
https://www.bangor.ac.uk/cy/courses/other-courses/marchnata-ar-gyfryngau-cymdeithasol,0
https://www.bangor.ac.uk/cy/courses/postgraduate-taught/dulliau-seiliedig-ar-ymwybyddiaeth-ofalgar-ma,0
https://www.bangor.ac.uk/cy/courses/other-courses/hunanofal-ystyriol-yn-y-gwaith-rhaglen-chwe-wythnos,0
https://www.bangor.ac.uk/cy/short-courses-and-cpd/micro-gymwysterau-yn-prifysgol-bangor,0
https://www.bangor.ac.uk/cy/courses/other-courses/microgymhwyster-arweinyddiaeth-gynaliadwy-mewn-addysg-1-gwneud-y-newid,0
https://www.bangor.ac.uk/cy/courses/other-courses/seicoleg-perfformiad-unigol-micro-gymhwyster,0
https://www.bangor.ac.uk/cy/courses/other-courses/iechyd-emosiynol-iechyd-meddwl-a-llesiant,0
https://www.bangor.ac.uk/cy/courses/other-courses/hyfforddiant-arbenigol-sgiliau-grwp-2027,0
https://www.bangor.ac.uk/cy/courses/postgraduate-taught/cymhwyster-ymarfer-arbenigol-nyrsio-cymunedol-spq-anabledd-dysgu-pgdip,0
https://www.bangor.ac.uk/cy/courses/other-courses/llesiant-yn-yr-ystafell-ddosbarth-awyr-agored,0
https://www.bangor.ac.uk/cy/courses/postgraduate-taught/addysg-ir-proffesiynau-meddygol-ac-iechyd-ma-ma,0
https://www.bangor.ac.uk/cy/node/41518961/edit,0
https://www.bangor.ac.uk/cy/courses/other-courses/rowndiau-dysgu-cynhadledd-achos-adsefydlu-niwroseiciatrig,0
https://www.bangor.ac.uk/cy/courses/other-courses/cwrs-niwroanatomi-swyddogaethol-visceral-mind-ysgol-haf,0
https://www.bangor.ac.uk/cy/cyrsiau-byr-a-dpp/digwyddiadau/sesiwn-blasu-cyffuriau-dylunydd-defnyddio-cyfrifiaduron-a,0
https://www.bangor.ac.uk/cy/courses/other-courses/teuluoedd-modern,0
https://www.bangor.ac.uk/cy/courses/other-courses/cwrs-dpp-addysg-glinigol-ffisiotherapi,0
https://www.bangor.ac.uk/cy/courses/other-courses/nyrsio-meddygaeth-teulu-nhs-3180,0
https://www.bangor.ac.uk/cy/courses/other-courses/cwrs-mooc-ar-yr-ymarfer-ar-ymddygiadau-gorau-i-atal-heintiau,0
https://www.bangor.ac.uk/cy/courses/other-courses/ysgrifennu-er-mwyn-cyhoeddi-ar-gyfer-ymarferwyr-iechyd-a-gofal,0
https://www.bangor.ac.uk/cy/courses/postgraduate-taught/cymhwyster-ymarfer-arbenigol-nyrsio-cymunedol-spq-iechyd-meddwl-pgdip,0
https://www.bangor.ac.uk/cy/courses/other-courses/cyflwyniad-i-niwroddelweddu,0
https://www.bangor.ac.uk/courses/other-courses/hsp23f@bangor.ac.uk,0
http://dyslexia.bangor.ac.uk/about-us.php.en,0
https://www.bangor.ac.uk/cy/courses/other-courses/cwrs-ymarferydd-arbenigol-addysgu-dysgwyr-ag-anawsterau-llythrennedd-a,0
https://www.bangor.ac.uk/courses?level_of_study=pgt_course&pgt_subject_area=1191,0
https://www.bangor.ac.uk/courses?level_of_study=pgt_course&pgt_subject_area=1161,0
https://www.bangor.ac.uk/staff/spss/oliver-turnbull-008937/en,0
https://www.bangor.ac.uk/sites/default/files/2025-08/Visceral%20Mind%20-%20ExampleTimetable.pdf,0
https://www.bangor.ac.uk/staff/spss/richard-binney-127158/en,0
https://www.bangor.ac.uk/staff/spss/martyn-bracewell-008927/en,0
https://www.bangor.ac.uk/staff/spss/tirso-gonzalez-alam-682100/en,0
https://www.bangor.ac.uk/staff/spss/kami-koldewyn-099172/en,0
https://www.bangor.ac.uk/cy/courses/other-courses/visceral-mind-ysgol-haf-mewn-niwroanatomi-swyddogaethol,0
https://www.bangor.ac.uk/nwcha,0
https://www.bangor.ac.uk/staff/spss/guillaume-thierry-008444/en,0
https://www.bangor.ac.uk/staff/spss/paul-downing-008528/en,0
https://www.bangor.ac.uk/staff/spss/rudi-coetzer-013375/en,0
https://www.bangor.ac.uk/cy/cyrsiau-byr-a-dpp/micro-gymwysterau-prifysgol-bangor,0
https://www.bangor.ac.uk/staff/spss/ken-valyear-106266/en,0
https://www.bangor.ac.uk/cy/courses/other-courses/cyflwyniad-i-niwroddelweddu-micro-gymhwyster,0
https://www.bangor.ac.uk/health-sciences/staff-blog/anthropology-and-healthcare-12-07-19-lorelei-jones.php.en,0
https://www.bangor.ac.uk/mindfulness/postgraduate-courses/,0
https://www.bangor.ac.uk/mindfulness/documents/cmrp_prospectus.pdf,0
https://www.bangor.ac.uk/mindfulness/research.php.en,0
https://www.bangor.ac.uk/cy/digwyddiadau/iechyd-meddwl-a-lles-ila-4909,0
https://shop.bangor.ac.uk/product-catalogue/cyrsiau-byr-a-hyfforddiant-dpp-short-courses-and-cpd-training/self-care/hunanofal-ystyriol-yn-y-gwaith-mindful-self-care-at-work-2526,0
https://www.bangor.ac.uk/research/news/new-study-highlights-impact-of-childhood-adversity-and-school-experiences-on-adult,0
https://www.bangor.ac.uk/research/news/major-funding-boost-to-advance-health-and-social-care-research-across-wales,0
https://www.bangor.ac.uk/research/news/is-a-revolution-of-standards-in-public-life-is-the-key-to-tackling-the-intertwined,0
https://www.bangor.ac.uk/research/news/tv-naturalist-works-with-bangor-academics-to-record-world-first-sighting,0
https://www.bangor.ac.uk/research/news/can-climate-change-increase-your-exposure-to-sewage-associated-viruses,0
https://www.bangor.ac.uk/research/news/research-to-study-the-benefits-of-a-sauna-as-popularity-rises,0
https://www.bangor.ac.uk/research/news/how-climate-change-could-be-increasing-your-chance-of-catching-a-virus-from-sewage,0
https://www.bangor.ac.uk/research/news?page=9,0
https://www.bangor.ac.uk/research/news/bangor-university-selected-to-contribute-to-ukaeas-librti-programme,0
https://www.bangor.ac.uk/research/news/english-teachers-for-speakers-of-other-languages-in-wales-need-more-training-on,0
https://www.bangor.ac.uk/research/news/research-and-development-key-to-economic-growth-in-wales,0
https://www.bangor.ac.uk/cy/ymchwil/newyddion?page=5,0
https://www.bangor.ac.uk/research/news/a-glimpse-into-a-surreal-abyss-how-covid-ravaged-a-remote-city-in-the-amazonian,0
https://www.bangor.ac.uk/research/news/what-deer-poo-can-tell-us-about-the-future-of-britains-woodlands,0
https://www.bangor.ac.uk/cy/ymchwil/newyddion/cyllid-sylweddol-ar-gyfer-project-trawsnewid-gwyrdd-ar-ynys-mon,0
https://www.bangor.ac.uk/cy/ymchwil/newyddion/llawenydd-wastad-iw-gael-mewn-bywyd-academaidd-astudiaeth-yn-archwilio-sut-mae,0
https://www.bangor.ac.uk/cy/ymchwil/newyddion?page=0,0
https://www.bangor.ac.uk/cy/ymchwil/newyddion/degawd-ers-newid-y-ddeddf-rhoi-organnau-does-fawr-ddim-wedi-newid-mewn-gwirionedd,0
https://www.bangor.ac.uk/research/news/notre-dames-bells-have-been-blessed-as-the-cathedral-reopens-a-tradition-that-dates,0
https://www.bangor.ac.uk/research/news/how-we-found-a-long-lost-first-world-war-vessel-beneath-irish-waters,0
https://www.bangor.ac.uk/research/news?page=10,0
https://www.bangor.ac.uk/research/news/research-hyper-network-identifies-lost-british-warship-sunk-in-wwi,0
https://www.bangor.ac.uk/research/news/wolf-hall-princess-mary-was-not-so-alone-in-her-fight-against-her-father-henry-viii,0
https://www.bangor.ac.uk/cy/ymchwil/newyddion?page=6,0
https://www.bangor.ac.uk/research/news/study-challenges-long-held-theories-on-how-migratory-birds-navigate,0
https://www.bangor.ac.uk/research/news/wales-plans-a-tourism-tax-from-2027-what-it-means-for-visitors-and-communities,0
https://www.bangor.ac.uk/research/news/pioneering-decarbonisation-hub-opens-in-penygroes-a-first-of-its-kind-in-the-uk,0
https://www.bangor.ac.uk/research/news/bangor-university-researchers-listed-among-worldwide-top-1-0,0
https://www.bangor.ac.uk/research/news/biopots-supporting-agroforestry-and-reducing-single-use-plastics-waste-in-east-africa,0
https://www.bangor.ac.uk/research/news/bio-based-fibres-could-pose-greater-threat-to-the-environment-than-conventional,0
https://www.bangor.ac.uk/research/news/welsh-universities-partnership-working-to-detect-pollutants-used-in-aircraft-industry,0
https://www.bangor.ac.uk/research/news/bangor-university-archives-iswe-awarded-welsh-government-grant-for-digitisation-of,0
https://www.bangor.ac.uk/cy/ymchwil/newyddion/iechyd-a-gofal-ymchwil-cymru-yn-cyhoeddir-rownd-ddiweddaraf-o-ddyfarniadau-cyllid,0
https://www.bangor.ac.uk/research/news/underwater-robotic-gliders-provide-new-insights-into-the-impact-of-a-melting-megaberg,0
https://www.bangor.ac.uk/cy/ymchwil/newyddion?page=4,0
https://www.bangor.ac.uk/research/news/flushing-out-resistance-investigating-the-role-of-human-wastewater-in-the-spread-of,0
https://www.bangor.ac.uk/research/news/is-backing-welsh-independence-the-same-as-being-a-nationalist-not-necessarily,0
https://www.bangor.ac.uk/research/news/increase-in-subsurface-heatwaves-in-lakes-threaten-habitats-researchers-warn,0
https://www.bangor.ac.uk/research/news/bangor-university-research-featured-in-physiological-societys-climate-change-and,0
https://www.bangor.ac.uk/research/news/uk-must-grow-more-of-its-own-wood-to-meet-climate-goals-new-research,0
https://www.bangor.ac.uk/research/news/climate-change-is-a-much-bigger-threat-to-agriculture-than-plastic-film-mulch,0
https://www.bangor.ac.uk/research/news/research-reveals-major-gaps-in-tidal-knowledge-that-frequently-lead-to-a-risk-to-life,0
https://www.bangor.ac.uk/research/news/blood-test-prototype-designed-to-detect-deadly-diseases-at-remote-point-of-care,0
https://www.bangor.ac.uk/research/news/new-research-debunks-long-held-theory-about-left-handed-brains,0
https://www.bangor.ac.uk/research/news/robotic-medication-machine-trialled-in-dolgellau,0
https://www.bangor.ac.uk/research/news/uk-reliance-on-imported-wood-threatens-net-zero-goals-new-research-warns,0
https://www.bangor.ac.uk/cy/ymchwil/newyddion/astudiaeth-newydd-yn-tynnu-sylw-at-yr-angen-brys-am-weithredu-ar-gam-drin,0
https://www.bangor.ac.uk/research/news/study-reveals-critical-gaps-in-wetlands-role-in-climate-mitigation,0
https://www.bangor.ac.uk/research/news/lying-increases-trust-in-science-new-study-finds,0
https://www.bangor.ac.uk/cy/ymchwil/newyddion?page=2,0
https://www.bangor.ac.uk/research/news/bangor-university-spearheads-uk-research-into-restoring-vital-temperate-rainforests,0
https://www.bangor.ac.uk/research/news/bangor-university-awarded-prestigious-ahrc-doctoral-focal-awards,0
https://www.bangor.ac.uk/research/news/underwater-lake-heatwaves-are-on-the-rise-threatening-aquatic-life,0
https://www.bangor.ac.uk/research/news/plastic-pollution-and-global-warming-are-combining-forces-to-disrupt-ocean-life-say,0
https://www.bangor.ac.uk/research/news/eu3-million-european-grant-awarded-to-bangor-university-to-lead-arthurian-studies,0
https://www.bangor.ac.uk/research/news/why-many-kidney-patients-are-still-choosing-hospital-dialysis-and-how-the-nhs-can,0
https://www.bangor.ac.uk/research/news/new-resource-encourages-families-to-share-stories-on-their-experiences-of-organ,0
https://www.bangor.ac.uk/research/news/feeling-confident-and-in-control-when-theyre-active-boosts-childrens-wellbeing,0
https://www.bangor.ac.uk/research/news/world-first-study-on-bilingualism-in-rett-syndrome-at-bangor-university,0
https://www.bangor.ac.uk/research/news/new-research-unravels-the-diversity-and-function-of-bacteria-living-inside-wild-fruit,0
https://www.bangor.ac.uk/research/news/simply-looking-at-greenery-can-boost-mental-health-new-research,0
https://www.bangor.ac.uk/research/news/we-gathered-centuries-old-written-records-to-show-the-seas-around-wales-once-teemed,0
https://www.bangor.ac.uk/research/news/a-mild-concussion-from-amateur-sports-might-not-cause-cognitive-decline-but-repeated,0
https://www.bangor.ac.uk/research/news/new-research-casts-doubt-over-cryptocurrencies-safe-haven-properties,0
https://www.bangor.ac.uk/research/news?page=11,0
https://www.bangor.ac.uk/research/news/funding-approved-for-environmental-biotechnology-facilities-at-bangor-university,0
https://www.bangor.ac.uk/research/news/childhood-trauma-linked-to-distrust-of-healthcare-professionals-new-research,0
https://www.bangor.ac.uk/research/news/mature-forests-vital-in-frontline-fight-against-climate-change,0
https://www.bangor.ac.uk/research/news?page=12,0
https://www.bangor.ac.uk/research/news/in-pursuit-of-excellence-psychologists-develop-new-tool-to-assess-readiness-to,0
https://www.bangor.ac.uk/research/news/bangor-university-partners-with-verily-to-expand-wastewater-testing-services-across,0
https://www.bangor.ac.uk/research/news/scientists-say-we-have-enough-evidence-to-agree-global-action-on-microplastics,0
https://www.bangor.ac.uk/cy/ymchwil/newyddion?page=8,0
https://www.bangor.ac.uk/research/news/barcelona-protests-holiday-hotspots-need-fairer-tourism-for-local-communities,0
https://www.bangor.ac.uk/research/news/women-who-opposed-votes-for-women-the-case-of-mrs-humphry-ward,0
https://www.bangor.ac.uk/cy/ymchwil/newyddion/astudiaeth-newydd-yn-tynnu-sylw-at-fanteision-systemau-glanweithdra-syn-seiliedig,0
https://www.bangor.ac.uk/cy/ymchwil/newyddion?page=1,0
https://www.bangor.ac.uk/cy/ymchwil/newyddion?page=3,0
https://www.bangor.ac.uk/cy/ymchwil/newyddion/astudiaeth-newydd-yn-taflu-goleuni-ar-effaith-straen-ar-fadfallod-ifanc,0
https://www.bangor.ac.uk/cy/ymchwil/newyddion?page=17,0
https://www.bangor.ac.uk/cy/ymchwil/newyddion/ymchwilwyr-prifysgol-bangor-wedi-eu-rhestru-ymysg-1-uchar-byd-cloned,0
https://www.bangor.ac.uk/cy/ymchwil/newyddion?page=7,0
https://www.bangor.ac.uk/research/news/credit-ratings-are-a-key-check-on-ceo-overconfidence-in-corporate-acquisitions,0
https://www.bangor.ac.uk/research/news/how-supergenes-help-fish-evolve-into-new-species,0
https://www.bangor.ac.uk/research/news/researchers-to-develop-virtual-lake-technology-in-response-to-increase-in-extreme,0
https://www.bangor.ac.uk/research/news/seasonal-climate-fluctuations-dominant-global-influence-on-lake-surface-size-changes,0
https://www.bangor.ac.uk/research/news/universities-team-up-to-launch-hub-for-research-informed-professional-development-in,0
https://www.bangor.ac.uk/research/news/research-to-explore-how-communities-can-work-together-to-bring-about-positive-change,0
https://www.bangor.ac.uk/research/news/ocean-mud-locks-up-much-of-the-planets-carbon-were-digging-deep-to-map-these-ancient,0
https://www.bangor.ac.uk/research/news/study-reveals-severe-post-brexit-reduction-in-lending-to-smes-in-rural-areas,0
https://www.bangor.ac.uk/research/news/for-many-island-species-the-next-tropical-cyclone-may-be-their-last,0
https://www.bangor.ac.uk/research/news/study-sheds-light-on-how-the-environment-promotes-the-generation-of-new-species,0
https://www.bangor.ac.uk/research/news/synchronised-breathing-spreads-diseases-for-bottlenose-dolphins-and-other-cetaceans,0
https://www.bangor.ac.uk/research/news/elephant-societies-suffer-when-knowledgeable-elders-are-lost-study-reveals,0
https://www.bangor.ac.uk/research/news?page=13,0
https://www.bangor.ac.uk/research/news/forest-research-wins-funding-for-collaborative-research-into-oak-tree-health,0
https://www.bangor.ac.uk/research/news?page=16,0
https://www.bangor.ac.uk/research/news?page=14,0
https://www.bangor.ac.uk/research/news?page=15,0
https://www.bangor.ac.uk/research/news/nuclear-futures-institute-named-as-part-of-advanced-modular-reactor-amr-feasibility,0
https://www.bangor.ac.uk/research/news/study-reveals-impact-of-powerful-ceos-and-money-laundering-on-bank-performance,0
https://www.bangor.ac.uk/research/news/solving-mysteries-with-leverhulme-research-grants,0
https://www.bangor.ac.uk/research/news/the-impact-of-climate-change-on-marmot-survival-differs-between-seasons,0
https://www.bangor.ac.uk/research/news/research-into-low-carbon-energy-and-environment-enters-new-phase,0
https://www.bangor.ac.uk/research/news/bangor-expert-advises-on-us-public-health-emergency-preparedness-and-response,0
https://www.bangor.ac.uk/research/news/research-finds-we-mirror-image-touch-during-sexual-interactions-and-treat-our,0
https://www.bangor.ac.uk/research/news/cancer-research-published-in-science-advances,0
https://www.bangor.ac.uk/research/news/hot-sulfur-breath-extremophilic-archaea-provide-clues-on-evolution-of-sufur,0
https://www.bangor.ac.uk/research/news/work-begins-on-uk-system-for-estimating-covid-19-cases-from-wastewater,0
https://www.bangor.ac.uk/research/news/gradual-v-sudden-collapse-what-magnets-teach-us-about-climate-tipping-points,0
https://www.bangor.ac.uk/research/news/why-being-open-about-science-can-make-people-trust-it-less-and-what-to-do-about-it,0
https://www.bangor.ac.uk/research/news/new-study-coral-reefs-fate-tied-to-ocean-forces-hidden-below-the-surface-say,0
https://www.bangor.ac.uk/research/news/bangor-university-academics-appointed-to-ref-2029-sub-panels,0
https://www.bangor.ac.uk/research/news/childhood-verbal-abuse-shows-similar-impact-to-adult-mental-health-as-physical-abuse,0
https://www.bangor.ac.uk/research/news/protecting-authentic-basmati-uk-enforces-rice-authenticity-standards,0
https://www.bangor.ac.uk/research/news/bilingualism-possible-in-people-with-rare-genetic-condition-that-normally-limits,0
https://www.bangor.ac.uk/research/news/will-offshore-wind-energy-affect-ocean-productivity,0
https://www.bangor.ac.uk/research/news/scientists-reveal-how-mature-trees-could-adapt-to-higher-co2-levels-predicted-for,0
https://www.bangor.ac.uk/research/news/collaborative-project-helps-build-understanding-of-how-fishing-affects-seabed-carbon,0
https://www.bangor.ac.uk/research/news/bangor-university-researchers-win-apex-award-for-innovative-cross-disciplinary,0
https://www.bangor.ac.uk/research/news/experts-urge-the-medical-profession-to-confront-the-global-arms-industry,0
https://www.bangor.ac.uk/staff/shs/jane-noyes-007395/en,0
https://www.bangor.ac.uk/staff/sos/iestyn-woolway-050578/en,0
https://www.bangor.ac.uk/human-sciences/mark-bellis,0
https://www.bangor.ac.uk/human-sciences/karen-hughes.php.en,0
https://www.bangor.ac.uk/staff/sens/david-jones-008496/en,0
https://www.bangor.ac.uk/research/news/the-terminator-at-40-james-camerons-dark-vision-is-more-relevant-than-ever,0
https://www.bangor.ac.uk/research/news/bangor-university-social-care-economist-awarded-prestigious-advanced-fellowship,0
https://www.bangor.ac.uk/research/news/will-metas-orion-smart-glasses-be-the-next-iphone-moment-expert-qa,0
https://www.bangor.ac.uk/research/news/bangor-university-secures-funding-for-interdisciplinary-marine-ecosystem-research,0
https://www.bangor.ac.uk/research/news/extinction-and-evolution-groundbreaking-study-revises-biodiversitys-origins,0
https://www.bangor.ac.uk/research/news/dr-iestyn-woolway-awarded-prestigious-philip-leverhulme-prize-for-pioneering-research,0
https://www.bangor.ac.uk/research/news/bangor-university-secures-welsh-government-funding-to-expand-literacy-programme-for,0
https://www.bangor.ac.uk/research/news/new-research-facility-at-penygroes-to-expand-decarbonisation-rd-in-wales,0
https://www.bangor.ac.uk/research/news/ancient-dna-helped-us-uncover-the-iberian-lynxs-potential-secret-weapon-against,0
https://www.bangor.ac.uk/research/news/devolving-justice-and-policing-to-wales-would-put-it-on-par-with-scotland-and,0
https://www.bangor.ac.uk/research/news/seagrass-and-oysters-a-complicated-relationship-in-a-changing-world,0
https://www.bangor.ac.uk/research/news/opt-out-laws-designed-to-make-organ-donation-easier-may-have-actually-made-it-harder,0
https://www.bangor.ac.uk/student-administration/fees/Docs/refundform.pdf,0
https://www.bangor.ac.uk/studentservices/leaving/index,0
https://www.bangor.ac.uk/international/isps_fees,0
https://www.bangor.ac.uk/studentservices/disability/index.php.cy,0
https://my.bangor.ac.uk/humanresources/equalitydiversity/policy_intro.php.en,0
https://www.bangor.ac.uk/studentservices/counselling/events.php.en,0
https://www.bangor.ac.uk/studentservices/counselling/calmu.php.en,0
https://www.bangor.ac.uk/international/support/eea-students.php.en,0
https://www.bangor.ac.uk/sites/default/files/2022-09/Healthcare%20in%20Bangor.pdf,0
https://www.bangor.ac.uk/go-further/feedback,0
https://www.bangor.ac.uk/go-further,0
https://www.bangor.ac.uk/international/support/travel-re-entry,0
https://www.bangor.ac.uk/sites/default/files/2025-08/Work%20letter%20UG%20SEP%202025.pdf,0
https://www.bangor.ac.uk/international/support/lost_passport_visa,0
https://www.bangor.ac.uk/sites/default/files/2025-06/Employer%20Request%20letter%20PG%20May%202025%20intake.pdf,0
https://www.bangor.ac.uk/go-further/employability,0
https://www.bangor.ac.uk/international/support/www.youtube.com/watch?v=rGXwvq-fKyE&feature=emb_title,0
https://www.bangor.ac.uk/international/support/FAQ-afterbangor,0
https://www.bangor.ac.uk/go-further/housing,0
https://www.bangor.ac.uk/sites/default/files/2025-08/Work%20letter%20PG%20Sep%202025.pdf,0
https://www.bangor.ac.uk/international/support/FAQ-visa,0
https://www.bangor.ac.uk/go-further/finance,0
https://www.bangor.ac.uk/international/support/visa_graduation,0
https://www.bangor.ac.uk/sites/default/files/2023-03/How%20to%20apply%20for%20your%20UK%20student%20visa.pdf,0
https://www.bangor.ac.uk/sites/default/files/2025-03/Employer-Request-Letter-PG-January-2025.pdf,0
https://www.bangor.ac.uk/international/support/visa_family_friends,0
https://www.bangor.ac.uk/sites/default/files/2026-01/Employer%20Request%20Letter%20UG%20Jan%202026%20start.pdf,0
https://www.bangor.ac.uk/node/47871,0
https://www.bangor.ac.uk/international/support/visa_withinUK,0
https://www.bangor.ac.uk/international/support/visa_immigration_Glossary,0
https://www.bangor.ac.uk/sites/default/files/2026-01/Employer%20Request%20Letter%20PG%20January%202026.pdf,0
https://www.bangor.ac.uk/international/support/trips/european,0
https://www.bangor.ac.uk/international/support/www.youtube.com/watch?v=5KxquWDt6yA,0
https://www.bangor.ac.uk/profiles/students/ze-wei-tan,0
https://www.bangor.ac.uk/profiles/students/bukola-adetonwa,0
https://www.bangor.ac.uk/profiles/students/ruchen-ye,0
https://www.bangor.ac.uk/profiles/students/jeheshua-obinna-nzeogu,0
https://www.bangor.ac.uk/profiles/students/stella-gmekpebi-gabuljah,0
https://www.bangor.ac.uk/profiles/students/tian-xiaoning,0
https://www.bangor.ac.uk/profiles/students/sae-eguchi,0
https://www.bangor.ac.uk/profiles/students/omanchi-agbaji,0
https://www.bangor.ac.uk/profiles/students/wendy-mary-swart,0
https://www.bangor.ac.uk/profiles/students/trish-mutonono,0
https://www.bangor.ac.uk/profiles/students/derya-atli,0
https://www.bangor.ac.uk/profiles/students/anthony-ho-yin-kan,0
https://www.bangor.ac.uk/profiles/students/mihal-raul-muntean,0
https://www.bangor.ac.uk/profiles/students/sobia,0
https://www.bangor.ac.uk/profiles/students/nenie-anetekhai,0
https://www.bangor.ac.uk/profiles/students/hristian-vito-vitomirov-vuto,0
https://www.bangor.ac.uk/profiles/students/chiu-hiu-ying-samantha,0
https://www.bangor.ac.uk/profiles/students/akash-ilyas,0
https://www.bangor.ac.uk/profiles/students/oluwaseun-medayedupin,0
https://www.bangor.ac.uk/profiles/students/genesis-almanzar-rivera,0
https://www.bangor.ac.uk/profiles/students/mayu-kawamura,0
https://www.bangor.ac.uk/profiles/students/vaithehiy-yogendran,0
https://www.bangor.ac.uk/profiles/students/sijing-shen,0
https://www.bangor.ac.uk/profiles/students/ranjan-pandey,0
https://www.bangor.ac.uk/profiles/students/lamiya-kabir-nodi,0
https://www.bangor.ac.uk/profiles/students/zhen-tang,0
https://www.bangor.ac.uk/profiles/students/peter-hoyer,0
https://www.bangor.ac.uk/profiles/students/tathagata-ganguly,0
https://www.bangor.ac.uk/profiles/students/ashok-singh,0
https://www.bangor.ac.uk/profiles/students/abdulmalik-yemi-olaosebikan,0
https://www.bangor.ac.uk/profiles/students/jabesh-okumu,0
https://www.bangor.ac.uk/profiles/students/paola-alejandra-sundaram-buitrago,0
https://www.bangor.ac.uk/profiles/students/tianyi-ma,0
https://www.bangor.ac.uk/profiles/students/abdulaziz-alwishiqri,0
https://www.bangor.ac.uk/profiles/students/raja-asad,0
https://www.bangor.ac.uk/profiles/students/mohsen-hajari,0
https://www.bangor.ac.uk/profiles/students/noah-bryant,0
https://www.bangor.ac.uk/profiles/students/minhajul-kahir-mehrab,0
https://www.bangor.ac.uk/profiles/students/perpetua-ifiemor,0
https://www.bangor.ac.uk/profiles/students/glory-ogbonda,0
https://www.bangor.ac.uk/profiles/students/toniieshaa-jaya-kumar,0
https://www.bangor.ac.uk/profiles/students/abinesh-viyapury,0
https://www.bangor.ac.uk/profiles/students/nghia-nguyen-huu,0
https://www.bangor.ac.uk/profiles/students/daisy-nabaggala-ntege,0
https://www.bangor.ac.uk/profiles/students/samuel-dickins,0
https://www.bangor.ac.uk/profiles/students/manas-ganguly,0
https://www.bangor.ac.uk/profiles/students/shuling-huang,0
https://www.bangor.ac.uk/profiles/students/abrar-m-a-a-abdulshaikh,0
https://www.bangor.ac.uk/profiles/students/rahul-kumar,0
https://www.bangor.ac.uk/profiles/students/maile-juarez,0
https://www.bangor.ac.uk/profiles/students/ayda-unal,0
https://www.bangor.ac.uk/profiles/students/danish-bhateja,0
https://www.bangor.ac.uk/profiles/students/kirthana-pillay,0
https://www.bangor.ac.uk/profiles/students/thipkanlaya-jaiaue,0
https://www.bangor.ac.uk/profiles/students/shaina-adelman,0
https://www.bangor.ac.uk/profiles/students/nebu-george,0
https://www.bangor.ac.uk/profiles/students/linh-hoang-khanh-vo,0
https://www.bangor.ac.uk/profiles/students/sami-ali-a-alshehri,0
https://www.bangor.ac.uk/profiles/students/maha-alrajhi,0
https://www.bangor.ac.uk/profiles/students/zahra-abbaszadeh,0
https://www.bangor.ac.uk/profiles/students/fahad-mushtaq,0
https://www.bangor.ac.uk/profiles/students/aili-dong,0
https://www.bangor.ac.uk/profiles/students/gabriela-palusinska,0
https://www.bangor.ac.uk/profiles/students/andreea-diveica,0
https://www.bangor.ac.uk/profiles/students/onohomen-audu-celestine,0
https://www.bangor.ac.uk/profiles/students/madison-ramsey,0
https://www.bangor.ac.uk/profiles/students/dmitrii-bucicov,0
https://www.bangor.ac.uk/profiles/students/audrey-lim-lee-ching,0
https://www.bangor.ac.uk/profiles/students/soe-thant-thant-zune-pwint,0
https://www.bangor.ac.uk/profiles/students/emily-tomasino,0
https://www.bangor.ac.uk/profiles/students/abigail-chua,0
https://www.bangor.ac.uk/profiles/students/riike-lappoehn,0
https://www.bangor.ac.uk/profiles/students/adekemi-olabisi-adebowale,0
https://www.bangor.ac.uk/profiles/students/jonggyu-kim,0
https://www.bangor.ac.uk/profiles/students/sandy-robles,0
https://www.bangor.ac.uk/profiles/students/mengya-xu,0
https://www.bangor.ac.uk/profiles/students/kodchawan-doungsong,0
https://www.bangor.ac.uk/profiles/students/pei-yun-chen,0
https://www.bangor.ac.uk/profiles/students/pretty-karibo,0
https://www.bangor.ac.uk/profiles/students/emilie-helene-angelique-hutet,0
https://www.bangor.ac.uk/profiles/students/raphael-owusu-antwi,0
https://www.bangor.ac.uk/profiles/students/indhira-vargas-espinal,0
https://www.bangor.ac.uk/profiles/students/ahmed-hassan-chishti,0
https://www.bangor.ac.uk/profiles/students/simon-soltes,0
https://www.bangor.ac.uk/profiles/students/dorigen-inkoom,0
https://www.bangor.ac.uk/profiles/students/sudeshika-preethimali,0
https://www.bangor.ac.uk/profiles/students/moneeb-ur-rehman,0
https://www.bangor.ac.uk/profiles/students/shairjeel-mazhar-0,0
https://forest4climateandpeople.bangor.ac.uk/news-blog/forest4climate-people-at-xv-world-forestry-congress-seoul-republic-of-korea-16963,0
https://forest4climateandpeople.bangor.ac.uk/news-blog/upcoming-national-workshop-on-reconciling-protected-area-management-and-poverty-alleviation-14985,0
https://forest4climateandpeople.bangor.ac.uk/news-blog/training-on-social-safeguards-in-the-northern-highlands-of-madagascar-14987,0
https://forest4climateandpeople.bangor.ac.uk/news-blog/,0
https://forest4climateandpeople.bangor.ac.uk/news-blog/-voices-from-the-forest-film-used-to-bring-local-voices-into-cop26-discussions-15426,0
https://forest4climateandpeople.bangor.ac.uk/news-blog/2024-06,0
https://forest4climateandpeople.bangor.ac.uk/news-blog/2022-12,0
https://forest4climateandpeople.bangor.ac.uk/news-blog/2022-04,0
https://forest4climateandpeople.bangor.ac.uk/news-blog/mirari-project-has-a-new-website-mitsilo-20062,0
https://forest4climateandpeople.bangor.ac.uk/news-blog/world-environment-day-forest4climate-amp-people-researcher-takes-part-in-live-tv-debate-involving-the-minister-of-environment-and-sustainable-development-14984,0
https://forest4climateandpeople.bangor.ac.uk/news-blog/-voice-from-the-forest-film-launch-15425,0
https://forest4climateandpeople.bangor.ac.uk/news-blog/2021-10,0
https://forest4climateandpeople.bangor.ac.uk/news-blog/meeting-with-the-minister-of-environment-and-sustainable-development-14982,0
https://forest4climateandpeople.bangor.ac.uk/news-blog/madagascar-holds-a-pre-cop-to-prepare-for-glasgow-15441,0
https://forest4climateandpeople.bangor.ac.uk/news-blog/national-workshop-on-the-2020-2021-reforestation-campaign-march-18-19-2020-in-antananarivo-14983,0
https://forest4climateandpeople.bangor.ac.uk/meet-the-team.php.en,0
https://forest4climateandpeople.bangor.ac.uk/news-blog/forest4climate-people-research-feeds-into-high-profile-article-on-the-importance-of-safeguarding-indigenous-people-in-the-cop26-declaration-on-halting-forest-loss-16062,0
https://forest4climateandpeople.bangor.ac.uk/news-blog/-voices-from-the-forest-trailer-played-at-the-iucn-world-conservation-congress-15428,0
https://forest4climateandpeople.bangor.ac.uk/news-blog/what-makes-good-nature-based-solutions-critical-social-scientist-from-forest4climate-people-shares-her-perspectives-15882,0
https://forest4climateandpeople.bangor.ac.uk/news-blog/2020-02,0
https://forest4climateandpeople.bangor.ac.uk/news-blog/national-workshop-on-best-practices-in-social-safeguards-around-protected-areas-in-madagascar-18782,0
https://forest4climateandpeople.bangor.ac.uk/news-blog/2022-08,0
https://forest4climateandpeople.bangor.ac.uk/news-blog/2020-03,0
https://forest4climateandpeople.bangor.ac.uk/news-blog/forest-landscape-restoration-what-challenges-for-madagascar--17003,0
https://forest4climateandpeople.bangor.ac.uk/news-blog/2021-12,0
https://forest4climateandpeople.bangor.ac.uk/contact-us.php.en,0
https://forest4climateandpeople.bangor.ac.uk/news-blog/forest4climate-people-head-up-north--17142,0
https://forest4climateandpeople.bangor.ac.uk/news-blog/important-new-paper-on-the-impacts-of-covid-lockdowns-on-fires-in-madagascar-s-protected-areas-16964,0
https://forest4climateandpeople.bangor.ac.uk/news-blog/how-we-trained-local-communities-and-protected-area-managers-on-collaborative-conservation-19002,0
https://forest4climateandpeople.bangor.ac.uk/news-blog/2023-09,0
https://forest4climateandpeople.bangor.ac.uk/actualites-blog,0
https://forest4climateandpeople.bangor.ac.uk/news-blog/forest4climate-people-and-mirari-present-at-the-first-iucn-africa-protected-areas-congress-kigali-rwanda-17462,0
https://forest4climateandpeople.bangor.ac.uk/videos.php.en,0
https://forest4climateandpeople.bangor.ac.uk/news-blog/2023-02,0
https://forest4climateandpeople.bangor.ac.uk/news-blog/conservation-and-local-people-informing-madagascar-s-policy-on-social-safeguards-around-protected-areas-14986,0
https://forest4climateandpeople.bangor.ac.uk/news-blog/forest4climate-people-head-out-west--16863,0
https://forest4climateandpeople.bangor.ac.uk/news-blog/1st-event-on-the-uk-pavilion-at-cop26-reflects-on-lessons-from-redd--15430,0
https://forest4climateandpeople.bangor.ac.uk/background.php.en,0
https://forest4climateandpeople.bangor.ac.uk/other-partners-in-madagascar.php.en,0
https://forest4climateandpeople.bangor.ac.uk/mirari.php.en,0
https://forest4climateandpeople.bangor.ac.uk/news-blog/2022-06,0
https://forest4climateandpeople.bangor.ac.uk/news-blog/2023-07,0
https://forest4climateandpeople.bangor.ac.uk/news-blog/2021-09,0
https://forest4climateandpeople.bangor.ac.uk/news-blog/communication-and-awareness-poster-on-social-safeguarding-in-madagascar-s-protected-areas-16022,0
https://forest4climateandpeople.bangor.ac.uk/news-blog/forest4climate-people-film-showing-and-panel-discussion-facilitates-open-dialog-across-diverse-stakehodlers-16965,0
https://forest4climateandpeople.bangor.ac.uk/index.php.en,0
https://forest4climateandpeople.bangor.ac.uk/news-blog/q-and-a-with-sarobidy-at-cop26-15423,0
https://forest4climateandpeople.bangor.ac.uk/resources.php.en,0
https://forest4climateandpeople.bangor.ac.uk/news-blog/strengthening-the-capacity-of-managers-for-more-resilient-and-equitable-conservation-in-madagascar-18262,0
https://forest4climateandpeople.bangor.ac.uk/news-blog,0
https://forest4climateandpeople.bangor.ac.uk/news-blog/2022-05,0
https://forest4climateandpeople.bangor.ac.uk/news-blog/2021-11,0
https://forest4climateandpeople.bangor.ac.uk/news-blog/local-communities-give-their-feedback-on-voices-from-the-forest-film-15461,0
https://forest4climateandpeople.bangor.ac.uk/news-blog/forest4climate-people-at-the-iucn-world-conservation-congress-15462,0
https://forest4climateandpeople.bangor.ac.uk/news-blog/the-new-project-mirari-continues-the-forest4climate-people-s-impact-activities-17182,0
https://forest4climateandpeople.bangor.ac.uk/news-blog/decision-makers-swop-roles-with-local-communities-15562,0
https://forest4climateandpeople.bangor.ac.uk/news-blog/reflections-on-what-the-glasgow-leaders-declaration-on-deforestation-really-means-for-forest-conservation-15429,0
https://forest4climateandpeople.bangor.ac.uk/news-blog/sharing-workshop-on-the-social-issues-of-forest-restoration-and-conservation-15602,0
https://forest4climateandpeople.bangor.ac.uk/news-blog/forest4climate-people-team-members-present-at-the-international-congress-of-conservation-biology-15762,0
https://forest4climateandpeople.bangor.ac.uk/news-blog/how-can-researchers-help-mainstream-concepts-such-as-forest-based-solutions-in-global-climate-change-policies-and-develop-impact-indicators--15903,0
https://forest4climateandpeople.bangor.ac.uk/news-blog/2020-10,0
https://forest4climateandpeople.bangor.ac.uk/news-blog/mirari-s-team-recently-visited-three-local-communities-across-three-protected-areas-18062,0
https://forest4climateandpeople.bangor.ac.uk/news-blog/forest4climate-people-film-featured-on-radio-4-15424,0
https://forest4climateandpeople.bangor.ac.uk/news-blog/alpha,0
https://forest4climateandpeople.bangor.ac.uk/news-blog/forest4climate-people-team-talk-to-the-media-at-cop26-15902,0
https://forest4climateandpeople.bangor.ac.uk/news-blog/forest4climate-people-team-share-results-with-conservation-projects-16962,0
https://forest4climateandpeople.bangor.ac.uk/news-blog/2021-02,0
https://forest4climateandpeople.bangor.ac.uk/our-activities.php.en,0
https://forest4climateandpeople.bangor.ac.uk/news-blog/research-results-presented-at-the-university-of-antananarivo-16862,0
https://forest4climateandpeople.bangor.ac.uk/news-blog/2020-09,0
https://forest4climateandpeople.bangor.ac.uk/news-blog/2022-01,0
https://www.bangor.ac.uk/cy/newyddion/gwaith-ymchwil-ar-fagu-plant-yn-ennill-papur-gorau-gan-yr-association-for-child-and,0
https://www.bangor.ac.uk/cy/newyddion/cyfrol-newydd-yn-trafod-polisi-cymdeithasol-yng-nghymru-ers-datganoli,0
https://www.bangor.ac.uk/events/book-launch-social-policy-for-welfare-practice-in-wales,0
https://www.bangor.ac.uk/cy/newyddion/tymheredd-arwyneb-rhewlifoedd-yn-cynyddu-ar-dor-byd-1,0
https://www.bangor.ac.uk/cy/newyddion/ensymau-ywr-ateb,0
https://www.bangor.ac.uk/staff/shs/gill-toms-058227/en,0
https://www.bangor.ac.uk/staff/shs/en,0
https://www.bangor.ac.uk/staff/shs/hanna-wood-715694/en,0
https://www.bangor.ac.uk/staff/shs/emily-shiel-731505/en,0
https://www.bangor.ac.uk/staff/shs/ned-hartfiel-065591/en,0
https://www.bangor.ac.uk/staff/shs/julie-roberts-049401/en,0
https://www.bangor.ac.uk/staff/shs/bob-woods-006373/en,0
https://www.bangor.ac.uk/staff/shs/patricia-masterson-algar-052490/en,0
https://www.bangor.ac.uk/staff/shs/rhys-morris-064210/en,0
https://www.bangor.ac.uk/staff/shs/jessica-baillie-742419/en,0
https://www.bangor.ac.uk/staff/shs/emme-martin-660959/en,0
https://www.bangor.ac.uk/staff/shs/noureen-shivji-718797/en,0
https://www.bangor.ac.uk/staff/shs/trys-burke-082777/en,0
https://www.bangor.ac.uk/staff/shs/victory-ezeofor-452942/en,0
https://www.bangor.ac.uk/staff/shs/iola-roberts-164555/en,0
https://www.bangor.ac.uk/staff/shs/jacob-davies-583949/en,0
https://www.bangor.ac.uk/staff/shs/lucy-melville-richards-051517/en,0
https://www.bangor.ac.uk/staff/shs/becky-moseley-056903/en,0
https://www.bangor.ac.uk/staff/shs/nia-jones-038735/en,0
https://www.bangor.ac.uk/staff/shs/hannah-jelley-016671/en,0
https://www.bangor.ac.uk/staff/shs/ffion-simcox-063753/en,0
https://www.bangor.ac.uk/staff/shs/san-roberts-048703/en,0
https://www.bangor.ac.uk/staff/shs/julie-lunt-041580/en,0
https://www.bangor.ac.uk/staff/shs/fiona-sandom-483653/en,0
https://www.bangor.ac.uk/staff/shs/lauren-james-715811/en,0
https://www.bangor.ac.uk/staff/shs/andy-dake-681673/en,0
https://www.bangor.ac.uk/staff/shs/leah-mclaughlin-112703/en,0
https://www.bangor.ac.uk/staff/shs/may-silveira-bianchim-600381/en,0
https://www.bangor.ac.uk/staff/shs/bethan-hughes-660963/en,0
https://www.bangor.ac.uk/staff/shs/rhiannon-tudor-edwards-009110/en,0
https://www.bangor.ac.uk/staff/shs/ruth-lovelady-014141/en,0
https://www.bangor.ac.uk/staff/shs/eira-winrow-065620/en,0
https://www.bangor.ac.uk/staff/shs/sian-davies-008574/en,0
https://www.bangor.ac.uk/staff/shs/sheila-brown-016138/en,0
https://www.bangor.ac.uk/staff/shs/huw-lloyd-williams-000659/en,0
https://www.bangor.ac.uk/staff/shs/anusha-singh-734933/en,0
https://www.bangor.ac.uk/staff/shs/ed-lord-697870/en,0
https://www.bangor.ac.uk/staff/shs/nia-jones-536866/en,0
https://www.bangor.ac.uk/staff/shs/bethany-anthony-056168/en,0
https://www.bangor.ac.uk/staff/shs/sadia-nafees-076809/en,0
https://www.bangor.ac.uk/staff/shs/enfys-roberts-102800/en,0
https://www.bangor.ac.uk/staff/shs/miv-davies-030862/en,0
https://www.bangor.ac.uk/staff/shs/lisa-fox-pritchard-514328/en,0
https://www.bangor.ac.uk/staff/shs/ciara-molloy-642849/en,0
https://www.bangor.ac.uk/staff/shs/gill-windle-008774/en,0
https://www.bangor.ac.uk/staff/shs/jen-roberts-013951/en,0
https://www.bangor.ac.uk/staff/shs/carys-lambert-136400/en,0
https://www.bangor.ac.uk/staff/shs/roisin-martin-477472/en,0
https://www.bangor.ac.uk/staff/shs/kalpa-pisavadia-470672/en,0
https://www.bangor.ac.uk/staff/shs/tracy-hanmer-673130/en,0
https://www.bangor.ac.uk/staff/shs/kat-ford-129785/en,0
https://www.bangor.ac.uk/staff/shs/sophie-armstrong-742309/en,0
https://www.bangor.ac.uk/staff/shs/toni-jones-734624/en,0
https://www.bangor.ac.uk/staff/shs/david-matthews-026976/en,0
https://www.bangor.ac.uk/staff/shs/lorelei-jones-477769/en,0
https://www.bangor.ac.uk/staff/shs/lou-westmore-088265/en,0
https://www.bangor.ac.uk/staff/shs/cy,0
https://www.bangor.ac.uk/staff/shs/mared-jones-109754/en,0
https://www.bangor.ac.uk/staff/shs/mari-morgan-600882/en,0
https://www.bangor.ac.uk/staff/shs/helen-charles-098331/en,0
https://www.bangor.ac.uk/staff/shs/nicola-scott-679101/en,0
https://www.bangor.ac.uk/staff/shs/wendy-roberts-556181/en,0
https://www.bangor.ac.uk/staff/shs/lucy-bryning-015183/en,0
https://www.bangor.ac.uk/staff/shs/emily-rigby-575469/en,0
https://www.bangor.ac.uk/staff/shs/greg-flynn-048781/en,0
https://www.bangor.ac.uk/staff/shs/louise-booth-530294/en,0
https://www.bangor.ac.uk/staff/shs/samantha-jones-102688/en,0
https://www.bangor.ac.uk/staff/shs/tom-graham-420146/en,0
https://www.bangor.ac.uk/staff/shs/julie-green-690573/en,0
https://www.bangor.ac.uk/staff/shs/kelly-horan-682104/en,0
https://www.bangor.ac.uk/staff/shs/gwenan-prysor-004749/en,0
https://www.bangor.ac.uk/staff/shs/morgan-savoury-717229/en,0
https://www.bangor.ac.uk/staff/shs/kim-barnett-622976/en,0
https://www.bangor.ac.uk/staff/shs/louise-prendergast-008378/en,0
https://www.bangor.ac.uk/staff/shs/farhana-shoro-735649/en,0
https://www.bangor.ac.uk/staff/shs/ruth-wyn-williams-048168/en,0
https://www.bangor.ac.uk/staff/shs/anne-krayer-016749/en,0
https://www.bangor.ac.uk/staff/shs/molly-bellis-722459/en,0
https://www.bangor.ac.uk/staff/shs/karen-lacey-529550/en,0
https://www.bangor.ac.uk/staff/shs/bernard-okeah-127039/en,0
https://www.bangor.ac.uk/staff/shs/rhian-lloyd-000922/en,0
https://www.bangor.ac.uk/staff/shs/charlotte-heneghan-669340/en,0
https://www.bangor.ac.uk/staff/shs/elizabeth-mason-007872/en,0
https://www.bangor.ac.uk/staff/shs/julie-owen-603608/en,0
https://www.bangor.ac.uk/staff/shs/diane-seddon-008542/en,0
https://www.bangor.ac.uk/staff/shs/jane-bone-551528/en,0
https://www.bangor.ac.uk/staff/shs/julie-cripps-036525/en,0
https://www.bangor.ac.uk/staff/shs/nia-dwynwen-603560/en,0
https://www.bangor.ac.uk/research-students/shs/en,0
https://www.bangor.ac.uk/staff/shs/david-coyle-077441/en,0
https://www.bangor.ac.uk/staff/shs/siwan-humphreys-097135/en,0
https://www.bangor.ac.uk/staff/shs/glain-jones-641543/en,0
https://www.bangor.ac.uk/staff/shs/zahra-jorjoran-shushtari-669330/en,0
https://www.bangor.ac.uk/staff/shs/sofie-roberts-046273/en,0
https://www.bangor.ac.uk/staff/shs/sangeeta-chandrashekar-652523/en,0
https://www.bangor.ac.uk/staff/shs/jean-davies-505021/en,0
https://www.bangor.ac.uk/staff/shs/alison-orrell-099188/en,0
https://www.bangor.ac.uk/staff/shs/sarah-peddle-699260/en,0
https://www.bangor.ac.uk/staff/shs/carys-stringer-015493/en,0
https://www.bangor.ac.uk/staff/shs/ellie-crane-617090/en,0
https://www.bangor.ac.uk/staff/shs,0
https://www.bangor.ac.uk/staff/shs/lauren-irving-520735/en,0
https://www.bangor.ac.uk/staff/shs/pim-doungsong-550371/en,0
https://www.bangor.ac.uk/staff/shs/eirlys-walker-098332/en,0
https://www.bangor.ac.uk/staff/shs/emily-peckham-647597/en,0
https://www.bangor.ac.uk/staff/shs/vicky-barnett-603628/en,0
https://www.bangor.ac.uk/staff/shs/john-parkinson-008918/en,0
https://www.bangor.ac.uk/staff/shs/john-bailey-014947/en,0
https://www.bangor.ac.uk/staff/shs/ceryl-davies-115281/en,0
https://www.bangor.ac.uk/staff/shs/emma-stock-550614/en,0
https://www.bangor.ac.uk/staff/shs/rosemary-smith-002887/en,0
https://www.bangor.ac.uk/staff/shs/jo-jones-101071/en,0
https://www.bangor.ac.uk/staff/shs/emma-begley-573388/en,0
https://www.bangor.ac.uk/staff/shs/emily-bebbington-134594/en,0
https://www.bangor.ac.uk/staff/shs/jo-daly-546178/en,0
https://www.bangor.ac.uk/staff/shs/katy-roberts-551478/en,0
https://www.bangor.ac.uk/cy/newyddion/llynnoedd-lledred-uchel-yn-cynhesun-gyflym-0,0
https://www.bangor.ac.uk/news/2023-05-22-lakes-reflect-the-pace-of-shifting-seasons,0
https://research.bangor.ac.uk/en/publications/1ba6a767-8504-41de-bee8-551f3cf4a398,0
https://research.bangor.ac.uk/en/publications/aa6f4673-e7d8-4193-b40f-661e838e156d,0
https://research.bangor.ac.uk/en/activities/e46031eb-d34a-49a2-bc3b-96de5b0c4f20,0
https://research.bangor.ac.uk/en/persons/5059ebe4-11a0-42cd-98c7-9eb9a4d290e3,0
https://research.bangor.ac.uk/en/activities/74ff2602-003e-47b7-9d97-7d412baa4b61,0
https://research.bangor.ac.uk/en/publications/97216a9d-7ca8-4d2b-a12a-6a993a2ba944,0
https://research.bangor.ac.uk/en/publications/bbdb47ec-8a80-4fdd-9bee-7536e5c9bb96,0
https://research.bangor.ac.uk/en/publications/134cb03d-349b-44c4-8af7-b988876e7caf,0
https://research.bangor.ac.uk/en/publications/627f7359-f900-4436-bafd-bd8769cff87f,0
https://research.bangor.ac.uk/en/publications/71e284c4-9494-416a-86dd-f514f6424515,0
https://research.bangor.ac.uk/en/activities/77c0c6b3-6816-474a-bb7d-5181918160bd,0
https://www.bangor.ac.uk/staff/spss/en,0
https://research.bangor.ac.uk/en/publications/947c8d8e-22a5-4514-ba5c-068815bee50a,0
https://research.bangor.ac.uk/en/publications/657532e4-7bc1-4e75-946c-6b1620324687,0
https://research.bangor.ac.uk/en/publications/7d3da71a-5267-4835-8d25-a19472d3af4b,0
https://research.bangor.ac.uk/en/publications/064d6664-a020-4fd6-86f1-7c0524370623,0
https://research.bangor.ac.uk/en/publications/00b1152c-98dd-4398-a48d-17f57d003c4c,0
https://research.bangor.ac.uk/en/publications/08c6e053-be32-4caa-8714-2b15fb8e1a9e,0
https://research.bangor.ac.uk/en/publications/f7edc82b-f473-41e9-bfca-9111b3cb7796,0
https://research.bangor.ac.uk/en/activities/d058e9b1-7140-42b9-b151-5c6494e4da76,0
https://research.bangor.ac.uk/portal/en/researchprojects/literature-review-for-the-minister-of-education(38ad9656-fd4b-4a1f-b9fb-d3bb13808d24).html,0
https://research.bangor.ac.uk/en/publications/48b79c43-f5ba-429b-8a13-11bb76b7f230,0
https://research.bangor.ac.uk/en/publications/a8173ee3-19fc-4873-b95e-7eb44b985379,0
https://research.bangor.ac.uk/en/publications/6c3d2123-43df-4b72-9115-8c4ffe8030ed,0
https://research.bangor.ac.uk/en/publications/dd85f6f7-dc7b-4a28-a90e-ba702ef1d030,0
https://research.bangor.ac.uk/en/publications/b30be62f-5989-44fa-af53-1536f700037a,0
https://research.bangor.ac.uk/en/publications/94529972-17a0-490d-9026-7da7040e7dab,0
https://research.bangor.ac.uk/en/publications/7b955b90-2df1-4f70-82f6-7ecc29a46ac7,0
https://research.bangor.ac.uk/en/publications/eaabac17-6d2f-4f5e-a518-a9475f658715,0
https://www.bangor.ac.uk/staff/spss/marketa-caravolas-015958/en,0
https://research.bangor.ac.uk/en/activities/e32bcc76-0926-41b4-b88d-1fcb6e734c4a,0
https://research.bangor.ac.uk/en/publications/53327b74-b39a-4009-85fc-419073771992,0
https://research.bangor.ac.uk/en/publications/30f05dd9-7133-42d1-b36f-a77e3557ac43,0
https://research.bangor.ac.uk/en/publications/b2553949-8a9c-439a-8ae0-75c0ffbef410,0
https://research.bangor.ac.uk/en/publications/08d57345-c878-4c94-9b3e-5c91ce69f40b,0
https://research.bangor.ac.uk/portal/en/researchprojects/optimising-and-efficacy-testing-of-remote-online-assessments-of-childrens-literacy-related-phonological-skills-covid-19(cb35f7f0-b5d4-4a86-a679-d8ff3e8a7216).html,0
https://research.bangor.ac.uk/en/publications/a8732240-4f23-433e-b10d-2c4ef8a886bf,0
https://research.bangor.ac.uk/en/publications/c0e26992-adf3-4615-9c43-86691fe5d405,0
https://research.bangor.ac.uk/en/publications/c9e969af-180f-4191-82a8-324465a534ce,0
https://research.bangor.ac.uk/portal/en/researchprojects/cross-linguistic-studies-of-alphabetic-literacy-development-universals-and-specifics-from-theory-to-applications(1ff692f3-5a0c-4b5a-bd51-db26c5565aac).html,0
https://research.bangor.ac.uk/en/publications/63041490-d64a-4b3a-904d-0a12303a5545,0
https://research.bangor.ac.uk/en/publications/e8cdb253-31bc-449b-988c-749069757e6e,0
https://research.bangor.ac.uk/en/publications/59691a8b-cd6d-4d5a-92df-02d5ba535ec3,0
https://research.bangor.ac.uk/en/publications/4733458f-ec1c-42e2-acf5-b95f7931bfee,0
https://research.bangor.ac.uk/en/publications/9624c909-21ef-4873-a7ff-32d71b771264,0
https://research.bangor.ac.uk/en/publications/7dbc9847-3caf-44a1-98bf-9f783aac3381,0
https://research.bangor.ac.uk/en/activities/2d46ff65-3059-4bd0-b9e0-5fc609c13c97,0
https://research.bangor.ac.uk/en/publications/a407d5fc-9a04-401a-8e92-f77996b04f2f,0
https://research.bangor.ac.uk/en/publications/6b8463fd-adf5-4831-981b-58e6d37533a6,0
https://research.bangor.ac.uk/en/publications/39ca29ad-aec8-4885-b6f3-eceeb5da810d,0
https://research.bangor.ac.uk/en/publications/99197bea-0b54-48a0-8492-966ca6a1108a,0
https://research.bangor.ac.uk/en/publications/8529aa7d-8720-4cc4-86d5-e1e078085a92,0
https://research.bangor.ac.uk/en/publications/4173f0f2-3982-48a5-a22a-1625cd656e57,0
https://research.bangor.ac.uk/portal/en/researchprojects/is-there-an-optimal-age-to-begin-learning-to-read(892f8fe9-0cc7-4661-89f3-ad8605f7b783).html,0
https://research.bangor.ac.uk/portal/en/researchprojects/to-further-development-of-the-mabel-tool(6b115632-3aad-4367-aa0d-b69346864313).html,0
https://research.bangor.ac.uk/en/publications/e2bf9dff-96fe-46be-8541-3ca9dfa39c9e,0
https://research.bangor.ac.uk/en/publications/0bb42e12-604c-4307-aabc-e15eb92869c1,0
https://research.bangor.ac.uk/portal/en/researchprojects/how-do-language-and-spelling-based-difficulties-manifest-in-the-handwriting-of-children-with-dyslexia(0eb9a66e-fd47-4333-b3ff-117d161c1026).html,0
https://research.bangor.ac.uk/en/publications/31e87559-73a4-4561-a2c7-440110273918,0
https://research.bangor.ac.uk/en/publications/54b5ae7b-82f3-4bc0-99c0-9a0efac0ab8a,0
https://research.bangor.ac.uk/en/publications/2717a99b-79aa-4d76-a65a-42efe6a10cef,0
https://research.bangor.ac.uk/en/publications/5434a11a-1d70-4c84-a4b9-602c7b030178,0
https://research.bangor.ac.uk/en/publications/4d852077-8b0e-4f10-bb0f-60d5a0855af5,0
https://research.bangor.ac.uk/en/activities/5bd86262-3528-4797-bc48-65c3b9e105e7,0
https://research.bangor.ac.uk/en/publications/e3d324fe-e7c2-4960-94a5-9485db32304a,0
https://research.bangor.ac.uk/en/publications/e5a3d519-7393-4aa4-a075-212148bea114,0
https://research.bangor.ac.uk/en/publications/247a1a21-e2f4-43cb-a67f-b333ed8b90ac,0
https://research.bangor.ac.uk/en/publications/918918f9-1605-460d-ab2b-6a471912431e,0
https://research.bangor.ac.uk/en/activities/404718ad-2e88-4757-b73f-2b961d126fdf,0
https://research.bangor.ac.uk/en/publications/77fc6b7c-29f4-4b8d-ab10-9079d0e307f2,0
https://research.bangor.ac.uk/en/publications/e0f4b21a-87a5-48b3-9fa4-006374189262,0
https://research.bangor.ac.uk/en/publications/54ab9e51-125a-4d85-b84c-9b982fa17bfa,0
https://research.bangor.ac.uk/en/publications/49b9271b-bd0f-4774-8866-e1ee66a175b7,0
https://research.bangor.ac.uk/en/publications/72e4c142-d622-4d57-b48d-3a9146e70151,0
https://research.bangor.ac.uk/en/publications/7db2a4f6-2e52-49e7-b0c6-e5107c8a4f8e,0
https://research.bangor.ac.uk/en/publications/239268b0-5013-4f7f-be05-8a8a840719be,0
https://research.bangor.ac.uk/en/publications/a8a6b3b0-ed21-4905-b1e9-e3897f583d91,0
https://research.bangor.ac.uk/en/publications/8df0156d-bf7c-448c-987c-363c7d33e9d4,0
https://research.bangor.ac.uk/en/publications/cd977992-d4ca-43f0-87c5-cb1eb51d3855,0
https://www.bangor.ac.uk/staff/spss/marketa-caravolas-015958/cy,0
https://research.bangor.ac.uk/en/activities/5aeb5824-565f-4e6d-a293-9410997f11c2,0
https://research.bangor.ac.uk/en/publications/0b7eaab7-370e-4663-8cb3-d7afc535d627,0
https://research.bangor.ac.uk/en/activities/1ffc574e-1ca3-4824-9a3d-118b26b9aa53,0
https://research.bangor.ac.uk/en/publications/c37b1f47-f54a-4088-97d5-4a2a47a47a33,0
https://research.bangor.ac.uk/en/publications/dfa467d0-7b2b-45a9-8b9b-f380db659439,0
https://research.bangor.ac.uk/en/publications/b35352e5-49b7-44ae-b4fe-4487c45fa729,0
https://research.bangor.ac.uk/en/activities/a35a152e-8c5d-44d6-958d-094b6f2bbfa0,0
https://research.bangor.ac.uk/portal/en/researchprojects/enhancing-literacy-development-in-european-languages-eldel(b375916c-a6ff-4484-bd95-6e77adb54c53).html,0
https://research.bangor.ac.uk/portal/en/researchprojects/dysgraphia-and-its-familial-incidence-among-children-with-dyslexia-or-dcd(67ff35df-3a78-46b3-9e66-a612b043b2d8).html,0
https://research.bangor.ac.uk/en/publications/449267a3-d10b-4779-9870-20be796e9cda,0
http://etw.bangor.ac.uk/talks-and-conference-papers,0
http://etw.bangor.ac.uk/cronfa-ddata,0
http://etw.bangor.ac.uk/recordings,0
http://etw.bangor.ac.uk/user-guide,0
http://etw.bangor.ac.uk/tutorial,0
http://etw.bangor.ac.uk/media-coverage,0
http://etw.bangor.ac.uk/downloads,0
http://etw.bangor.ac.uk/accounts,0
http://etw.bangor.ac.uk/wales-and-scotland,0
http://etw.bangor.ac.uk/acknowledgements,0
http://etw.bangor.ac.uk/conferences,0
http://etw.bangor.ac.uk/minority-cultures-and-travel,0
http://etw.bangor.ac.uk/articles,0
http://etw.bangor.ac.uk/team-biographies,0
http://etw.bangor.ac.uk/events,0
http://etw.bangor.ac.uk/welcome,0
http://etw.bangor.ac.uk/eurovisions-exhibition,0
https://research.bangor.ac.uk/en/publications/dd7311d6-7c5c-449e-b0b7-60c3e5387356,0
https://research.bangor.ac.uk/en/publications/3497d348-bbf1-4f6b-9492-176b3301364e,0
https://www.bangor.ac.uk/natural-sciences/undergraduate-modules/DXX-2001,0
https://research.bangor.ac.uk/portal/en/researchprojects/icraf-phd-studentship-mary-crossland(22b7cdf4-27aa-46e6-b797-2fde0fef60a3).html,0
https://research.bangor.ac.uk/en/activities/89f64623-f000-4238-9206-17a1869281dc,0
https://research.bangor.ac.uk/en/publications/8d9f41fd-12e2-4996-b5b7-8fcceae95840,0
https://www.bangor.ac.uk/research-students/natural-sciences/aulia-soebandhi-525256/en,0
https://research.bangor.ac.uk/en/publications/06f8c288-de67-4d17-8e92-2b5bc40b9bcd,0
https://research.bangor.ac.uk/en/publications/fe4777ec-7aec-472f-9fc3-e1f5d8e97f3e,0
https://research.bangor.ac.uk/en/publications/d8c09aac-d25d-4719-9947-a024d6b6e72c,0
https://research.bangor.ac.uk/en/publications/85140e72-19a2-41a0-8f92-bbd0c35bdee7,0
https://research.bangor.ac.uk/en/publications/534557f9-f83b-4eb7-b39f-771b573c7493,0
https://research.bangor.ac.uk/en/publications/b46d00f1-b503-45b3-994b-58ee0902f69e,0
https://research.bangor.ac.uk/en/publications/c4c1045f-fa83-462e-8f3d-527279af328c,0
https://research.bangor.ac.uk/en/publications/bffa2821-9640-49fa-8a75-3fd20924ffc9,0
https://www.bangor.ac.uk/natural-sciences/research/environment-natural-resources-and-geography/students/anne-kuria.php.en,0
https://www.bangor.ac.uk/natural-sciences/research-students/endri-martini-eca645db-925d-48b7-bfbd-b6e371118d49/en,0
https://research.bangor.ac.uk/en/publications/7fc6619c-75be-4450-afb6-de4cb9930464,0
https://research.bangor.ac.uk/en/publications/ab8152ef-acef-407b-9810-ad218372bc57,0
https://www.bangor.ac.uk/hss/BCC.php.en,0
https://research.bangor.ac.uk/en/publications/8d711445-62ec-4160-80f8-18dd4dc0a8f9,0
https://research.bangor.ac.uk/portal/en/researchprojects/climate-smart-woodland-in-wales-csw-wales(a7f7b503-8e09-4327-bc1a-919f32787808).html,0
https://www.bangor.ac.uk/natural-sciences/undergraduate-modules/DXX-3707,0
https://research.bangor.ac.uk/en/publications/f576d830-5723-4795-bfc2-83565447e16f,0
https://www.bangor.ac.uk/natural-sciences/research/environment-natural-resources-and-geography/students/mary-crossland.php.en,0
https://www.bangor.ac.uk/senrgy/research/students/james-hammond.php.en,0
https://research.bangor.ac.uk/en/persons/83b57b05-0f10-43f9-95ee-74b2a398513c,0
https://research.bangor.ac.uk/en/publications/ed0a7036-d508-4fcd-9fd8-e2177da715b0,0
https://www.bangor.ac.uk/natural-sciences/postgraduate-modules/DDL-4004,0
https://research.bangor.ac.uk/en/publications/824ddf41-ace2-4631-b474-c5d8436c6bcb,0
https://research.bangor.ac.uk/en/publications/7223ef23-0cd3-4423-8303-53920475cef4,0
https://research.bangor.ac.uk/portal/en/researchprojects/kess-ii-phd-with-coed-cymru-buk2137(1ebcbcf9-13ac-46d8-bb9d-5f20743583ce).html,0
https://www.bangor.ac.uk/natural-sciences/research/environment-natural-resources-and-geography/students/mai_nguyen.php.en,0
https://research.bangor.ac.uk/en/publications/aff9cbda-6dbf-432b-b973-56a18fc79555,0
https://research.bangor.ac.uk/en/publications/e160f43a-289f-48c8-bb4b-1394e7710a14,0
https://research.bangor.ac.uk/en/publications/c76fcdc0-14c0-4169-bcb3-f29a3ad35061,0
https://research.bangor.ac.uk/en/publications/bc1d87de-fa7d-4b58-b573-116d9201c851,0
https://www.bangor.ac.uk/natural-sciences/postgraduate-modules/DXX-4505,0
https://research.bangor.ac.uk/en/publications/024cec10-73a2-481c-a615-ec2214b256cc,0
https://research.bangor.ac.uk/en/publications/54745eff-bc08-4a38-8281-1bac0a8292d0,0
https://research.bangor.ac.uk/en/publications/3f5494d3-1379-418d-b749-390e12979b03,0
https://research.bangor.ac.uk/en/publications/fc36a863-9c12-4b95-baa6-586a90346bda,0
https://www.bangor.ac.uk/natural-sciences/undergraduate-modules/DXX-1001,0
https://www.bangor.ac.uk/natural-sciences/undergraduate-modules/DXX-3016,0
https://research.bangor.ac.uk/en/publications/834815ca-b624-45a2-a2f5-64897035d9aa,0
https://research.bangor.ac.uk/en/publications/9894e343-7b4e-432f-b07d-bbe521b45717,0
https://research.bangor.ac.uk/en/publications/2319ef4e-2479-4586-8ef0-4a3b40d762ac,0
https://www.bangor.ac.uk/natural-sciences/research/environment-natural-resources-and-geography/students/ashley-hardaker.php.en,0
https://research.bangor.ac.uk/en/publications/bfe0472e-6dc2-4e24-8b47-953aa25840eb,0
https://research.bangor.ac.uk/en/publications/8f67769e-ae04-48c3-86e6-81df33e0df97,0
https://research.bangor.ac.uk/en/publications/8aedf2a4-7e1f-4529-b0ed-4e528b8521e9,0
https://research.bangor.ac.uk/en/publications/40699eea-2933-4f68-872d-3f143e5efd70,0
https://research.bangor.ac.uk/en/publications/7c3abcfc-685c-44a8-96e8-1f06e65b838a,0
https://www.bangor.ac.uk/natural-sciences/postgraduate-modules/DDL-4201,0
https://research.bangor.ac.uk/en/publications/80bcedd4-53e8-477e-a3a3-d323d231f434,0
https://research.bangor.ac.uk/en/publications/bde524a6-81ac-4b8f-baa7-1b56b28823b4,0
https://research.bangor.ac.uk/en/publications/934931b1-da7a-4bdf-9472-2bf998bc0039,0
https://research.bangor.ac.uk/en/publications/d53c3d41-e146-4e8d-af92-6653c02461fd,0
https://research.bangor.ac.uk/en/publications/b0848923-5c3d-4ed8-bdfe-c1794cbac9af,0
https://research.bangor.ac.uk/en/publications/b2b21c3a-5a98-41ac-8c30-fb25d5c96cfb,0
https://research.bangor.ac.uk/en/activities/d6fff02d-f6dd-422e-a43e-cac570d3baa7,0
https://research.bangor.ac.uk/portal/en/researchprojects/icraf-research-2022(5479208c-dbf7-4f7d-aceb-be00f558a424).html,0
https://research.bangor.ac.uk/en/publications/3176104a-6303-470e-9db6-b36b5f7673d9,0
https://research.bangor.ac.uk/en/publications/fc7a0c51-82a9-4f08-89c1-894d2152c8e1,0
https://research.bangor.ac.uk/portal/en/researchprojects/a-trilateral-network-for-agroforestry-and-integrated-regenerative-landscape-management-to-support-climate-resilient-development-and-food-security(fb7c8df1-4a30-458b-b82d-e523cca8bb38).html,0
https://research.bangor.ac.uk/en/publications/15220c11-7ce7-4234-a3ed-4f7af281102f,0
https://research.bangor.ac.uk/en/publications/f491c06e-970b-469d-8b60-af35d802f51d,0
https://www.bangor.ac.uk/courses/undergrad/modules/DXX-1003,0
https://research.bangor.ac.uk/en/publications/c56aa112-134f-4042-9463-b5dbfd50b176,0
https://www.bangor.ac.uk/staff/sens/tim-pagella-000553/cy,0
https://research.bangor.ac.uk/portal/en/researchprojects/diversifying-smallholder-cocoa-systems-in-lampung-indonesia-to-address-sustainability-and-biodiversity-needs-and-empower-women(4e13bb1d-efed-4e37-b166-dc94ec973d56).html,0
https://www.bangor.ac.uk/cy/newyddion/gwyddonwyr-gwyddoraur-eigion-yn-defnyddio-system-fapio-gwelyr-mor-i-helpu-i-leoli-fferm,0
https://www.bangor.ac.uk/cy/newyddion/diweithdra-rhieni-yn-gysylltiedig-a-risg-o-brofiadau-niweidiol-yn-ystod-plentyndod-1,0
https://www.bangor.ac.uk/staff/shs/catrin-hedd-jones-064867/en,0
https://www.bangor.ac.uk/shs/index.php.en,0
https://www.bangor.ac.uk/cy/newyddion/datblygiad-newydd-mewn-prosesu-signalau-digidol-yn-gwneud-lled-band-10-gwaith-yn-well,0
https://www.bangor.ac.uk/cy/newyddion/ymchwil-yn-taflu-goleuni-pellach-ar-effaith-el-nino-ar-barhad-riffiau-cwrel-1,0
https://www.bangor.ac.uk/sens/news/commonwealth-scholarship-commission-scholarships-available-for-msc-programmes-in-0,0
https://www.bangor.ac.uk/cy/ygan,0
https://www.bangor.ac.uk/natural-sciences/opportunities.php.en,0
https://www.bangor.ac.uk/sens/news/nature-supports-a-good-life-in-more-ways-than-one,0
https://www.bangor.ac.uk/natural-sciences/opportunities,0
https://www.bangor.ac.uk/sites/default/files/2025-04/SENS_Newsletter_Spring_2025.pdf,0
https://www.bangor.ac.uk/school/natural-sciences/about,0
https://www.bangor.ac.uk/school/natural-sciences/research-impact,0
https://www.bangor.ac.uk/sens/news/two-bangor-students-win-prizes-at-the-winter-meeting-of-the-primate-society-of-great,0
https://www.bangor.ac.uk/hs/events,0
https://www.bangor.ac.uk/hs/news/school-of-health-science-secures-approval-to-deliver-new-community-nursing-specialist,0
https://www.bangor.ac.uk/study/undergraduate?academic_college=11,0
https://www.bangor.ac.uk/study/postgraduate-research?academic_college=11,0
https://www.bangor.ac.uk/staff/human-sciences,0
https://www.bangor.ac.uk/hs/events/dwy-iaith-dwy-galon-two-languages-two-hearts-welsh-medium-session,0
https://www.bangor.ac.uk/cy/cmi,0
https://www.bangor.ac.uk/hs/policies,0
https://www.bangor.ac.uk/hs/news/supporting-unpaid-carers-research-making-a-global-impact,0
https://www.bangor.ac.uk/hs/events/taster-session-the-science-of-zombies-could-infection-change-human-behaviour,0
https://www.bangor.ac.uk/hs/events/taster-session-mutants-among-us-real-life-human-superpowers-explained,0
https://www.bangor.ac.uk/hs/news/joint-proposal-to-establish-new-dental-school-in-wales,0
https://www.bangor.ac.uk/hs/events/music-and-the-mind,0
https://www.bangor.ac.uk/study/postgraduate?academic_college=11,0
https://www.bangor.ac.uk/hs/events/reverse-engineering-the-brain-and-mind,0
https://www.bangor.ac.uk/hs/events/taster-session-designer-drugs-using-computers-and-ai-to-design-future-medicines,0
https://www.bangor.ac.uk/cy/iaith-diwylliant-celfyddydau,0
https://www.bangor.ac.uk/arts-culture-language/events/andre-caplets-poetic-alchemy-where-prosody-meets-inter-artistic-vision,0
https://www.bangor.ac.uk/arts-culture-language/contact,0
https://www.bangor.ac.uk/staff/arts-culture-language/en,0
https://www.bangor.ac.uk/arts-culture-language/events/across-the-bridge-poetry-and-translation-in-performance-0,0
https://www.bangor.ac.uk/cy/newyddion/cysylltu-mecaneg-tywydd-poeth-ar-lynnoedd-a-blymau-a-allai-fod-yn-wenwynig-0,0
https://www.bangor.ac.uk/cy/newyddion/antarctic-study-proves-glacier-has-undergone-irreversible-retreat-highlighting-0,0
https://www.bangor.ac.uk/cy/newyddion/nid-oherwydd-ei-fod-yno-ywr-unig-reswm-sut-mae-dringo-a-mynyddan-rheoli-emosiynau-2,0
https://footsteps.bangor.ac.uk/en/terms,0
https://footsteps.bangor.ac.uk/cy/index,0
https://footsteps.bangor.ac.uk/en/index,0
https://footsteps.bangor.ac.uk/en/images,0
https://footsteps.bangor.ac.uk/en/vr,0
https://footsteps.bangor.ac.uk/en/atoz,0
https://footsteps.bangor.ac.uk/en/animations,0
https://footsteps.bangor.ac.uk/de/index,0
https://footsteps.bangor.ac.uk/en/trail/towns,0
https://footsteps.bangor.ac.uk/en/trail/slate,0
https://footsteps.bangor.ac.uk/en/trail/copperiron,0
https://footsteps.bangor.ac.uk/en/trail/landscape,0
https://footsteps.bangor.ac.uk/en/trail/coast,0
https://footsteps.bangor.ac.uk/en/trail/telford,0
https://footsteps.bangor.ac.uk/en/trail/religion,0
https://footsteps.bangor.ac.uk/en/trails,0
https://footsteps.bangor.ac.uk/en/stereoscopes,0
https://footsteps.bangor.ac.uk/en/trail/castleshouses,0
https://footsteps.bangor.ac.uk/en/partners,0
https://footsteps.bangor.ac.uk/en/about,0
https://footsteps.bangor.ac.uk/fr/index,0
https://footsteps.bangor.ac.uk/en/digital-resources,0
https://footsteps.bangor.ac.uk/en/,0
https://footsteps.bangor.ac.uk/en/scans,0
https://footsteps.bangor.ac.uk/en/gigapixel,0
https://footsteps.bangor.ac.uk/en/trail/myth,0
https://www.bangor.ac.uk/cy/group/721/content/76341,0
https://www.bangor.ac.uk/cy/newyddion/mae-angen-rheoli-riffiau-cwrel-trwy-ddefnyddio-dull-cydamserol-o-reolir-tir-ar-mor-er-0,0
https://research.bangor.ac.uk/en/publications/ac5c77ac-37f0-41b2-b7a4-0efc6514bf8a,0
https://research.bangor.ac.uk/en/publications/0f3b4233-242d-489e-b2e3-ad4e1e8e542d,0
https://research.bangor.ac.uk/en/publications/456ed22b-af2c-432f-9140-fed91175fd58,0
https://research.bangor.ac.uk/en/publications/272d5bfd-118c-44e0-99f5-e2bbf67f9ac3,0
https://research.bangor.ac.uk/en/activities/0c0d8a68-fd3c-4671-a03c-f5e607a78c15,0
https://research.bangor.ac.uk/en/publications/02902ac8-b1fb-4ca5-9a2f-48e95d53cbcb,0
https://research.bangor.ac.uk/en/publications/10b05db4-9de9-4bb9-a4a3-47236e09cc46,0
https://research.bangor.ac.uk/en/activities/7a5b3a75-23aa-4d0c-9c4a-7d1f1036280d,0
https://research.bangor.ac.uk/en/publications/19f2fef8-8db5-44d4-a129-56a10367a3ac,0
https://research.bangor.ac.uk/en/publications/aa2ad2df-d775-4617-8455-56eb71de3078,0
https://research.bangor.ac.uk/en/publications/da2bf9a6-d5b0-4f3a-84fb-6ea90b819399,0
https://research.bangor.ac.uk/en/publications/77def9b1-781d-4c58-8aba-67b8b2f43780,0
https://research.bangor.ac.uk/portal/en/researchprojects/an-approach-for-dementia-care-practitioners-to-support-carers-and-people-with-dementia-scoping-study(2804ffd4-7c1d-4776-ae92-164311f984f4).html,0
https://research.bangor.ac.uk/portal/en/researchprojects/an-approach-for-dementia-care-practitioners-to-support-carers-and-people-with-dementia-scoping-study(69eb5b51-5dfd-4321-a126-ae9d8134e00d).html,0
https://research.bangor.ac.uk/en/publications/6522ff3e-825c-457e-a681-dca65d109042,0
https://research.bangor.ac.uk/en/publications/119c9a49-42af-4dac-90ad-f8783b937ce5,0
https://research.bangor.ac.uk/en/publications/d43e058c-c1b8-43a9-80d7-42ffdc251653,0
https://research.bangor.ac.uk/en/publications/a410e01a-bbc8-418c-ad9b-6e73fa35d655,0
https://research.bangor.ac.uk/en/activities/503ea794-0094-4bee-a2bc-4d89f31031cb,0
https://research.bangor.ac.uk/en/publications/ed46b564-6468-43e8-ad1a-8d28f1050705,0
https://research.bangor.ac.uk/en/publications/f4b05e01-1e96-4cc4-8565-7fd81e9b542e,0
https://research.bangor.ac.uk/en/publications/c4e4ca9f-1784-4d84-90bb-7d3c420a96ef,0
https://research.bangor.ac.uk/en/publications/a359e7fb-cd19-499d-989b-38b35ce4ed67,0
https://research.bangor.ac.uk/en/publications/6dce4327-a10f-4d61-af7b-b80b3afbf37b,0
https://research.bangor.ac.uk/en/activities/cae268b4-5ea3-4699-8b09-18fcdc53f670,0
https://research.bangor.ac.uk/en/activities/f5859d1f-54d9-4fe8-b8c7-cad334b0b421,0
https://research.bangor.ac.uk/en/publications/3ff4b99e-1234-4145-bb22-07117ad22b05,0
https://research.bangor.ac.uk/portal/en/researchprojects/created-out-of-mindchanging-perceptions-of-dementia-through-art-culture(3e670bea-aee4-4944-b989-b1fe645579d3).html,0
https://research.bangor.ac.uk/en/publications/4530e1f8-839e-49da-a6f9-fe12344571df,0
https://research.bangor.ac.uk/en/publications/09f90cbd-4436-422a-9f1e-e3fbfbf8628b,0
https://research.bangor.ac.uk/en/publications/159b18dc-ad9b-4e11-82c3-f3c121ad2e38,0
https://research.bangor.ac.uk/en/publications/c50bd29f-b2dd-4d38-bdb0-69865f821897,0
https://research.bangor.ac.uk/en/publications/d6a872b4-54be-4ad3-b91c-573a834f4b31,0
https://research.bangor.ac.uk/portal/en/researchprojects/hcrw-senior-research-leader(493beacc-752a-465f-94df-6607bb462d3c).html,0
https://research.bangor.ac.uk/portal/en/researchprojects/lifestyle-matters(83cf8e15-c704-40dd-9f96-0e4aba93621e).html,0
https://research.bangor.ac.uk/en/publications/5f916438-879c-4d1a-af9f-23c0fcafc20c,0
https://research.bangor.ac.uk/en/activities/2e5b55e7-5cab-4043-b419-bd317de589ff,0
https://research.bangor.ac.uk/en/publications/fe7cd782-408a-4377-ab2d-eb6572d57bbb,0
https://research.bangor.ac.uk/en/activities/4d271443-34ee-477c-be35-80c058e628d8,0
https://research.bangor.ac.uk/en/publications/0df462ba-b522-47c9-a556-126a80e01083,0
http://resilience.bangor.ac.uk/,0
https://research.bangor.ac.uk/en/publications/dd158df2-709a-4822-b34c-63f8433aaa13,0
https://research.bangor.ac.uk/en/activities/db755c6a-7784-4619-992e-c7fba2aab794,0
https://research.bangor.ac.uk/en/activities/f794aa41-4e9d-4e67-96a1-09f87195d4a8,0
https://research.bangor.ac.uk/en/publications/2f01cf6e-e40d-4d2f-9d78-1aa7b1ee0042,0
https://research.bangor.ac.uk/en/publications/f4535011-d89e-4993-817b-4b73965c738b,0
https://research.bangor.ac.uk/en/publications/e7cb2e36-f913-496c-9d00-6a959d619d42,0
https://research.bangor.ac.uk/en/publications/f5036997-bc03-46ed-a7a9-fcd28d85cc70,0
https://research.bangor.ac.uk/portal/en/researchprojects/dementia-and-imagination-showcase-2014(2dbc60a0-a562-4e78-b5e8-3a4bfafdb4f0).html,0
https://research.bangor.ac.uk/en/publications/9409cf2d-412b-4186-922b-1989a874ed95,0
https://research.bangor.ac.uk/en/activities/6e4eacb4-3056-475a-8f65-3112983e149a,0
https://research.bangor.ac.uk/en/publications/96c533c9-022c-4126-8681-7db1b6d706e2,0
https://research.bangor.ac.uk/en/publications/7943c110-2a2c-415b-81fe-e57bbd07e822,0
https://research.bangor.ac.uk/en/publications/1459d675-c94d-4c41-8cf7-8a63cf774054,0
https://research.bangor.ac.uk/en/publications/d8cbd5fa-d855-443c-9dc3-c770eb929267,0
https://research.bangor.ac.uk/en/publications/65ffd014-0028-4e46-ab14-72bb759fe38b,0
https://research.bangor.ac.uk/en/publications/d5f0270b-4922-411c-be78-e0c229cd93c3,0
https://research.bangor.ac.uk/en/publications/3797ceca-ee96-49ae-8f8e-7a2ba1b056c1,0
https://research.bangor.ac.uk/portal/en/researchprojects/in-memori-and-the-imagination-caf(cc09a8e3-baf0-4a90-ae7c-350248f588e9).html,0
https://research.bangor.ac.uk/en/activities/f9929370-4f31-4a93-9b0c-b6bbfc258e9c,0
https://research.bangor.ac.uk/en/publications/8d7dd4e5-7d0b-485c-8487-2ba5f3407836,0
https://research.bangor.ac.uk/en/publications/955c542d-ed6d-464e-8b80-eceaea62aa70,0
https://research.bangor.ac.uk/en/publications/77edfb64-78ec-4c88-901e-78c758a7748a,0
https://research.bangor.ac.uk/en/publications/8b92f882-e0d9-47e0-95fa-2537746e6efb,0
https://research.bangor.ac.uk/portal/en/researchprojects/co-creating-a-resilience-building-framework-for-people-living-with-dementia-and-their-carers(f8ca488e-53f4-49af-a3de-c9f47d442c0c).html,0
https://research.bangor.ac.uk/portal/en/researchprojects/evaluation-of-psychosocial-support-of-the-transition-to-retirement-evaluation-of-till-phase-2(b991daaf-28ba-4b1c-840a-07a385881a13).html,0
https://research.bangor.ac.uk/en/publications/cbf14998-763e-482b-930c-510f0f847a19,0
https://research.bangor.ac.uk/en/publications/2038f5af-1c04-4220-8008-768c0a1b01ed,0
https://research.bangor.ac.uk/portal/en/researchprojects/cadr-centre-for-ageing-and-dementia-research(9ddf2f97-4e8d-42d5-bf21-f232ccc24ca6).html,0
https://research.bangor.ac.uk/portal/en/researchprojects/cadr-centre-for-ageing-and-dementia-research(b5c11d40-23c6-4e38-b1ec-4eae0f7cf3b9).html,0
https://research.bangor.ac.uk/en/publications/a13499b5-f8c0-4ddb-a6c0-fb90f86b0cc5,0
https://research.bangor.ac.uk/en/activities/a265e798-d037-4b6c-98df-7c0a0ec0d219,0
https://research.bangor.ac.uk/en/publications/c78f4fd2-7352-4eb3-ad2c-95a027f0f4e4,0
https://research.bangor.ac.uk/en/publications/e43aefb7-d83f-4033-8049-19e4e7994e11,0
https://research.bangor.ac.uk/en/publications/c9b077d6-8064-41ee-b104-548c298474eb,0
https://research.bangor.ac.uk/en/publications/ce8f4382-dd40-42f9-97e8-5ced7d1df98c,0
https://research.bangor.ac.uk/portal/en/researchprojects/kess-ii-mres-with-dementia-go-buk2157(39fe3b9a-902b-420d-9d57-2684aca99a66).html,0
https://research.bangor.ac.uk/en/activities/579c9746-592d-4f04-95ce-3a8997f1732a,0
https://research.bangor.ac.uk/portal/en/researchprojects/alzheimers-europe-carers-survey(70a2983d-6e6b-4be7-84e9-797f9b46699c).html,0
https://research.bangor.ac.uk/en/publications/53afbc56-92a7-4602-b7c0-d36653c682ca,0
https://research.bangor.ac.uk/en/publications/d540239c-979a-403c-97fe-657fa797e39d,0
https://research.bangor.ac.uk/en/publications/8b4e5605-2ec7-428f-90dc-31e6d0bda8f5,0
https://research.bangor.ac.uk/en/publications/7f23f94d-2854-4289-95da-05b7ecaf8453,0
https://research.bangor.ac.uk/en/activities/9aa3e91d-b79f-47d2-bc1a-94c7516c1d3f,0
https://research.bangor.ac.uk/en/persons/7d60206b-3242-4421-8279-20b5784a1eda,0
https://research.bangor.ac.uk/en/publications/63d9ccfa-5dd5-4243-bfa0-91bafd06ddd6,0
https://research.bangor.ac.uk/en/publications/d37189f6-32e2-4ec1-a1b9-87f6f0df1479,0
https://research.bangor.ac.uk/en/publications/237515e5-b445-441a-9118-2fb7588a7232,0
https://research.bangor.ac.uk/en/publications/b3d8cb5e-b896-4ef3-80fb-f271215763de,0
https://research.bangor.ac.uk/en/publications/9cef1be4-019b-4a5c-92d2-34a21722900d,0
https://research.bangor.ac.uk/portal/en/researchprojects/isupport-a-randomised-controlled-trial-feasibility-study-of-the-effects-of-an-e-health-intervention-isupport-for-reducing-distress-of-dementia-carers-especially-in-the-ongoing-pandemic-of-covid-19(6192a335-affb-4b89-a8a9-6608c18bcd6f).html,0
https://research.bangor.ac.uk/en/activities/12856585-85fe-40a7-bb07-6d83768b4597,0
https://research.bangor.ac.uk/en/publications/87f0173c-d621-4037-b2e2-fcc67d03f466,0
https://research.bangor.ac.uk/portal/en/researchprojects/challenges-and-healthy-ageingthe-role-of-resilience-across-the-life-course-resnet(e5d4f5c3-53de-4758-94ab-fec8e44896fb).html,0
https://research.bangor.ac.uk/en/publications/7b92f74f-d7ac-4aa4-a539-ef6d43ee152b,0
https://research.bangor.ac.uk/en/publications/13b0aa22-a69a-4cb9-85f3-f977f8b1004e,0
https://research.bangor.ac.uk/en/publications/5c84cdbd-de0f-46c4-a589-e688d8fad6b5,0
https://research.bangor.ac.uk/en/publications/720db1b4-2c8d-4783-a0a4-dbff58c0b4b5,0
https://research.bangor.ac.uk/en/publications/45ea8232-44e2-485f-8aa0-2fcd1dcd4549,0
https://research.bangor.ac.uk/en/publications/eda3e3c5-d2db-4ded-b4d9-af69e6100da7,0
https://research.bangor.ac.uk/en/publications/a425597e-8dac-41b1-8087-61e2778dbe10,0
https://research.bangor.ac.uk/en/publications/4c794d00-2d16-4fad-84b7-45450e25c44a,0
https://research.bangor.ac.uk/en/publications/311b06f3-3bb6-49ee-b27d-18013bd4b6b2,0
https://research.bangor.ac.uk/en/activities/d7dd4bbe-1879-4f8e-8c25-3cf2aa969e1e,0
https://research.bangor.ac.uk/en/publications/994d4066-99a0-433d-9f7a-a854dc64f637,0
https://research.bangor.ac.uk/en/publications/c2f71457-8f4e-40e8-8bb4-40be9173b8e1,0
https://research.bangor.ac.uk/portal/en/researchprojects/cadwyn-mn-evaluation(38c20b8d-6cdc-4c68-8eaa-311f438c38c8).html,0
https://research.bangor.ac.uk/en/publications/b1524c79-e0e6-438d-a0f9-24580b73ce96,0
https://research.bangor.ac.uk/en/publications/5d0f71a9-e488-45f3-b644-d0853c836447,0
https://research.bangor.ac.uk/en/publications/52ca99de-92e3-42cd-a06e-87e3c6c81be8,0
https://research.bangor.ac.uk/en/publications/867e5f8d-ce1e-4b4c-8d01-5f61dadef75b,0
https://research.bangor.ac.uk/en/publications/90bec1a8-80f5-41dc-a48c-a42d88550a8a,0
https://research.bangor.ac.uk/en/activities/f1486515-d730-48e7-85f1-d48a7f49e1c8,0
https://research.bangor.ac.uk/en/publications/9760f559-8af8-47b2-80b4-933c72a44850,0
https://research.bangor.ac.uk/en/publications/5d813d4b-e7be-4176-90a4-4d6b6ad829bc,0
https://research.bangor.ac.uk/en/publications/45849674-181b-4a12-891b-13128892f79b,0
https://research.bangor.ac.uk/en/publications/86009b59-1e7e-4dfd-bbee-5f3a6c11ba8d,0
https://research.bangor.ac.uk/portal/en/researchprojects/dementia-and-imagination(4e9e1092-1ddd-48d3-8557-ec01fb24dc30).html,0
https://dsdc.bangor.ac.uk/caban-group.php.en,0
https://research.bangor.ac.uk/portal/en/researchprojects/nhs-service-support-for-r26011-lifestyle-matters-project(4a30cbb2-bc29-428d-9e82-f318ce97f2ca).html,0
https://research.bangor.ac.uk/en/publications/37ad1d1b-18d6-4eba-85c5-cf4ceb4c8b45,0
https://research.bangor.ac.uk/en/publications/f7327197-2c4a-4c66-920f-2e59539e924b,0
https://research.bangor.ac.uk/en/publications/4208087a-5b0d-4c10-8c07-62f4565260e7,0
https://research.bangor.ac.uk/portal/en/researchprojects/dementia-and-imagination(81c58c28-2064-46df-818b-b97de2c5a93c).html,0
https://research.bangor.ac.uk/en/activities/ad09d561-3f3c-493f-b481-793ce1d91e8a,0
https://research.bangor.ac.uk/en/publications/c6ab3b6c-734a-45b0-9143-f63a8a3bbb94,0
https://research.bangor.ac.uk/en/publications/40eeb6f2-b056-4bf1-becf-332c9a0f4339,0
https://research.bangor.ac.uk/en/publications/34a8202f-39b0-45d3-bf45-56f118f1ec46,0
https://research.bangor.ac.uk/en/publications/13c6a4d6-aadc-4a47-9fc3-f2626b2d75e8,0
https://research.bangor.ac.uk/en/publications/64fe8f6c-bb2e-4841-af39-ef09b72aed7a,0
https://research.bangor.ac.uk/en/publications/504ea671-008b-4ab6-93d4-5aba4a011582,0
https://research.bangor.ac.uk/en/publications/ac2401d0-dcff-4225-bd39-81ddf783536b,0
https://research.bangor.ac.uk/en/publications/d7ac2938-efee-4af0-a972-3c8ca6aedf2d,0
https://research.bangor.ac.uk/en/activities/81c518e4-5b5c-4f55-8ae5-e2f6e47e2d71,0
https://research.bangor.ac.uk/en/publications/0f95f787-6e0e-4355-8b9d-9c190505f8c0,0
https://research.bangor.ac.uk/en/publications/022cfdc3-285f-40e5-936d-f9395652edf3,0
https://research.bangor.ac.uk/portal/en/researchprojects/created-out-of-mindchanging-perceptions-of-dementia-through-art-culture(54316395-20f4-4764-a575-37824c1d2d57).html,0
https://research.bangor.ac.uk/en/activities/c2ee7d65-9080-4afd-9e09-561586ea60e9,0
https://research.bangor.ac.uk/en/activities/81504ff3-5383-4a1b-9533-fab889b82348,0
https://research.bangor.ac.uk/en/publications/d422c5cb-c2a3-43f0-bb97-486ae93226f6,0
https://research.bangor.ac.uk/en/publications/a49847b4-84d4-4e04-b54b-f49010f6d426,0
https://research.bangor.ac.uk/en/activities/d16b6bbd-9b91-42ca-8842-f643a2495faf,0
https://research.bangor.ac.uk/en/publications/2e87d212-67af-4fb7-bc96-06cdc5bf3c68,0
https://research.bangor.ac.uk/en/publications/c4b3b938-e923-472c-b2dd-1b4e7ce945a0,0
https://research.bangor.ac.uk/en/activities/aeee0540-608b-45ac-881c-17e7e5f4e380,0
https://research.bangor.ac.uk/en/publications/aacc3801-3682-45fb-a020-82500edcf6c9,0
https://research.bangor.ac.uk/en/publications/0c3c43cf-ba99-4229-832b-68656245b3c2,0
https://research.bangor.ac.uk/en/activities/0f6c9bde-c3d1-43f4-9a0b-a4356ea4c55b,0
https://research.bangor.ac.uk/portal/en/researchprojects/lifestyle-matters(4548cd36-8473-45b2-9af6-fae47a99409f).html,0
https://research.bangor.ac.uk/en/publications/b006b0ea-2427-417f-b41a-823ed73e99ba,0
https://research.bangor.ac.uk/en/publications/f38101a8-041f-49d8-9bc2-8992105ff40f,0
https://research.bangor.ac.uk/en/publications/820d9e1d-396e-49ba-878d-e5d24f373b20,0
https://research.bangor.ac.uk/en/activities/b70d96d7-8764-4542-b665-9aaf9317fcfc,0
https://research.bangor.ac.uk/en/publications/278b86e8-aa8f-419c-afb4-8f48539435c8,0
https://research.bangor.ac.uk/en/publications/9bf26422-fd3e-4b3d-b939-9cb836a1d079,0
https://research.bangor.ac.uk/en/publications/ce7012cf-d6eb-4ada-9aaf-0147879f6ae9,0
https://research.bangor.ac.uk/en/publications/0b256052-b82a-4900-9205-9658a8bac195,0
https://research.bangor.ac.uk/en/publications/98948558-7762-45c2-ae98-b14b4b8de6ca,0
https://research.bangor.ac.uk/en/publications/8fadcd5d-309f-4509-8570-dd4d1816c609,0
https://research.bangor.ac.uk/en/publications/d74ce05e-4525-436b-bdc6-45f665dabb98,0
https://research.bangor.ac.uk/portal/en/researchprojects/dementia-and-imagination-showcase-2013(bd85aa64-3a26-441f-89e3-bfa3963a08d7).html,0
https://research.bangor.ac.uk/en/activities/09672f2e-2741-4f1d-b418-b15d8693c688,0
https://research.bangor.ac.uk/en/activities/b3ecb7cb-d6e5-4711-bb5e-db513f1f966c,0
https://research.bangor.ac.uk/en/activities/94650de9-7f08-433e-b30f-3a442b272e79,0
https://research.bangor.ac.uk/en/publications/12c7f533-787d-4186-a857-dfc5ad5b7fc0,0
https://research.bangor.ac.uk/en/publications/02fdbe41-18d5-4f34-9a83-c9191ab676e5,0
https://research.bangor.ac.uk/en/publications/19bcf800-df7d-4b47-aae3-b70c6da8afd2,0
https://research.bangor.ac.uk/en/publications/77b7855f-d062-4ee4-be2f-1dfba5ff474a,0
https://research.bangor.ac.uk/en/publications/2a47eefe-47d0-41ca-85f2-8bc755f51b2e,0
https://research.bangor.ac.uk/en/publications/b7bde128-daac-46c1-91ca-81f97a0c547a,0
https://research.bangor.ac.uk/en/publications/552dc45a-d11d-497f-8838-e2c2558cf223,0
https://research.bangor.ac.uk/en/publications/d322d09f-533a-41b6-becc-ec58ee34fcf8,0
https://research.bangor.ac.uk/en/activities/c048c591-932a-40fe-aafe-486342c63684,0
https://research.bangor.ac.uk/en/publications/14920a40-79ec-4c58-b060-7e2d13ef9015,0
https://research.bangor.ac.uk/portal/en/researchprojects/promotong-well-being-of-older-people(930c52d4-95bd-4e2a-b252-542b38745434).html,0
https://research.bangor.ac.uk/en/publications/3ff1e570-87c0-4293-b91f-a4ba300b7eb2,0
https://research.bangor.ac.uk/en/publications/a65ece83-6a86-40b4-9d17-93757e764802,0
https://research.bangor.ac.uk/en/publications/ff5b4300-347e-4bc9-b4c3-c06d0a18c738,0
https://research.bangor.ac.uk/en/activities/f310db05-f6d4-4cb2-8f5e-27109a69a213,0
https://research.bangor.ac.uk/en/publications/93fab0b2-156c-4377-9a2a-668b321e9660,0
https://research.bangor.ac.uk/en/publications/7ac7c1d3-6297-49d6-9de5-567210a94188,0
https://research.bangor.ac.uk/en/activities/21719b95-adbf-4b2d-837f-32c8f3fcd027,0
https://research.bangor.ac.uk/portal/en/researchprojects/mrc-network-a-model-to-guide-investment-in-older-peoples-mental-capital-mental-health-and-wellbeing(f570bb6b-5d9a-49f4-96cd-311369dc4448).html,0
https://research.bangor.ac.uk/en/activities/d6a329db-fe13-496e-bcde-11536d27a620,0
https://research.bangor.ac.uk/en/publications/4dbff039-206f-46e2-a8d3-6bb53908d169,0
https://research.bangor.ac.uk/portal/en/researchprojects/nhs-service-support-for-r26r06-dementia-imagination-project(b2d69e77-8e7c-4463-8039-43ab8e84d8de).html,0
https://research.bangor.ac.uk/en/activities/01520a2c-ff5a-41a9-895a-38f15ba92d71,0
https://research.bangor.ac.uk/portal/en/researchprojects/the-impact-of-peer-support-networks-for-those-living-with-rare-dementias(6a1f3333-0894-4d35-bbb2-2592b474f7d6).html,0
https://research.bangor.ac.uk/en/publications/5b62b8c8-26e9-4c3c-b34c-41418c375e51,0
https://research.bangor.ac.uk/portal/en/researchprojects/enhancing-resilience-and-quality-of-life-through-arts-and-science-research(03186e70-64e4-4174-bd35-a6adbd662380).html,0
https://www.bangor.ac.uk/staff/shs/gill-windle-008774/cy,0
https://research.bangor.ac.uk/en/activities/a886db76-8d1f-4f04-982a-8b969e028ad2,0
https://research.bangor.ac.uk/en/publications/ce75480f-52ba-4c4f-accb-4914c3c72641,0
https://research.bangor.ac.uk/en/publications/bc8b4548-2405-42fb-90dd-8f0536aa2a80,0
https://research.bangor.ac.uk/en/publications/73e66d1e-50a5-4e8a-b129-5143f77801f6,0
https://research.bangor.ac.uk/en/activities/fbb45f59-ffb1-4ada-bed1-91119b8f76d7,0
https://research.bangor.ac.uk/en/publications/3228e72a-30e6-4348-ae49-f68b4adea921,0
https://research.bangor.ac.uk/en/publications/5b31ff14-d888-459e-b64b-98c630cf9177,0
https://research.bangor.ac.uk/en/publications/70b2c392-d3b5-4a01-af65-7035211dafbb,0
https://research.bangor.ac.uk/en/publications/e25d42f1-449c-485b-bedc-09602cb18afc,0
https://research.bangor.ac.uk/en/publications/346f5377-3569-4fd4-8e93-037f7f90f2b8,0
https://research.bangor.ac.uk/en/publications/7ca82cc6-aa97-41f5-98de-2cf354d04738,0
https://research.bangor.ac.uk/en/publications/3c457860-6017-49c6-b927-be6a40b0bbb0,0
https://research.bangor.ac.uk/en/publications/3a863ded-6661-40f0-bbd4-9254fa4760d2,0
https://research.bangor.ac.uk/en/activities/f84ce15d-a46a-42f0-bcf8-8103d2cfe3fc,0
https://research.bangor.ac.uk/portal/en/researchprojects/sustainable-prevention-innovation-and-involvement-network(c9bd97a8-19e2-4508-b049-005d42f5b0a1).html,0
https://research.bangor.ac.uk/en/publications/0412c84a-5128-486d-82c3-b03ba19968df,0
https://research.bangor.ac.uk/en/publications/4209ff9a-fb6e-487f-a305-8f8f0cbd6569,0
https://research.bangor.ac.uk/en/publications/aa4e3957-086a-440b-9488-f04a694a42cc,0
https://research.bangor.ac.uk/en/activities/55156e4d-be30-4d87-8186-f98678878efd,0
https://research.bangor.ac.uk/en/activities/cbd6009f-3084-4e15-8d01-de00f25073d3,0
https://research.bangor.ac.uk/en/activities/d37a1764-5d63-43c0-b25d-f3ecec9e6cd1,0
https://research.bangor.ac.uk/en/publications/28ee3779-4d64-4726-ab1d-20d3531ec6b2,0
https://research.bangor.ac.uk/en/publications/2665840c-4f7b-40fa-8cce-4307e7b2e89f,0
https://research.bangor.ac.uk/en/publications/017a5029-ae9f-4fcb-b120-73f11a1c4ec2,0
https://research.bangor.ac.uk/en/publications/0be29be7-8c6d-416f-8d28-9f5b0cc54e50,0
https://research.bangor.ac.uk/en/publications/a863c6c3-8ae3-4556-a64e-7c0b18f7b9ae,0
https://research.bangor.ac.uk/en/publications/a635fd6c-0eb3-4983-a021-42e6067e987c,0
https://research.bangor.ac.uk/en/activities/a8b84430-a253-4570-a3af-7c9c5c6fd4cf,0
https://research.bangor.ac.uk/en/publications/f2a9977d-feb2-4640-b245-8d26890e44b0,0
https://research.bangor.ac.uk/en/publications/bbcab3a2-403b-4ddb-a026-743d5b7a1876,0
https://research.bangor.ac.uk/en/activities/39e8302f-ba74-41f6-a41e-59a7c8657f7a,0
https://research.bangor.ac.uk/en/activities/f536123d-18ce-418c-a52c-e0802c50bc44,0
https://research.bangor.ac.uk/en/activities/eab1dbc9-7529-4951-a9b7-de84b5da3fc7,0
https://research.bangor.ac.uk/en/activities/de12acd5-a907-4155-9f8d-efb02bed7c9f,0
https://research.bangor.ac.uk/en/publications/31b43573-deb4-4274-ad9b-7cf7627cd165,0
https://research.bangor.ac.uk/en/activities/54ab7304-4f7e-4932-85ff-454c1fd47334,0
https://research.bangor.ac.uk/en/publications/d68bb6fd-0bec-421d-b505-d7c65b303271,0
https://research.bangor.ac.uk/en/publications/e815dfef-6b9c-4a46-a6cb-865a3b5f23f9,0
https://research.bangor.ac.uk/en/publications/5ba5232e-4e7c-430f-9221-aefb8c48d5aa,0
https://research.bangor.ac.uk/en/publications/a525ff1b-ea26-4c13-bb39-0c82c9285526,0
https://research.bangor.ac.uk/en/publications/823005d1-ca83-42ab-b1bd-695c29abe40f,0
https://research.bangor.ac.uk/en/activities/713a1956-fd08-49cb-9941-5a401a8b175c,0
https://research.bangor.ac.uk/en/publications/b1c3a1e1-a757-4f18-b73a-0a7a085a027f,0
https://research.bangor.ac.uk/portal/en/researchprojects/try-something-new-evaluation(08db2b00-d41a-4af7-9324-b5330a4b94c6).html,0
https://research.bangor.ac.uk/en/publications/421d9141-e5e9-4ef5-8be7-e17fd6aa0cc1,0
https://research.bangor.ac.uk/en/publications/1a987616-7613-43b3-a0bb-cf3aa5a831d3,0
https://research.bangor.ac.uk/en/publications/ed4d1838-a085-4f59-af15-c4e3383aa0f2,0
https://research.bangor.ac.uk/en/publications/845c670f-f913-4af1-b612-323fd7e7b68f,0
https://research.bangor.ac.uk/en/publications/164dd1b9-08ee-42a6-93e4-dda645dc0138,0
https://research.bangor.ac.uk/portal/en/researchprojects/operat-older-peoples-external-residential-assessment-tool(92439f66-4c56-476f-b455-0f1b8ecbf982).html,0
https://research.bangor.ac.uk/en/activities/66e5da3d-82d8-403e-b003-cbec3790b9fe,0
https://research.bangor.ac.uk/portal/en/researchprojects/imagining-dementia-supportive-communities-through-the-arts(99f49e2a-ab2b-41ad-96b1-4ee29c05f90e).html,0
https://research.bangor.ac.uk/en/activities/084b1cce-cb5e-46ab-8e30-15d24137780a,0
https://research.bangor.ac.uk/en/activities/b09f7654-34a2-490b-bf08-4bf606b99a73,0
https://research.bangor.ac.uk/en/activities/48016d56-d9cc-4cc4-a50d-409695d505b1,0
https://research.bangor.ac.uk/en/publications/3b868369-1e92-4193-afbc-0599795efdd7,0
https://www.bangor.ac.uk/cy/courses/undergraduate/ysgol-feddygol-gogledd-cymru-meddygaeth-a-meddygaeth-mynediad-i-raddedigion,0
https://www.bangor.ac.uk/cy/newyddion/bangor-university-named-amongst-top-ten-collaborative-institutions-in-health-economics,0
https://www.bangor.ac.uk/cy/ygi,0
https://www.bangor.ac.uk/sites/default/files/2024-05/school-health-sciences-research-strategy-en.docx,0
https://www.bangor.ac.uk/shs/news/school-of-health-science-secures-approval-to-deliver-new-community-nursing-specialist,0
https://www.bangor.ac.uk/shs/news/why-raising-nhs-spending-on-new-drugs-by-25-is-the-wrong-decision-health-economists-view,0
https://www.bangor.ac.uk/shs/news/abuse-loneliness-and-financial-strain-in-later-life-linked-to-poorer-health,0
https://www.bangor.ac.uk/medical-health-sciences/nhs-75,0
https://www.bangor.ac.uk/courses/undergraduate/b743-adult-nursing-distance-learning,0
https://www.bangor.ac.uk/courses/undergraduate/b734-childrens-nursing-distance-learning-bn-hons,0
https://www.bangor.ac.uk/Mental Health Nursing,0
https://www.bangor.ac.uk/cy/newyddion/gwobr-ryngwladol-i-athro,0
https://www.bangor.ac.uk/cy/newyddion/rygbi-undeb-lleihau-anafiadau-digyswllt-drwy-ymestyn-llwyth-hyfforddiant-cyn-y-tymor,0
https://www.bangor.ac.uk/psychology/staff/dusana-dorjee/cy,0
https://www.bangor.ac.uk/cy/newyddion/trethi-ar-economiau-ymwelwyr-sut-mae-cymru-yn-cymharu-a-mannau-eraill,0
https://www.bangor.ac.uk/cy/newyddion/golygydd-cydleoli-ac-adnodd-delweddu-yn-cyrraedd-6000-o-ddefnyddwyr,0
https://www.bangor.ac.uk/business/staff/john-ashton/cy,0
https://www.bangor.ac.uk/cy/newyddion/arbenigwyr-o-brifysgol-bangor-yn-cynnig-fideos-arlein-i-helpu-plant-gadwn-heini-yng,0
https://www.bangor.ac.uk/health-sciences/staff/carys-jones/cy,0
https://www.bangor.ac.uk/environmental-sciences-and-engineering/index.php.cy,0
https://www.bangor.ac.uk/cy/newyddion/discovering-the-known-unknowns-assessing-if-uk-financial-regulation-has-improved-since,0
https://www.bangor.ac.uk/cy/newyddion/golygydd-cydleoli-ac-adnodd-delweddu-yn-cyrraedd-6000-o-ddefnyddwyr-0,0
https://www.bangor.ac.uk/cy/newyddion/papur-yn-gwrthbrofi-honiad-y-gellir-cymharu-effeithiau-treillio-ar-waelod-y-mor-ar-garbon,0
https://www.bangor.ac.uk/cy/newyddion/astudiaeth-yn-datgelu-effaith-prif-weithredwyr-pwerus-a-gwyngalchu-arian-ar-berfformiad,0
https://www.bangor.ac.uk/computer-science-and-electronic-engineering/index.php.cy,0
https://www.bangor.ac.uk/human-sciences/index.php.cy,0
https://www.bangor.ac.uk/cy/newyddion/gallai-ansawdd-cwsg-fod-yn-well-na-faint-gewch-chi,0
https://www.bangor.ac.uk/health-sciences/staff/katherine-algarskaife/cy,0
https://www.bangor.ac.uk/cy/newyddion/mae-eliffantod-yn-greaduriaid-deddfol-iawn-o-ran-dod-o-hyd-i-fwyd,0
https://www.bangor.ac.uk/cy/newyddion/sut-mae-cefnogi-mawrion-byd-y-campau-0,0
https://www.bangor.ac.uk/cy/newyddion/nid-oherwydd-ei-fod-yno-ywr-unig-reswm-sut-mae-dringo-a-mynyddan-rheoli-emosiynau-1,0
https://www.bangor.ac.uk/business/research/index.php.cy,0
https://www.bangor.ac.uk/health-sciences/staff/heledd-owen-griffiths/cy,0
https://www.bangor.ac.uk/cy/newyddion/iaith-yn-oes-y-peiriant-dynol-sut-bydd-ffurfiau-newydd-ar-dechnoleg-iaith-yn-newid-y-0,0
https://www.bangor.ac.uk/cy/iris/ref-2021?page=1,0
https://www.bangor.ac.uk/cy/iris/ref-2021?page=0,0
https://www.bangor.ac.uk/cy/newyddion/datblygu-safonau-polisi-rhyngwladol-ar-gyfer-empathi-awtomataidd-gan-ddeallusrwydd,0
https://www.bangor.ac.uk/cy/gwyddorau-meddygol-iechyd,0
https://www.bangor.ac.uk/cy/newyddion/arbenigwr-gwyddor-ymddygiad-o-brifysgol-bangor-yn-cynghori-llywodraeth-cymru-drwyr,0
https://www.bangor.ac.uk/cy/newyddion/amrywiadau-hynafiadol-yn-rhoi-arweiniad-i-addasiadau-amgylcheddol-y-dyfodol,0
https://www.bangor.ac.uk/cy/newyddion/llynnoedd-yn-dangos-newid-yn-nhror-tymhorau-1,0
https://www.bangor.ac.uk/natural-sciences/research/environment-natural-resources-and-geography/research_groups/forestry.php.cy,0
https://www.bangor.ac.uk/cy/gwyddorau-naturiol,0
https://www.bangor.ac.uk/cy/gwyddorau-dynol-ymddygiadol,0
https://www.bangor.ac.uk/health-sciences/staff/catrin-hedd-jones/cy,0
https://www.bangor.ac.uk/health-sciences/staff/gill-windle/cy,0
https://www.bangor.ac.uk/cy/newyddion/ymchwil-yn-canfod-ein-bod-yn-drych-ddelweddu-cyffwrdd-yn-ystod-cysylltiadau-rhywiol-ac-yn,0
https://www.bangor.ac.uk/cy/newyddion/ecological-doom-loops-why-ecosystem-collapses-may-occur-much-sooner-than-expected-new-0,0
https://www.bangor.ac.uk/arts-humanities-and-business/index.php.cy,0
https://www.bangor.ac.uk/business/index.php.cy,0
https://www.bangor.ac.uk/computer-science-and-electronic-engineering/research/index.php.cy,0
https://www.bangor.ac.uk/psychology/staff/rebecca-crane/cy,0
https://www.bangor.ac.uk/cy/newyddion/datblygu-chwaraewyr-rygbi-fframwaith-newydd-lloegr-yn-tynnu-ar-arbenigedd-ymchwil,0
https://www.bangor.ac.uk/arts-culture-language/dcwelfjm/research,0
https://www.bangor.ac.uk/arts-culture-language/dcwelfjam/research/creative-writing,0
https://www.bangor.ac.uk/arts-culture-language/dcwelfjam/research/english-lit,0
https://www.bangor.ac.uk/arts-culture-language/dcwelfjm/about,0
https://www.bangor.ac.uk/arts-culture-language/dcwelfjm/research/english-lit,0
https://www.bangor.ac.uk/arts-culture-language/dcwelfjm,0
https://www.bangor.ac.uk/cy/iaith-diwylliant-celfyddydau/aycllsffnc/ymchwil,0
https://www.bangor.ac.uk/arts-culture-language/dcwelfjm/research/media,0
https://www.bangor.ac.uk/arts-culture-language/dcwelfjm/research/creative-writing,0
https://www.bangor.ac.uk/arts-culture-language/dcwelfjam/research/media,0
https://www.bangor.ac.uk/research-students/sens/lauren-evans-644067/en,0
https://www.bangor.ac.uk/research-students/sens/daniel-martin-herrero-701112/en,0
https://www.bangor.ac.uk/research-students/sens/gwion-williams-000423/en,0
https://www.bangor.ac.uk/research-students/sens/daniel-iddon-662920/en,0
https://www.bangor.ac.uk/research-students/sens/george-mellor-536560/en,0
https://www.bangor.ac.uk/research-students/sens/jake-oneil-646655/en,0
https://www.bangor.ac.uk/research-students/sens/elsie-olatunji-574965/en,0
https://www.bangor.ac.uk/research-students/sens/christopher-sanders-116826/en,0
https://www.bangor.ac.uk/research-students/sens/tara-anne-oneil-garraty-490432/en,0
https://www.bangor.ac.uk/research-students/sens/shidi-ba-573232/en,0
https://www.bangor.ac.uk/research-students/sens/billie-fisher-549080/en,0
https://www.bangor.ac.uk/research-students/sens/ruby-richards-552162/en,0
https://www.bangor.ac.uk/research-students/sens/harry-searle-webb-535015/en,0
https://www.bangor.ac.uk/research-students/sens/alexander-letts-570702/en,0
https://www.bangor.ac.uk/research-students/sens/andrew-douglas-smith-580353/en,0
https://www.bangor.ac.uk/research-students/sens/jennifer-poole-716922/en,0
https://www.bangor.ac.uk/research-students/sens/jeronimo-cid-565104/en,0
https://www.bangor.ac.uk/research-students/sens/joe-douglas-556291/en,0
https://www.bangor.ac.uk/research-students/sens/emily-davies-468943/en,0
https://www.bangor.ac.uk/research-students/sens/antonio-gandini-518121/en,0
https://www.bangor.ac.uk/research-students/sens/cara-roberts-601089/en,0
https://www.bangor.ac.uk/research-students/sens/imani-wilson-519064/en,0
https://www.bangor.ac.uk/research-students/sens/annalisa-lanza-643859/en,0
https://www.bangor.ac.uk/research-students/sens/abigail-holt-493460/en,0
https://www.bangor.ac.uk/research-students/sens/miranda-lam-715557/en,0
https://www.bangor.ac.uk/research-students/sens/willow-legg-519466/en,0
https://www.bangor.ac.uk/research-students/sens/cy,0
https://www.bangor.ac.uk/research-students/sens/tyler-sutton-mellon-588310/en,0
https://www.bangor.ac.uk/research-students/sens/cass-radmard-566005/en,0
https://www.bangor.ac.uk/research-students/sens/jamie-thomas-319012/en,0
https://www.bangor.ac.uk/research-students/sens/tilly-edwards-640605/en,0
https://www.bangor.ac.uk/research-students/sens/sarah-coates-526049/en,0
https://www.bangor.ac.uk/research-students/sens/adam-winrow-681172/en,0
https://www.bangor.ac.uk/research-students/sens/jinhua-yin-602564/en,0
https://www.bangor.ac.uk/research-students/sens/patrizio-feliziani-713878/en,0
https://www.bangor.ac.uk/research-students/sens/takara-simpson-jenkins-134194/en,0
https://www.bangor.ac.uk/research-students/sens/erin-moag-514066/en,0
https://www.bangor.ac.uk/research-students/sens/bethany-jones-715214/en,0
https://www.bangor.ac.uk/research-students/sens/becca--720762/en,0
https://www.bangor.ac.uk/research-students/sens/sanda-rakotomalala-720875/en,0
https://www.bangor.ac.uk/research-students/sens/molly-allum-584135/en,0
https://www.bangor.ac.uk/research-students/sens/sam-sannassy-hollick-467851/en,0
https://www.bangor.ac.uk/research-students/sens/-sharandeep-singh-713773/en,0
https://www.bangor.ac.uk/research-students/sens/jenny-woods-473233/en,0
https://www.bangor.ac.uk/research-students/sens/minnie-moss-675831/en,0
https://www.bangor.ac.uk/research-students/sens/yelena-ivanova-603921/en,0
https://www.bangor.ac.uk/research-students/sens/andrew-schendl-590559/en,0
https://www.bangor.ac.uk/research-students/sens/owen-storer-469023/en,0
https://www.bangor.ac.uk/research-students/sens/meththa-gimhani-thumbe-dhura-595487/en,0
https://www.bangor.ac.uk/research-students/sens/lloyd-vaughan-454104/en,0
https://www.bangor.ac.uk/research-students/sens/lewis-carter-lilley-472240/en,0
https://www.bangor.ac.uk/research-students/sens/perpetua-ifiemor-590447/en,0
https://www.bangor.ac.uk/research-students/sens/lis-marques-carvalho-vieira-santos-719914/en,0
https://www.bangor.ac.uk/research-students/sens/joshua-horn-499184/en,0
https://www.bangor.ac.uk/research-students/sens/elliot-rogers-544790/en,0
https://www.bangor.ac.uk/research-students/sens/kornel-jablonski-585768/en,0
https://www.bangor.ac.uk/research-students/sens/carlos-alberto-hernandez-orta-648390/en,0
https://www.bangor.ac.uk/research-students/sens/jacob-watson-558233/en,0
https://www.bangor.ac.uk/research-students/sens/pooja-padmakumar-564604/en,0
https://www.bangor.ac.uk/research-students/sens/blessing-ose-ejovi-721214/en,0
https://www.bangor.ac.uk/research-students/sens/sophie-higgett-109679/en,0
https://www.bangor.ac.uk/research-students/sens/marya-fareed-533827/en,0
https://www.bangor.ac.uk/research-students/sens/lucas-jack-le-brun-677779/en,0
https://www.bangor.ac.uk/research-students/sens/endri-martini-525637/en,0
https://www.bangor.ac.uk/research-students/sens/katrin-schmidt-571228/en,0
https://www.bangor.ac.uk/research-students/sens/miary-raselimanana-594284/en,0
https://www.bangor.ac.uk/research-students/sens/wannipa-seerung-597786/en,0
https://www.bangor.ac.uk/research-students/sens/niharika-arukonda-714158/en,0
https://www.bangor.ac.uk/research-students/sens/alexander-neugebauer-716592/en,0
https://www.bangor.ac.uk/research-students/sens/sourish-rajagopalan-kuttalam-117867/en,0
https://www.bangor.ac.uk/research-students/sens/amelia-harvey-547981/en,0
https://www.bangor.ac.uk/research-students/sens/matthew-armes-682168/en,0
https://www.bangor.ac.uk/research-students/sens/rijaa-khan-505244/en,0
https://www.bangor.ac.uk/research-students/sens/aulia-soebandhi-525256/en,0
https://www.bangor.ac.uk/research-students/sens/samuel-prettyman-556860/en,0
https://www.bangor.ac.uk/research-students/sens/gabriel-mosso-zolezzi-578525/en,0
https://www.bangor.ac.uk/research-students/sens/henry-crisp-488920/en,0
https://www.bangor.ac.uk/research-students/sens/charlotte-bendell-679467/en,0
https://www.bangor.ac.uk/research-students/sens/grace-ellsworth-681197/en,0
https://www.bangor.ac.uk/research-students/sens/kate-herridge-462334/en,0
https://www.bangor.ac.uk/research-students/sens/matheesha-liyana-arachchige-692395/en,0
https://www.bangor.ac.uk/research-students/sens/david-barnes-rider-709092/en,0
https://www.bangor.ac.uk/research-students/sens/en,0
https://www.bangor.ac.uk/research-students/sens/yashi-jain-680578/en,0
https://www.bangor.ac.uk/research-students/sens/keya-matthew-632531/en,0
https://www.bangor.ac.uk/research-students/sens/isobelle-barnes-577823/en,0
https://www.bangor.ac.uk/research-students/sens/percy-joyce-518528/en,0
https://www.bangor.ac.uk/research-students/sens/tontho--115764/en,0
https://www.bangor.ac.uk/research-students/sens/olivia-crossmore-583843/en,0
https://www.bangor.ac.uk/research-students/sens/rande-dzay-659095/en,0
https://www.bangor.ac.uk/research-students/sens/david-heyes-691283/en,0
https://www.bangor.ac.uk/research-students/sens/edward-fowler-547269/en,0
https://www.bangor.ac.uk/research-students/sens/marika-bilska-604167/en,0
https://www.bangor.ac.uk/research-students/sens/kate-heaphy-641169/en,0
https://www.bangor.ac.uk/research-students/sens/rosie-clear-hill-590501/en,0
https://www.bangor.ac.uk/research-students/sens/anna-wood-583948/en,0
https://www.bangor.ac.uk/research-students/sens/sommer-moore-550426/en,0
https://www.bangor.ac.uk/staff/spss/paul-rauwolf-127367/en,0
https://www.bangor.ac.uk/staff/spss/jaime-horn-650447/en,0
https://www.bangor.ac.uk/staff/spss/robert-rogers-084041/en,0
https://www.bangor.ac.uk/staff/spss/jonathan-moore-000299/en,0
https://www.bangor.ac.uk/staff/spss/vicky-jones-000129/en,0
https://www.bangor.ac.uk/staff/spss/carolyn-hinds-000648/en,0
https://www.bangor.ac.uk/staff/spss/fiona-zinovieff-008189/en,0
https://www.bangor.ac.uk/staff/spss/gwen-owen-503928/en,0
https://www.bangor.ac.uk/staff/spss/dawn-leoni-716290/en,0
https://www.bangor.ac.uk/staff/spss/rodrigo-pantoja-744151/en,0
https://www.bangor.ac.uk/staff/spss/bob-rafal-006699/en,0
https://www.bangor.ac.uk/staff/spss/josie-ryan-102069/en,0
https://www.bangor.ac.uk/staff/spss/alyson-walsh-029832/en,0
https://www.bangor.ac.uk/staff/spss/andrew-cooke-013477/en,0
https://www.bangor.ac.uk/staff/spss/joanna-dunton-008333/en,0
https://www.bangor.ac.uk/staff/spss/gemma-griffith-012748/en,0
https://www.bangor.ac.uk/staff/spss/carolien-lamers-005213/en,0
https://www.bangor.ac.uk/staff/spss/andrew-lemmey-007438/en,0
https://www.bangor.ac.uk/staff/spss/mererid-owen-049320/en,0
https://www.bangor.ac.uk/staff/spss/paloma-mari-beffa-008363/en,0
https://www.bangor.ac.uk/staff/spss/sam-davies-abbott-726721/en,0
https://www.bangor.ac.uk/staff/spss/w-miles-cox-006454/en,0
https://www.bangor.ac.uk/staff/spss/carly-deluca-535903/en,0
https://www.bangor.ac.uk/staff/spss/laura-jastrzab-462795/en,0
https://www.bangor.ac.uk/staff/spss/nikki-pritchard-733113/en,0
https://www.bangor.ac.uk/staff/spss/david-carey-005710/en,0
https://www.bangor.ac.uk/staff/spss/cadi-sion-187075/en,0
https://www.bangor.ac.uk/staff/spss/giovanni-d-avossa-013460/en,0
https://www.bangor.ac.uk/staff/spss/rachel-fox-681969/en,0
https://www.bangor.ac.uk/staff/spss/ross-roberts-011919/en,0
https://www.bangor.ac.uk/staff/spss/helen-henningham-081762/en,0
https://www.bangor.ac.uk/staff/spss/simon-watt-008456/en,0
https://www.bangor.ac.uk/staff/spss/jason-roscoe-689051/en,0
https://www.bangor.ac.uk/staff/spss/elizabeth-burnside-008417/en,0
https://www.bangor.ac.uk/staff/spss/simone-lira-calabrich-492181/en,0
https://www.bangor.ac.uk/staff/spss/sian-jones-130862/en,0
https://www.bangor.ac.uk/staff/spss/gavin-lawrence-010906/en,0
https://www.bangor.ac.uk/staff/spss/judy-hutchings-006679/en,0
https://www.bangor.ac.uk/staff/spss/susan-lloyd-williams-479593/en,0
https://www.bangor.ac.uk/staff/spss/lucy-piggin-081906/en,0
https://www.bangor.ac.uk/staff/spss/nicola-cameron-006514/en,0
https://www.bangor.ac.uk/staff/spss/charlie-wiltshire-596503/en,0
https://www.bangor.ac.uk/staff/spss/mihela-erjavec-008816/en,0
https://www.bangor.ac.uk/staff/spss/sarah-plum-007265/en,0
https://www.bangor.ac.uk/staff/spss/sue-layland-105535/en,0
https://www.bangor.ac.uk/staff/spss/shreyasi-desai-637016/en,0
https://www.bangor.ac.uk/staff/spss/phoebe-roman-572276/en,0
https://www.bangor.ac.uk/staff/spss/sophie-todd-403932/en,0
https://www.bangor.ac.uk/staff/spss/tim-woodman-008634/en,0
https://www.bangor.ac.uk/staff/spss/cy,0
https://www.bangor.ac.uk/staff/spss/sophie-harrison-117673/en,0
https://www.bangor.ac.uk/staff/spss/dawn-wimpory-082010/en,0
https://www.bangor.ac.uk/staff/spss/pauline-horne-006503/en,0
https://www.bangor.ac.uk/staff/spss/gwennant-evans-jones-088085/en,0
https://www.bangor.ac.uk/staff/spss/anwen-jones-095425/en,0
https://www.bangor.ac.uk/staff/spss/samantha-owen-588689/en,0
https://www.bangor.ac.uk/staff/spss/helena-griffith-531589/en,0
https://www.bangor.ac.uk/research-students/spss/en,0
https://www.bangor.ac.uk/staff/spss/michaela-swales-009247/en,0
https://www.bangor.ac.uk/staff/spss/hans-peter-kubis-008205/en,0
https://www.bangor.ac.uk/staff/spss/geoff-coombs-683570/en,0
https://www.bangor.ac.uk/staff/spss/george-ely-508432/en,0
https://www.bangor.ac.uk/staff/spss/elizabeth-du-pre-006289/en,0
https://www.bangor.ac.uk/staff/spss/rob-ward-007470/en,0
https://www.bangor.ac.uk/staff/spss/dorreen-roberts-006579/en,0
https://www.bangor.ac.uk/staff/spss/filip-durovic-659186/en,0
https://www.bangor.ac.uk/staff/spss/julian-owen-071181/en,0
https://www.bangor.ac.uk/staff/spss/james-hodgetts-118399/en,0
https://www.bangor.ac.uk/staff/spss/bridgette-o-neill-105531/en,0
https://www.bangor.ac.uk/staff/spss/jacqui-wild-720239/en,0
https://www.bangor.ac.uk/staff/spss/patricia-bestelmeyer-082258/en,0
https://www.bangor.ac.uk/staff/spss/manon-jones-012051/en,0
https://www.bangor.ac.uk/staff/spss,0
https://www.bangor.ac.uk/staff/spss/nia-griffith-016186/en,0
https://www.bangor.ac.uk/staff/spss/tracey-lloyd-008433/en,0
https://www.bangor.ac.uk/staff/spss/fay-short-016436/en,0
https://www.bangor.ac.uk/staff/spss/joseph-smith-103635/en,0
https://www.bangor.ac.uk/staff/spss/alexandra-turner-112836/en,0
https://www.bangor.ac.uk/staff/spss/danielle-peevor-116721/en,0
https://www.bangor.ac.uk/staff/spss/ferrida-ponce-133810/en,0
https://www.bangor.ac.uk/staff/spss/ciaran-saunders-043831/en,0
https://www.bangor.ac.uk/staff/spss/lee-hogan-008587/en,0
https://www.bangor.ac.uk/staff/spss/sam-oliver-011012/en,0
https://www.bangor.ac.uk/staff/spss/eleri-jones-014139/en,0
https://www.bangor.ac.uk/staff/spss/emily-bloxham-089388/en,0
https://www.bangor.ac.uk/staff/spss/kevin-deyna-jones-016886/en,0
https://www.bangor.ac.uk/staff/spss/susan-peace-006576/en,0
https://www.bangor.ac.uk/staff/spss/laura-spencer-jones-048058/en,0
https://www.bangor.ac.uk/staff/spss/rossela-roberts-009271/en,0
https://www.bangor.ac.uk/staff/spss/stephanie-hastings-084398/en,0
https://www.bangor.ac.uk/staff/spss/afsaneh-alizadeh-alamdari-636495/en,0
https://www.bangor.ac.uk/staff/spss/rebecca-crane-016403/en,0
https://www.bangor.ac.uk/staff/spss/anthony-blanchfield-014213/en,0
https://www.bangor.ac.uk/staff/spss/christopher-saville-013378/en,0
https://www.bangor.ac.uk/staff/spss/seren-evans-107931/en,0
https://www.bangor.ac.uk/staff/spss/sam-jones-594279/en,0
https://www.bangor.ac.uk/staff/spss/ruth-elliott-054663/en,0
https://www.bangor.ac.uk/staff/spss/lara-maister-480151/en,0
https://www.bangor.ac.uk/staff/spss/debbie-mills-015684/en,0
https://www.bangor.ac.uk/staff/spss/germano-gallicchio-530785/en,0
https://www.bangor.ac.uk/staff/spss/rebekah-kaunhoven-039390/en,0
https://www.bangor.ac.uk/staff/spss/gethin-thomas-010184/en,0
https://www.bangor.ac.uk/staff/spss/suzy-clarkson-059821/en,0
https://www.bangor.ac.uk/staff/spss/christine-dunkley-082965/en,0
https://www.bangor.ac.uk/staff/spss/leah-jones-015412/en,0
https://www.bangor.ac.uk/staff/spss/steven-tipper-008076/en,0
https://www.bangor.ac.uk/staff/spss/melissa-jones-672316/en,0
https://www.bangor.ac.uk/news/automatingempathy.ai,0
https://www.bangor.ac.uk/dsdc/community-networks-and-support,0
https://www.bangor.ac.uk/dsdc/resources-for-communities-and-professionals,0
https://www.bangor.ac.uk/dsdc/resources-to-support-people-living-with-dementia-and-carers-0,0
https://www.bangor.ac.uk/staff/shs/jen-williams-013951/en,0
https://www.bangor.ac.uk/cy/dsdc,0
https://www.bangor.ac.uk/dsdc/news/new-website,0
https://www.bangor.ac.uk/dsdc,0
https://www.bangor.ac.uk/staff/bbs/john-ashton-066138/en,0
https://www.bangor.ac.uk/bbs/index.php.en,0
https://research.bangor.ac.uk/en/publications/04115e85-1489-488d-a2a2-eee1102c4e77,0
https://research.bangor.ac.uk/en/activities/a744ba81-0f55-4651-8141-322215f345da,0
https://research.bangor.ac.uk/en/publications/f7e967f5-117e-468d-9826-2fce6201aad4,0
https://research.bangor.ac.uk/en/activities/8516344e-4783-417b-8361-a8a9eddfded6,0
https://research.bangor.ac.uk/en/publications/7764920e-7e83-43d3-8b2d-deb548f285d7,0
https://research.bangor.ac.uk/en/publications/b2e8c0b4-35fa-4b9d-b4f4-c102c2a6fa6a,0
https://research.bangor.ac.uk/en/activities/a8c04119-c704-4af7-b8e9-01efb6283c7b,0
https://research.bangor.ac.uk/en/publications/a481c274-b433-42eb-9e93-b8dbfa5a1e81,0
https://research.bangor.ac.uk/en/publications/85bf6e58-9e11-4538-a87e-d796ddf02210,0
https://research.bangor.ac.uk/en/activities/1815563d-947c-48b0-977f-7ea4769d01c6,0
https://research.bangor.ac.uk/en/publications/c28d8b4d-5731-4179-a989-27d67531675e,0
https://research.bangor.ac.uk/en/activities/70d89924-e415-4046-91a8-98c87f77a762,0
https://research.bangor.ac.uk/en/activities/ff9ce51d-a98d-4995-9459-da09ad002779,0
https://research.bangor.ac.uk/en/activities/daa2bf82-6187-4ba8-adb9-c00c98b03af4,0
https://research.bangor.ac.uk/en/publications/dded9e8a-5ced-4f52-8568-7b1a385d353b,0
https://research.bangor.ac.uk/en/publications/ce358e65-27f9-41a1-82a5-a3731f0b10fe,0
https://research.bangor.ac.uk/en/activities/62b93b44-bb58-455a-9a70-d9a1515606a8,0
https://research.bangor.ac.uk/en/publications/db13c527-c323-4123-96fc-b6a729a09bda,0
https://research.bangor.ac.uk/en/publications/d0513734-7056-4893-8043-8d07f8c039fb,0
https://research.bangor.ac.uk/en/activities/ee1c2ca0-e715-4197-807e-91f0644ead08,0
https://research.bangor.ac.uk/en/activities/9947e8b0-4758-4890-8adb-f36524fb2a99,0
https://research.bangor.ac.uk/en/activities/2e2bf173-bb1c-463d-b782-b3d3a5804f0d,0
https://research.bangor.ac.uk/en/publications/a30f5a9f-e2a7-4989-9a38-f1ee725c61d3,0
https://research.bangor.ac.uk/en/activities/ef2ab515-ec0c-4f7e-b755-bdc2bded7365,0
https://research.bangor.ac.uk/en/publications/c76c3d85-7aa2-40c2-b5fd-00999fd003cd,0
https://research.bangor.ac.uk/en/publications/333cef87-0569-4a5f-a69f-1a272672e26d,0
https://research.bangor.ac.uk/en/activities/45be5fe7-9323-4113-8a80-01f06389dc24,0
https://research.bangor.ac.uk/en/activities/914844bb-fd31-4c9f-a3a8-04389ac98a58,0
https://research.bangor.ac.uk/en/publications/c22a231c-6817-4d21-a3ae-2becbf589fdb,0
https://research.bangor.ac.uk/en/activities/2f7ffd05-7831-476c-bd1e-636b9b78c0ed,0
https://research.bangor.ac.uk/en/publications/fe9ba588-3f6b-44f9-b2ef-344b36f6e0f0,0
https://research.bangor.ac.uk/en/publications/b95b906d-9b9a-4e40-b6fb-7e0aeac0382b,0
https://research.bangor.ac.uk/en/publications/2cd852a8-8cab-4f4d-9343-57d3d766785e,0
https://research.bangor.ac.uk/en/publications/3905bee6-9292-49f8-ad23-ed1c07930b2c,0
https://research.bangor.ac.uk/en/publications/4ca4fe93-bf01-4ac0-8707-64ce328475ae,0
https://research.bangor.ac.uk/portal/en/researchprojects/predictors-of-outcomes-in-mbsr-participants-from-teacher-factors(d620b7d7-8c17-4d9d-93f8-11c864fedd73).html,0
https://research.bangor.ac.uk/en/publications/305fe29b-77ea-4d9e-82b5-2a425d084670,0
https://research.bangor.ac.uk/en/publications/a51c9f0c-daf1-44e2-a01b-7fa624a2ea16,0
https://research.bangor.ac.uk/en/publications/7c88a1ac-543d-4131-8c97-5dfdccd6274a,0
https://research.bangor.ac.uk/en/activities/fe0f602c-2d82-41f9-8dea-a4db1fe98f4c,0
https://research.bangor.ac.uk/en/activities/02b5969e-e79b-4a92-b6bd-12863f430496,0
https://research.bangor.ac.uk/en/publications/f399823a-c607-48af-8e2e-78d69a7939e5,0
https://research.bangor.ac.uk/en/activities/73718a16-6638-4dfc-aee1-ea5953365332,0
https://research.bangor.ac.uk/en/activities/63886080-94e9-4075-a11a-d9bc9a658496,0
https://research.bangor.ac.uk/en/publications/ff686e36-68b7-4473-934a-c5f3b0334c58,0
https://research.bangor.ac.uk/en/persons/5713bd01-3818-4a9f-b768-5cbfd8f6d827,0
https://research.bangor.ac.uk/en/publications/90c6942b-3225-41b6-b8b2-191cdc062352,0
https://research.bangor.ac.uk/en/activities/bc449330-bc39-4e9e-b972-62a0aeb3afde,0
https://research.bangor.ac.uk/en/activities/5d9c26b0-5b88-43ce-8b14-704ba576dbe2,0
https://research.bangor.ac.uk/en/publications/4ee46172-da04-4f0d-a206-448bc3f1a28a,0
https://research.bangor.ac.uk/en/activities/bb630eb5-6bcf-41f4-8030-1bd08f96e873,0
https://research.bangor.ac.uk/en/publications/63fe354a-684f-4dda-95f7-2c5fd134a35c,0
https://research.bangor.ac.uk/portal/en/researchprojects/kess-ii-mres-with-the-mindfullness-initiative-buk2e068(a3121c45-c4db-4e08-b2a5-d36127dcacae).html,0
https://research.bangor.ac.uk/en/publications/0cf8fab8-4ecb-4aa7-ab8a-2e189151d242,0
https://research.bangor.ac.uk/en/publications/a103d581-1901-4b3a-84ff-0fc0d8793f2c,0
https://research.bangor.ac.uk/en/activities/736b4731-20f3-4937-8a4f-53f64dfb9373,0
https://research.bangor.ac.uk/en/activities/37ea9a7d-ba75-4836-9fd8-38e8c8d890d1,0
https://research.bangor.ac.uk/en/activities/3388c218-ffaa-4f8b-8dc4-935fa106fafe,0
https://research.bangor.ac.uk/en/activities/b6135bf9-6fab-427a-a39b-10f38e9d792d,0
https://research.bangor.ac.uk/en/publications/52b5f77a-457a-4fe0-b9b7-0459363b1584,0
https://research.bangor.ac.uk/en/publications/a8dd5362-a70b-4ead-804f-e9c294574dc4,0
https://research.bangor.ac.uk/en/activities/9f670bd4-265d-4e66-9c61-bf8f93ec19dd,0
https://research.bangor.ac.uk/portal/en/researchprojects/staying-well-after-depression-a-randomised-trial-additional-funding-on-r26120(94a29d83-260e-4617-b713-aec3f63e02c2).html,0
https://research.bangor.ac.uk/en/activities/64241338-4d36-4f8e-8d9d-9aa94525eb0a,0
https://research.bangor.ac.uk/en/activities/4e884c79-4747-4684-b57f-1fce408a253a,0
https://research.bangor.ac.uk/en/activities/d6e9c56d-d7c9-4bfa-9b39-f3b3a84d0cac,0
https://research.bangor.ac.uk/en/activities/7641ccf6-3113-4cad-b699-648fbbaecc7f,0
https://research.bangor.ac.uk/en/activities/0a4d73a6-d86b-41be-8f83-09da2ddb3e4d,0
https://research.bangor.ac.uk/en/publications/bbc351ea-fa9c-461e-9600-45e0005473ff,0
https://research.bangor.ac.uk/en/publications/eb4afabb-2fdc-45b4-8676-3c226a5411b2,0
https://research.bangor.ac.uk/en/publications/3911e873-4881-4476-8f22-9cb75b4e9f1b,0
https://research.bangor.ac.uk/en/activities/2b8af834-6a98-423e-a4f6-7985953e1705,0
https://research.bangor.ac.uk/en/publications/0ab8d86b-89d0-479e-b867-383552eb6237,0
https://research.bangor.ac.uk/portal/en/researchprojects/accessibility-and-implementation-of-mindfulness-based-interventions-mbis-in-swedish-health-care-services(8ebaa125-afd5-4eac-8de7-a7d539ec3da9).html,0
https://research.bangor.ac.uk/en/publications/ae8c65d3-5c5b-46a6-8acd-b44c9e8b37e0,0
https://research.bangor.ac.uk/en/publications/a9c00fb1-a0d4-4aae-b21d-0b8763ca9101,0
https://research.bangor.ac.uk/en/activities/0f6120d7-3cab-422e-8727-0b5749bd81cf,0
https://research.bangor.ac.uk/en/publications/350ae1f4-3801-4b8f-9d53-c81c6ec4bbb6,0
https://research.bangor.ac.uk/en/activities/10840f5a-f077-4bbf-8523-ee5d15b2628a,0
https://www.bangor.ac.uk/staff/spss/rebecca-crane-016403/cy,0
https://research.bangor.ac.uk/en/activities/06e2abd4-49d8-4e93-89c3-9aa9bdf2f87e,0
https://research.bangor.ac.uk/en/publications/666b88eb-28d0-458d-8840-551b33a0aa5f,0
https://research.bangor.ac.uk/en/activities/5104eada-82ae-4db2-a919-c1c3a73765d6,0
https://research.bangor.ac.uk/en/activities/51b345d7-67fe-4ef2-b9b0-a01d771c2561,0
https://research.bangor.ac.uk/en/publications/9cf909ad-5266-4b2e-8c51-77f86cd4493e,0
https://research.bangor.ac.uk/en/publications/27b4aa6b-a01f-47ab-8e84-a96f23a7d693,0
https://research.bangor.ac.uk/en/publications/b7e8cb7d-e4ff-40ac-9597-d8275de5fb30,0
https://research.bangor.ac.uk/en/publications/3a67c44d-1b25-4791-97ce-56e0087bc01e,0
https://research.bangor.ac.uk/en/activities/bd019f07-3d6b-485b-92d6-4925a7343f8d,0
https://research.bangor.ac.uk/en/activities/13ff4042-c797-4869-a1cd-c90c2da6294a,0
https://research.bangor.ac.uk/en/activities/39014186-f4d8-4c10-b015-21ce9e1a7fd3,0
https://research.bangor.ac.uk/en/publications/d1961a0b-e5de-4140-8ac1-e90562ade0cd,0
https://research.bangor.ac.uk/en/publications/2ff8f8a1-ddca-4632-9fdb-0aaaec2370f0,0
https://research.bangor.ac.uk/en/activities/e01fd36b-22a6-4734-ae50-034e691b1ff3,0
https://research.bangor.ac.uk/en/activities/159e12e7-ae07-4283-9363-eb7a6cd3f524,0
https://research.bangor.ac.uk/en/publications/b3923ae0-d909-4d40-8350-184f72188b87,0
https://research.bangor.ac.uk/en/activities/378b0376-7572-407c-8e5b-faf1712c52a5,0
https://research.bangor.ac.uk/en/activities/89d1fcf9-6981-4ac6-9ee5-0c5ea00e6fe3,0
https://research.bangor.ac.uk/en/publications/008e4414-a76e-4d83-96f3-0193b71ab97f,0
https://research.bangor.ac.uk/en/publications/664f0b8c-7467-4b7d-a6fb-5e257b655704,0
https://research.bangor.ac.uk/en/publications/2faee27f-874c-444e-becf-e30e7f157914,0
https://research.bangor.ac.uk/en/activities/37553e31-a130-4ad5-8f87-1a957d9054c8,0
https://research.bangor.ac.uk/en/activities/701efad0-c25a-4e62-a6f3-564cabae96e6,0
https://research.bangor.ac.uk/en/publications/8b9f97a9-34b8-4703-b794-f43d3f049d47,0
https://research.bangor.ac.uk/en/activities/1d3199a0-18b1-47fe-927a-525b0a51e78c,0
https://research.bangor.ac.uk/portal/en/researchprojects/low-intensity-guided-help-through-mindfulness-lightmind(846bfbf5-f0a1-4365-97a5-4685195cd513).html,0
https://research.bangor.ac.uk/en/publications/090602d9-ba93-4825-8260-c8d25c6c5404,0
https://research.bangor.ac.uk/en/activities/2a2d04dc-1ab3-424c-a391-11072d10a6a7,0
https://research.bangor.ac.uk/en/activities/106237a1-2569-4dc6-ad8e-f59ce1b916e8,0
https://research.bangor.ac.uk/en/activities/948c701a-e192-4c56-abd4-db3f7a24f459,0
https://research.bangor.ac.uk/en/publications/091dcc28-7d2d-47be-b453-5c1357e41fa9,0
http://stayingwell.bangor.ac.uk/,0
https://research.bangor.ac.uk/en/publications/7c36b1cc-c9a6-4e30-ad5f-c30e1f10929d,0
https://research.bangor.ac.uk/en/publications/a4abcf37-6c36-4b28-be7d-f2dea0059799,0
https://research.bangor.ac.uk/en/activities/80d3100e-0982-419a-8f48-75c74636b3ae,0
https://research.bangor.ac.uk/en/publications/8601d6bd-72d3-419b-a85f-ed25a521346d,0
https://research.bangor.ac.uk/en/publications/b7ec6aef-56b3-46dc-829c-bca3fa3e7ef8,0
https://research.bangor.ac.uk/en/activities/6bfc34ae-e1ba-4a22-85ce-f62a4ea74226,0
https://research.bangor.ac.uk/en/activities/6866d636-709c-424d-86f5-a1d67989d756,0
https://research.bangor.ac.uk/en/publications/59c30452-a8f8-4469-8215-3e45cd784a51,0
https://research.bangor.ac.uk/en/publications/337a520f-b2fc-4ba9-a182-3b5adbec45f0,0
https://research.bangor.ac.uk/en/publications/dde154a1-3642-4b7e-a542-a9ba62d4f876,0
https://research.bangor.ac.uk/en/publications/f75c65a7-3757-48bb-a760-af0f1fb13b8d,0
https://research.bangor.ac.uk/portal/en/researchprojects/bursary-for-mindfulness-based-cognitive-therapy-for-the-prevention-of-relapse-in-depression-course(c321718f-62c5-4c80-a8e1-8d7121697e5e).html,0
https://research.bangor.ac.uk/en/publications/dbf8d027-e824-4b32-b25b-0629a86c541e,0
https://research.bangor.ac.uk/en/activities/b80f1c80-bfaa-4248-9314-f0f1817b9ddd,0
https://research.bangor.ac.uk/en/activities/e9c47e6c-d619-4916-9ff7-f62d395b0152,0
https://research.bangor.ac.uk/en/activities/417b144c-f7c4-4c82-a395-ed53b4cdf29e,0
https://research.bangor.ac.uk/en/activities/1ad3b167-9d30-4157-90c5-cbe0c0a93981,0
https://research.bangor.ac.uk/en/publications/b91b0fd0-c332-4d27-9ed8-9efbb11d5b5c,0
https://research.bangor.ac.uk/en/publications/7aa2be60-8e3f-4dfa-89ce-319c98466f8e,0
https://research.bangor.ac.uk/en/publications/5fd176f8-fece-4491-bfcf-3e9ac87a7462,0
https://research.bangor.ac.uk/en/activities/b82b6ab8-824a-4eff-9089-fbd0317e1e6c,0
https://research.bangor.ac.uk/en/publications/1eb50d05-6e0d-4d97-83a6-bbd459754997,0
https://research.bangor.ac.uk/en/activities/8cc77c66-f6cd-45d4-b3cc-3f0d4c64d755,0
https://research.bangor.ac.uk/en/activities/a4790e4d-dfb5-48fb-9543-45aa6638a6a7,0
https://research.bangor.ac.uk/en/activities/271a8f61-3aa2-4714-8558-f30258f6889c,0
https://research.bangor.ac.uk/en/activities/5f99b970-d245-4fc4-b8f0-27940b4cf5c8,0
https://research.bangor.ac.uk/en/activities/c2393964-8183-46ba-a6fe-fdab01a9cce0,0
https://research.bangor.ac.uk/en/activities/ee15afa0-4113-43fe-8a8d-a6ae7ece35b2,0
https://research.bangor.ac.uk/en/activities/f09c8fbb-734f-415f-96ae-809baebb9e53,0
https://research.bangor.ac.uk/en/activities/797811ad-8ceb-47f2-bdd6-7e7aed470f6f,0
https://research.bangor.ac.uk/en/publications/ab0163c1-78c8-497e-9b34-f5ad573e2661,0
https://research.bangor.ac.uk/en/activities/114dc9a2-e556-42dc-98ac-98a3817a1ab2,0
https://research.bangor.ac.uk/en/publications/c335201f-53c4-43f2-847c-2e55b146bd4a,0
https://research.bangor.ac.uk/en/activities/c1fa392f-d41d-4acc-a50d-467426fc87bf,0
https://research.bangor.ac.uk/en/activities/029de231-0130-4d84-96ef-53de7f95079e,0
https://research.bangor.ac.uk/en/activities/029db72d-ec10-4e29-8f0c-c4a577618541,0
https://research.bangor.ac.uk/en/publications/ffbcecb4-2bb7-4dfa-b3b5-7e9d2f52a5e7,0
https://research.bangor.ac.uk/en/publications/ace7d9af-f73c-410e-83bb-9c13ec4f8872,0
https://research.bangor.ac.uk/en/publications/f9699755-8c49-4c88-8902-b2b567e6095a,0
https://research.bangor.ac.uk/en/activities/bab93522-7bd6-49a7-be7f-805862f376df,0
https://research.bangor.ac.uk/en/activities/e8d7e9cc-0607-416d-8663-c97b1c8c5cf8,0
https://research.bangor.ac.uk/en/publications/e3fab91a-aa08-4944-9ed4-c5308fe16167,0
https://research.bangor.ac.uk/en/publications/c0f2fff7-7a6a-44bc-afbb-b2cb90d42d29,0
https://research.bangor.ac.uk/en/activities/d15c262c-79fc-4a9a-a46d-2c71a9d96b77,0
https://research.bangor.ac.uk/en/activities/2071111e-bc93-4f11-9d1c-2a19e9b1890f,0
https://research.bangor.ac.uk/en/publications/7250de3d-b65f-403f-b5aa-529e161e1359,0
https://research.bangor.ac.uk/en/activities/46df52b6-63c5-4ab6-85af-0817fd682753,0
https://research.bangor.ac.uk/en/activities/16da3cf9-0894-446e-b987-319460807df0,0
https://research.bangor.ac.uk/en/publications/b77562fe-2e8a-4bfc-ba20-5713885be772,0
https://research.bangor.ac.uk/en/activities/b2043f8c-0882-4b7b-8313-1fce41a8869f,0
https://research.bangor.ac.uk/en/activities/e84e38d9-fbfa-412b-897d-c91921383920,0
https://research.bangor.ac.uk/en/activities/6805efab-f1c0-4f7a-9446-41fcaf6191b5,0
https://research.bangor.ac.uk/en/publications/24b0d937-bf17-46f2-9c17-18e60612eec6,0
https://research.bangor.ac.uk/en/activities/3ab00990-d793-4190-925f-60adcb3b1781,0
https://research.bangor.ac.uk/en/publications/29afc5ca-948a-42ee-83bc-65feb869336a,0
https://research.bangor.ac.uk/en/activities/d45bc355-fcb8-42c1-9eba-1faa47defece,0
https://research.bangor.ac.uk/en/publications/bf64dcd2-1e88-4d98-a93a-c663ecf9eb90,0
https://research.bangor.ac.uk/en/activities/ada99e4e-89aa-4def-b298-e38a2023ce7e,0
https://research.bangor.ac.uk/en/activities/6a6e7151-8a2f-4435-8bf5-a8ccdbb34583,0
https://research.bangor.ac.uk/en/activities/0777d158-dbed-4778-bcef-e1b693ec7e50,0
https://research.bangor.ac.uk/en/publications/05adad30-61d7-4508-b814-d608dc36a252,0
https://research.bangor.ac.uk/en/publications/a7005fb2-a29a-404b-91b8-a45831fb9c7d,0
https://research.bangor.ac.uk/en/activities/5b1b48ba-284a-4475-8bfd-4ae269be7ccd,0
https://research.bangor.ac.uk/en/activities/89f1852f-64de-4650-93a4-2570caf81bf2,0
https://research.bangor.ac.uk/en/publications/4ec6e2ea-8487-4612-acf8-27faa7f4e857,0
https://research.bangor.ac.uk/en/publications/5caa6918-f9bc-4bb6-8254-af727a547b81,0
https://research.bangor.ac.uk/en/activities/94567087-546f-4e12-86a2-da0316bdfebc,0
https://www.bangor.ac.uk/mindfulness/coursedesc.php?id=749,0
https://research.bangor.ac.uk/en/activities/0e4f63ce-74af-41c8-9534-492c4e08c887,0
https://research.bangor.ac.uk/en/activities/e016c4e9-0034-424d-b594-af1188d48817,0
https://research.bangor.ac.uk/en/activities/df10c787-ca94-4602-8603-c557756f039e,0
https://research.bangor.ac.uk/en/publications/140e434d-b8c4-436e-9687-a07a59f6c88b,0
https://research.bangor.ac.uk/en/activities/571e2bfb-d293-493a-b478-843ed5e77cbb,0
https://research.bangor.ac.uk/en/activities/28e148f8-94a3-4da5-b274-f3a4e276a6a1,0
https://research.bangor.ac.uk/en/activities/99bfaddb-4571-4127-a48c-50da95d36c94,0
https://research.bangor.ac.uk/en/activities/fba1d417-8313-4db2-b132-1e8c15b99437,0
https://research.bangor.ac.uk/en/publications/1a564aa6-5d2b-4288-b8e3-6cbaad91d808,0
https://www.bangor.ac.uk/staff/bbs/en,0
https://www.bangor.ac.uk/tagbs/news/the-albert-gubay-business-school-celebrates-phd-success-for-chiara-lo-re,0
https://www.bangor.ac.uk/tagbs/news/runshaw-college-students-explore-business-at-bangor-in-hands-on-outreach-visit,0
https://www.bangor.ac.uk/cy/ybb,0
https://www.bangor.ac.uk/tagbs/events/investment-challenge-2026-0,0
https://www.bangor.ac.uk/tagbs/events/postgraduate-event,0
https://www.bangor.ac.uk/tagbs/events/discover-economics-online-conference,0
https://www.bangor.ac.uk/tagbs/news/prestigious-honour-for-bangor-university-director-of-research,0
https://www.bangor.ac.uk/business/facilities.php.en,0
https://www.bangor.ac.uk/computer-science-and-electronic-engineering/social-media.php.en,0
https://www.bangor.ac.uk/computer-science-and-electronic-engineering/study-with-us/open-days/en,0
https://www.bangor.ac.uk/computer-science-and-electronic-engineering/research/impact.php.en,0
https://www.bangor.ac.uk/computer-science-and-electronic-engineering/Business/campus.php.en,0
https://www.bangor.ac.uk/computer-science-and-electronic-engineering/research/research-groups.php.cy,0
https://www.bangor.ac.uk/computer-science-and-electronic-engineering/Business/idb.php,0
https://www.bangor.ac.uk/computer-science-and-electronic-engineering/study-with-us/postgraduate-application/en,0
https://www.bangor.ac.uk/computer-science-and-electronic-engineering/student-profiles.php,0
https://www.bangor.ac.uk/computer-science-and-electronic-engineering/facilities/index.php.en,0
https://www.bangor.ac.uk/computer-science-and-electronic-engineering/Business/index.php.en,0
https://www.bangor.ac.uk/computer-science-and-electronic-engineering/study-with-us/postgraduate-student-life/en,0
https://www.bangor.ac.uk/computer-science-and-electronic-engineering/study-with-us/postgraduate-student-finance/en,0
https://www.bangor.ac.uk/computer-science-and-electronic-engineering/study-with-us/bangor-and-the-area/en,0
https://www.bangor.ac.uk/computer-science-and-electronic-engineering/postgraduate-modules/,0
https://www.bangor.ac.uk/computer-science-and-electronic-engineering/index.php.en,0
https://www.bangor.ac.uk/computer-science-and-electronic-engineering/videos.php.en,0
https://www.bangor.ac.uk/computer-science-and-electronic-engineering/study-with-us/postgraduate-funding/en,0
https://www.bangor.ac.uk/computer-science-and-electronic-engineering/study-with-us/postgrad-prospectus/en,0
https://www.bangor.ac.uk/computer-science-and-electronic-engineering/research/collaborations.php.en,0
https://www.bangor.ac.uk/computer-science-and-electronic-engineering/digital-apprenticeships,0
https://www.bangor.ac.uk/computer-science-and-electronic-engineering/contacts.php.en,0
https://www.bangor.ac.uk/computer-science-and-electronic-engineering/orderprospectus.php.en,0
https://www.bangor.ac.uk/computer-science-and-electronic-engineering/study-with-us/postgraduate-entry-req/en,0
https://www.bangor.ac.uk/computer-science-and-electronic-engineering/study-with-us/find-us/en,0
https://www.bangor.ac.uk/computer-science-and-electronic-engineering/study-with-us/postgraduate-student-support/en,0
https://www.bangor.ac.uk/computer-science-and-electronic-engineering/study-with-us/postgraduate-accommodation/en,0
https://www.bangor.ac.uk/computer-science-and-electronic-engineering/study-with-us/undergraduate-funding/en,0
https://www.bangor.ac.uk/computer-science-and-electronic-engineering/postgraduate-courses.php.en,0
https://www.bangor.ac.uk/computer-science-and-electronic-engineering/news/,0
https://www.bangor.ac.uk/computer-science-and-electronic-engineering/study-with-us/postgraduate-study-at-bangor/en,0
http://pawb.bangor.ac.uk/,0
https://www.bangor.ac.uk/computer-science-and-electronic-engineering/undergraduate-courses/,0
https://www.bangor.ac.uk/computer-science-and-electronic-engineering/schools.php.en,0
https://www.bangor.ac.uk/computer-science-and-electronic-engineering/study-with-us/why-study-at-bangor-postgraduate/en,0
https://www.bangor.ac.uk/computer-science-and-electronic-engineering/facilities/teaching-facilities.php.en,0
https://www.bangor.ac.uk/arts-humanities-and-business-draft/events,0
https://www.bangor.ac.uk/study/postgraduate?academic_college=1,0
https://www.bangor.ac.uk/arts-humanities-and-business/news/lying-increases-trust-in-science-new-study-finds,0
https://www.bangor.ac.uk/arts-humanities-and-business/news/eu3-million-european-grant-awarded-to-bangor-university-to-lead,0
https://www.bangor.ac.uk/study/undergraduate?academic_college=1,0
https://www.bangor.ac.uk/arts-humanities-and-business/news/bangor-university-academics-appointed-to-ref-2029-sub-panels,0
https://www.bangor.ac.uk/openday/intro.php.en,0
https://www.bangor.ac.uk/arts-humanities-and-business-draft/news,0
https://www.bangor.ac.uk/arts-humanities-and-business/events/rethinking-educational-ethnography-2026,0
https://www.bangor.ac.uk/cy/ccdgc,0
https://www.bangor.ac.uk/arts-humanities-and-business/events/across-the-bridge-poetry-and-translation-in-performance-0,0
https://www.bangor.ac.uk/study/postgraduate-research?academic_college=1,0
https://www.bangor.ac.uk/arts-humanities-and-business/news/peter-mandelson-steps-down-from-the-house-of-lords-but-he-still,0
https://research.bangor.ac.uk/en/publications/29888df8-aaff-4ab3-9050-abe5863865a1,0
https://research.bangor.ac.uk/en/publications/6c6a4af4-72c0-4c29-84cc-52cddfe6064f,0
https://research.bangor.ac.uk/en/publications/dd417742-9151-4a90-9107-3b9f8267a7ef,0
https://research.bangor.ac.uk/en/publications/a42a49dd-3dd1-4b6a-946e-78f3734130c8,0
https://research.bangor.ac.uk/en/publications/a6630bb5-1f0c-4498-b08c-7cfa03fe6d26,0
https://research.bangor.ac.uk/en/publications/b3ee130c-29c8-4e74-bb2e-72430b9449fd,0
https://research.bangor.ac.uk/en/publications/d084fdea-f6c9-40f0-aadd-8e87d3aba0a3,0
https://research.bangor.ac.uk/en/publications/ac671c8e-05a0-47c9-8dbd-7d9b9672f98f,0
https://research.bangor.ac.uk/en/publications/ad0de3f1-bf42-478f-9c94-0dd2fd1acda5,0
https://www.bangor.ac.uk/staff/sacl/alys-conran-040661/cy,0
https://research.bangor.ac.uk/en/publications/3dc0a556-8245-464d-a159-31896ebdd750,0
https://research.bangor.ac.uk/en/publications/4f5c6afb-0fde-4c08-af8a-487bb642e6e3,0
https://research.bangor.ac.uk/en/publications/c7121b9e-2933-4a45-98a8-6f9c69e63c1e,0
https://research.bangor.ac.uk/en/persons/dca64345-5616-40f9-8f98-a0a33f1c6117,0
https://research.bangor.ac.uk/en/publications/abebe281-e331-4e7e-a390-586fbb5ea062,0
https://research.bangor.ac.uk/en/publications/69dc007e-742e-4fce-b32d-6a57cb5bece2,0
https://research.bangor.ac.uk/en/publications/442913ef-8242-4f27-9c2d-21f71896deeb,0
https://research.bangor.ac.uk/en/publications/782196fa-464d-45fd-bfc0-196b51afc63d,0
https://research.bangor.ac.uk/en/publications/6927d327-bc36-4268-ac58-840dac609e42,0
https://research.bangor.ac.uk/en/publications/9b7a559b-29e0-4c72-98ec-d8bb5f1a68e2,0
https://www.bangor.ac.uk/staff/sacl/alys-conran-040661/en,0
https://research.bangor.ac.uk/en/publications/6e0fe4a3-96c4-4548-99c3-15e670ed5f66,0
https://research.bangor.ac.uk/en/publications/65d4299e-2636-49ff-8ba8-790b7f48f015,0
https://research.bangor.ac.uk/en/publications/fe7bec15-465d-4e1d-ab4c-441d048d394f,0
https://research.bangor.ac.uk/en/publications/f2e39697-01cc-460c-873b-0c88cdfa3172,0
https://research.bangor.ac.uk/en/publications/d963afdd-b3f2-4ad4-9c39-2f07ed9162d4,0
https://research.bangor.ac.uk/en/publications/b8aba132-f77e-4446-ba6e-502e36dd46b0,0
https://research.bangor.ac.uk/portal/en/researchprojects/icraf-research-2014(a3027bcf-a698-409d-9889-0549e52d1ab7).html,0
https://research.bangor.ac.uk/en/publications/081ca721-6cc3-4bb8-ab2b-a05227231a15,0
https://research.bangor.ac.uk/en/publications/38ec2a7e-deb1-4c51-8696-42903858c023,0
https://research.bangor.ac.uk/en/publications/7ecdc048-a48c-47bf-9a30-53831d5359fa,0
https://research.bangor.ac.uk/en/publications/54e3f345-14d0-42c3-9b09-e570712d5f98,0
https://research.bangor.ac.uk/en/publications/6e4cdbd6-fe0e-4d06-ae4e-54d32a0c6c70,0
https://research.bangor.ac.uk/en/publications/82b212f3-3fdb-4f16-bd92-03041f838cea,0
https://research.bangor.ac.uk/en/publications/c7bb27a3-9e37-4292-9bff-35a5626bb0d0,0
https://research.bangor.ac.uk/en/publications/7c0f47f0-80e4-46b5-81e3-b9d55b661584,0
https://www.bangor.ac.uk/staff/sens/fergus-sinclair-007335/cy,0
https://research.bangor.ac.uk/en/publications/d9414d12-f2c9-41ad-8323-ff4c6b792e1b,0
https://research.bangor.ac.uk/portal/en/researchprojects/interreg-iiic-robinwood-loginwood(3b6e7a3d-fde1-4275-9f0b-97a124a4bcd1).html,0
https://research.bangor.ac.uk/en/publications/0fc4344c-7c89-420d-a2ab-d0f9bf39b63b,0
https://research.bangor.ac.uk/portal/en/researchprojects/forestry-commission-planning-and-certi(3aade964-bf51-485b-ac9d-946d105c2060).html,0
https://research.bangor.ac.uk/portal/en/researchprojects/cec-corridor(9214bdb9-5019-4b93-bfac-f5e55026c8c4).html,0
https://research.bangor.ac.uk/en/publications/30590c9e-0b7c-44ea-8eda-0ed9cb438d6d,0
https://research.bangor.ac.uk/en/publications/031df701-4e22-497c-b2c9-5ba2b751b446,0
https://research.bangor.ac.uk/en/publications/d20dd2e7-87ba-4b63-a0c0-461064fe5298,0
https://research.bangor.ac.uk/en/publications/60e36595-c786-4dde-b52e-12c0e5b9f14c,0
https://research.bangor.ac.uk/en/publications/7df1cd18-35eb-48b2-acb2-458ca90905f7,0
https://research.bangor.ac.uk/en/publications/93596068-84c6-49f5-bb98-072667074a0f,0
https://research.bangor.ac.uk/en/publications/a823dcbb-d9b6-458b-a3ca-32bb9dc52a68,0
https://research.bangor.ac.uk/portal/en/researchprojects/icraf-research-2017(ba88ea59-1898-485e-9a38-890bf8e25af3).html,0
https://research.bangor.ac.uk/portal/en/researchprojects/ec-cafnet(05d88295-9d19-4202-b1c9-c26feefc2f47).html,0
https://research.bangor.ac.uk/en/publications/389fa01a-c1ef-4a39-8d41-11cf4c9a9f67,0
https://research.bangor.ac.uk/portal/en/researchprojects/landscape-approach-to-enhance-biodiversity-and-livelihoods-in-the-comoros(7c0316de-5acc-4d7e-b8a0-c886485eac4f).html,0
https://research.bangor.ac.uk/en/publications/4f4427a7-7262-4770-a07a-21d91eada393,0
https://research.bangor.ac.uk/en/publications/4109d7b5-f8a6-4981-9a46-f8f70c452b07,0
https://research.bangor.ac.uk/en/publications/eb27a111-fdad-42de-b4bc-6336e5e04d2f,0
https://research.bangor.ac.uk/en/publications/22c376ec-42d2-4223-abd6-bf4a6ae772d7,0
https://research.bangor.ac.uk/en/publications/d01eb4e3-4122-4916-ac57-a0db48d21f3d,0
https://research.bangor.ac.uk/en/publications/f683f318-6a5a-49e7-b0af-cea553ffb1c5,0
https://research.bangor.ac.uk/en/publications/5869bdf7-b0a5-4064-9fac-a6e0f4781d60,0
https://research.bangor.ac.uk/portal/en/researchprojects/icraf-buyout-arrangements-for-dr-fergus-sinclair-2014-2016(8c70872e-0c90-4890-8a00-8473a459c19e).html,0
https://research.bangor.ac.uk/portal/en/researchprojects/icraf-collaboration(ab809bf9-dd66-4e01-af7e-c72861158a72).html,0
https://research.bangor.ac.uk/portal/en/researchprojects/benwood-coordination-actions-in-support-of-sustainable-and-eco-efficient-short-rotation-forestry-in-cdm-countries(9898f81a-3522-4006-bff5-bee7c5c485f2).html,0
https://research.bangor.ac.uk/en/publications/fdf45a7e-5025-46bd-9bb4-e4d8d61ee151,0
https://research.bangor.ac.uk/portal/en/researchprojects/local-sci-knowledge-in-conservation(661f4159-8ada-46b0-ab65-8ea81b5fdcae).html,0
https://research.bangor.ac.uk/portal/en/researchprojects/icraf-buyout-arrangements-for-dr-fergus-sinclair-2020-2022(a45fb0d1-7c4e-46a6-bb0b-81d9f8491f5e).html,0
https://research.bangor.ac.uk/en/publications/722e000c-87df-4ace-8233-a05008650cd4,0
https://research.bangor.ac.uk/portal/en/researchprojects/interreg-iiic-robinwood-habitat-networ(f13a6252-6d04-46a1-80f5-c950edf3e3c8).html,0
https://research.bangor.ac.uk/en/publications/1964edd9-67f8-47db-9871-527a37afe30d,0
https://research.bangor.ac.uk/en/publications/7b3f3348-46af-4c5e-a3b8-abff9503cb8b,0
https://research.bangor.ac.uk/en/publications/310fc2c7-025f-40a6-8b9d-e9d695b858eb,0
https://research.bangor.ac.uk/en/activities/f4b6a0c2-221a-4d7b-bb16-121c3d162864,0
https://research.bangor.ac.uk/en/publications/57b685ff-5a78-4a28-a64c-b09a9a618ad1,0
https://research.bangor.ac.uk/en/publications/ca987512-c1bb-42db-8a4c-002bf9e45385,0
https://research.bangor.ac.uk/portal/en/researchprojects/local-knowledge-project(b940a79a-1161-4a68-8dd3-99ef48dfb958).html,0
https://research.bangor.ac.uk/en/publications/9860bd78-386e-4db4-b962-79415e8203ea,0
https://research.bangor.ac.uk/en/publications/253fc69e-3dae-487e-af22-6ad89f12e359,0
https://research.bangor.ac.uk/portal/en/researchprojects/icraf-staff-secondment(7c2c9d36-875e-410e-8f0e-739be55ab413).html,0
https://research.bangor.ac.uk/en/publications/d6b3cda1-1089-4479-9e50-f83a8b018839,0
https://research.bangor.ac.uk/portal/en/researchprojects/flood-risk-management-research-consortim(17c9f74d-94c2-47e8-bdc2-789be90805a0).html,0
https://research.bangor.ac.uk/en/publications/2093f106-a009-456a-94d9-c77c560613cc,0
http://corridor.bangor.ac.uk/,0
https://research.bangor.ac.uk/en/publications/d8884a68-ef54-42e7-ba4c-b99333669801,0
https://research.bangor.ac.uk/en/publications/0ed86196-9032-42cf-ad01-35e63a19e72b,0
https://research.bangor.ac.uk/en/publications/5cb59990-57f9-4b86-a0ef-a0013c7af162,0
https://research.bangor.ac.uk/portal/en/researchprojects/icraf-research-2018-apr-dec(e35c7d8f-d348-4b1f-87d3-4214d6c87f88).html,0
https://research.bangor.ac.uk/en/publications/d8dd5531-f67b-4a2b-ac61-9edbbcfc6d9e,0
https://research.bangor.ac.uk/en/publications/5d9038b1-f55d-4673-b9e7-b90ab34c8a82,0
https://research.bangor.ac.uk/en/publications/6b0ab3c0-677d-4b7a-a415-8e01337780ce,0
https://research.bangor.ac.uk/en/publications/d207b0f6-283e-49ad-bbc3-aeca334c9224,0
https://research.bangor.ac.uk/portal/en/researchprojects/smallholder-production-systems-and-markets-for-forests-trees-and-agroforestry(e81a7292-3fe8-4dc9-89dd-23606c6c3277).html,0
https://research.bangor.ac.uk/en/publications/6f51c0bc-9c4b-4f47-921f-a73b0891fed5,0
https://research.bangor.ac.uk/en/publications/4c00228d-2cd6-48e2-9e29-d916e224d799,0
https://research.bangor.ac.uk/en/publications/63af4017-a810-45d1-9e71-eea839ded40e,0
https://research.bangor.ac.uk/en/publications/2979e3ff-0250-4764-a9e0-d3327cbc3313,0
https://research.bangor.ac.uk/en/publications/e2ab9a0f-a962-4c0f-81c4-6283503eda07,0
https://research.bangor.ac.uk/portal/en/researchprojects/scaling-up-conservation-agriculture-evergreen-phase-2(4497f9ad-8b50-4cd7-b1ca-0e4f851de6f0).html,0
https://research.bangor.ac.uk/en/publications/63a4b21b-ce6d-435f-884a-a4c6ac941ae3,0
https://research.bangor.ac.uk/en/publications/ce2c1ea2-2c06-48d0-884b-6f5e95884965,0
https://research.bangor.ac.uk/portal/en/researchprojects/case-study-of-practical-measures-at-a-landscape-scale-to-provide-for-adaptation-of-biodiversity-and-ecosystems-to-climate-change(277bf16d-44d4-43aa-a0ea-a8afe59d6127).html,0
https://research.bangor.ac.uk/portal/en/researchprojects/interreg-iiic-robinwood-lady-marian(1f73e032-5a46-4839-a08e-f1200b249ce6).html,0
https://research.bangor.ac.uk/portal/en/researchprojects/icraf-research-2015(43912c63-5158-4cc4-a1fc-5470297df0ce).html,0
https://research.bangor.ac.uk/en/publications/764e5ee2-7755-44b5-948c-78852ba1ee1d,0
https://research.bangor.ac.uk/en/publications/18084d2e-5b1e-46fc-93e8-ac850f2665ff,0
https://research.bangor.ac.uk/en/publications/6414639d-dc5e-40e9-b443-75682fcf8da8,0
https://research.bangor.ac.uk/portal/en/researchprojects/interreg-iiic-robinwood-friartuc(00b96e1b-93ae-45c4-8fec-133f582cb54f).html,0
https://research.bangor.ac.uk/en/publications/5ec5afd8-56db-47e7-9950-492a1f9b7b42,0
https://research.bangor.ac.uk/portal/en/researchprojects/cpwf-research-world-agroforestry-centre(295322c0-bef0-4049-88c7-70f01be1b2f6).html,0
https://research.bangor.ac.uk/en/publications/5dceaa94-e8d9-4b9b-9cce-5abd80020267,0
https://research.bangor.ac.uk/en/publications/ace75d84-2f75-4a59-b990-c648384dbc01,0
https://research.bangor.ac.uk/en/publications/f1265259-0324-4c3d-9e6b-fb1043d1edb1,0
https://www.bangor.ac.uk/staff/sens/fergus-sinclair-007335/en,0
https://research.bangor.ac.uk/en/publications/ad1c7bc6-a4d4-498f-a5a4-679b1fcfe101,0
https://research.bangor.ac.uk/portal/en/researchprojects/cocoa-farming-biodiversity-in-ghana(e1979c2b-4416-4e7f-aa83-6fa23def6915).html,0
https://research.bangor.ac.uk/portal/en/researchprojects/flood-risk-management-consortium-frmrc(c0d57fe8-4ca4-4d84-b2a0-95bd2966fe1c).html,0
https://research.bangor.ac.uk/en/publications/1a5c8187-27dd-49ef-a210-76bc4bef9bc4,0
https://research.bangor.ac.uk/en/publications/b1458bd7-3c41-4c32-836b-87a90a498c5c,0
https://research.bangor.ac.uk/en/publications/95607dd9-df0e-4bda-bf9b-ac82b4a5ee83,0
https://research.bangor.ac.uk/en/publications/f07e7981-19f0-41ec-ad7b-9b53fc3cd5fc,0
https://research.bangor.ac.uk/en/publications/1328a00e-aca8-4302-9b26-ac352e72314b,0
https://research.bangor.ac.uk/en/publications/5573abd6-3da2-4b41-9e36-5c5a50f1ad72,0
https://research.bangor.ac.uk/en/publications/034ea6f9-a02f-4505-99bd-3d0e469ff822,0
https://research.bangor.ac.uk/en/publications/d6807573-be9a-467d-91ee-91240227a1c2,0
https://research.bangor.ac.uk/en/publications/246a8369-c36b-474f-aee2-916f0a0df2a1,0
https://research.bangor.ac.uk/portal/en/researchprojects/icraf-research-2018-jan-mar(24986fc7-fb21-4774-a6e3-28cd604acfcd).html,0
https://research.bangor.ac.uk/en/publications/eec71e60-fe8a-4e43-92f1-c1f2bf7195d6,0
https://research.bangor.ac.uk/en/publications/ffd827f9-caae-4889-ab76-21302d449961,0
https://research.bangor.ac.uk/en/publications/89df0f53-99dd-4aee-ba37-593020ac9adf,0
https://research.bangor.ac.uk/en/publications/72ea3ac7-1feb-4d89-9d91-54322a497296,0
https://research.bangor.ac.uk/en/publications/cc37e050-3754-4fb6-befc-3cb12ab74a8c,0
https://research.bangor.ac.uk/portal/en/researchprojects/scaling-up-conservation-agriculture-evergreen(6e7d5852-addf-49fa-8a9f-6eab6803e853).html,0
https://research.bangor.ac.uk/en/publications/086491d7-ba2e-4ad4-827c-9f8c693bb8fa,0
https://research.bangor.ac.uk/portal/en/researchprojects/integrated-water-resource-management(9ec5a0a8-40f8-461c-9472-734c4b002ded).html,0
https://research.bangor.ac.uk/portal/en/researchprojects/options-for-mitigating-social-environmental-impacts-of-quarrying-in-rajasthan(6a76312d-dcb2-461b-8703-cc184da66779).html,0
https://research.bangor.ac.uk/en/publications/f94f26e4-ab51-449b-b900-821f6f3f2262,0
https://research.bangor.ac.uk/en/publications/b70cdf09-a56d-4b79-9e87-9aba2fac1977,0
https://research.bangor.ac.uk/portal/en/researchprojects/interreg-iiic-robinwood-altman(eeedd12b-5cfc-4dca-b934-cc1318f40299).html,0
https://research.bangor.ac.uk/portal/en/researchprojects/robinwood-capitalisation-of-previous-rw(1037d67e-02a4-4d5c-a204-e17f6cbe413f).html,0
https://research.bangor.ac.uk/portal/en/researchprojects/ec-rurbifarm(50be82e7-b75c-419d-a60c-5e1f07df8a5d).html,0
https://research.bangor.ac.uk/en/publications/1edc4a8f-ff2d-4fe6-9a59-786dec7b8153,0
https://research.bangor.ac.uk/en/publications/f5e9b5b2-2c89-44d8-a08b-59c6cbd41172,0
https://research.bangor.ac.uk/en/publications/9d76b21b-945b-4f26-ad10-3e1c9d919e12,0
https://research.bangor.ac.uk/portal/en/researchprojects/icraf-research-2019(8441b9c7-9587-4f27-88f4-c6b8f17988a6).html,0
https://research.bangor.ac.uk/en/publications/903af93a-f271-4de6-a297-29ed53f20124,0
https://research.bangor.ac.uk/portal/en/researchprojects/icraf-buyout-arrangements-for-dr-fergus-sinclair-2024-2026(2ee9d72e-d4db-4ed4-97d6-bdbfa3d4aa83).html,0
https://research.bangor.ac.uk/en/publications/47c2b424-094f-422e-9a45-bc5a4241c6fc,0
https://research.bangor.ac.uk/en/publications/740c4306-1afd-47ee-bb7a-c2afd08e12f6,0
https://research.bangor.ac.uk/portal/en/researchprojects/icraf-research-2016(d82639e6-89b2-4e2f-98ea-a7e157e960f1).html,0
https://research.bangor.ac.uk/en/persons/bf531b2c-3eb3-427b-b46a-408369bdff04,0
https://research.bangor.ac.uk/en/publications/46304a83-28bc-49b5-9205-3758d0f2caa5,0
https://ipep.bangor.ac.uk/,0
https://www.bangor.ac.uk/spss/news/study-reveals-stark-impact-of-deindustrialisation-on-mental-health-in-wales,0
https://www.bangor.ac.uk/cy/ysgch,0
https://www.bangor.ac.uk/spss?page=1,0
https://www.bangor.ac.uk/spss?page=4,0
https://www.bangor.ac.uk/spss/news/stress-and-anxiety-before-a-marathon-can-leave-runners-at-risk-of-getting-sick-new,0
https://www.bangor.ac.uk/spss/news/new-book-explores-how-mindfulness-can-help-people-live-and-work-with-greater-meaning-in,0
https://www.bangor.ac.uk/spss/news/new-study-links-higher-mortality-rates-from-suicide-alcohol-and-drugs-to-coal-mine,0
https://www.bangor.ac.uk/spss/news/we-need-to-stop-pretending-ai-is-intelligent-heres-how,0
https://www.bangor.ac.uk/spss/news/mattel-and-openai-have-partnered-up-heres-why-parents-should-be-concerned-about-ai-in,0
https://www.bangor.ac.uk/spss/news/why-returning-to-sport-after-childbirth-is-tougher-than-it-looks-for-triathlete-mothers,0
https://www.bangor.ac.uk/spss/news/national-cardiovascular-research-network-lands-transformative-grant-to-tackle-heart,0
https://www.bangor.ac.uk/spss/news/using-books-as-discussion-prompts-can-help-children-with-language-delay,0
https://www.bangor.ac.uk/school-of-psychology-and-sport-science-newsletter,0
https://www.bangor.ac.uk/spss?page=0,0
https://www.bangor.ac.uk/spss/news/ps8million-welsh-government-grant-awarded-to-centre-of-excellence-for-literacy-at-bangor,0
https://www.bangor.ac.uk/spss/news/new-research-debunks-long-held-theory-about-left-handed-brains,0
https://www.bangor.ac.uk/spss/news/always-look-on-the-bright-side-of-academic-life-study-examines-how-joy-is-found-in,0
https://www.bangor.ac.uk/spss?page=2,0
https://www.bangor.ac.uk/spss?page=3,0
https://www.bangor.ac.uk/spss?page=5,0
https://research.bangor.ac.uk/en/publications/ff28d0e0-c760-485a-9b27-11854ba2169c,0
https://research.bangor.ac.uk/en/activities/afbe4e73-8f2d-4956-87fe-d0881a6e775d,0
https://research.bangor.ac.uk/en/publications/d58e2843-b7d3-47e6-8e77-d67fb2212a39,0
https://research.bangor.ac.uk/en/publications/d3306adf-0b2f-4de4-9edc-951f11db52ec,0
https://research.bangor.ac.uk/en/publications/8bfb1689-da28-42ce-a1a0-0b12bdca5ae8,0
https://research.bangor.ac.uk/en/publications/ac80a684-6765-4659-87d7-f20009559ca4,0
https://research.bangor.ac.uk/en/publications/e3fc402f-d0ba-4cce-b944-ac28725d4f63,0
https://research.bangor.ac.uk/portal/en/researchprojects/migrating-knowledges-science-subjectivity-and-landscape(d1dfab48-1d91-49c8-86af-92f90bbbf3cb).html,0
https://research.bangor.ac.uk/en/activities/653a5f42-b9d0-4452-bded-70b4908f5210,0
https://research.bangor.ac.uk/en/publications/58cefe2e-cb52-4130-b8fc-1201281a4a8f,0
https://research.bangor.ac.uk/en/publications/73956989-0622-4c06-b9af-9fba9d59edf0,0
https://research.bangor.ac.uk/en/publications/4e82a6d6-08a8-451a-89f7-e7c9e4505dc9,0
https://research.bangor.ac.uk/en/activities/938f36a0-4a8c-4425-88f6-e3e4f930a814,0
https://research.bangor.ac.uk/en/activities/fdb631e4-d304-4188-9b81-28d5b367fde6,0
https://research.bangor.ac.uk/en/activities/98acb022-0e85-497e-be7d-63ae543ff0a4,0
https://research.bangor.ac.uk/en/publications/14737356-bd90-4eb3-9a53-2bdd1448110b,0
https://research.bangor.ac.uk/en/publications/763074fe-480e-4e58-b39a-708ca76af70a,0
https://research.bangor.ac.uk/en/publications/c7d0c3d3-e7d0-48f3-9ccb-ca47b4e6c6d6,0
https://research.bangor.ac.uk/en/publications/ffb9f2e8-3192-4eda-a624-cdd41abd3fda,0
https://research.bangor.ac.uk/en/publications/01e1e280-3300-4b5e-ad29-039408702fd2,0
https://research.bangor.ac.uk/en/publications/cda8c74b-0b35-4d75-a12d-6cc8f952c8fe,0
https://research.bangor.ac.uk/portal/en/researchprojects/poetry-in-expanded-translation(6d7b48a3-4e96-45ba-9e87-f6b45064c65e).html,0
https://research.bangor.ac.uk/en/publications/d567693e-6592-459f-9374-06343259e055,0
https://research.bangor.ac.uk/en/activities/ddb2eee2-75bc-44f7-a00b-a61a11da1acf,0
https://research.bangor.ac.uk/en/activities/e6430218-4b6a-4901-b6b9-db8cbca4061c,0
https://research.bangor.ac.uk/en/activities/f83667c4-62a5-429f-89cd-827b509761ba,0
https://research.bangor.ac.uk/en/activities/9bbdfb7c-d2c6-4005-acaa-f10129a575e8,0
https://research.bangor.ac.uk/en/activities/8864d076-059d-4c4b-96ed-c13b87b00784,0
https://research.bangor.ac.uk/en/activities/1a80f9a9-b64d-4972-8ee4-002aaaef8156,0
https://research.bangor.ac.uk/en/activities/f2700b41-6835-4fdd-a3a6-a3bb50925672,0
https://research.bangor.ac.uk/en/publications/eaf1f92e-ebeb-433f-900f-bb2f57a122a4,0
https://research.bangor.ac.uk/en/publications/a22005ec-a4bf-4836-bfb9-0efd976d5d47,0
https://research.bangor.ac.uk/en/publications/89e5d656-656c-43d1-8e46-31b683030f9a,0
https://research.bangor.ac.uk/en/publications/c8cef747-6a9a-4b6e-969d-29d1c22203d9,0
https://research.bangor.ac.uk/en/persons/16b0182e-f120-41eb-97d7-4959167ea9b4,0
https://research.bangor.ac.uk/en/activities/85f98d91-5a32-4be6-ba5e-f95c3b56c71f,0
https://research.bangor.ac.uk/en/publications/29fa4d7a-a59f-424e-a6cc-d42aa28c9a6c,0
https://research.bangor.ac.uk/en/activities/c74f8e30-68cf-4b15-a18f-7057f4c44290,0
https://research.bangor.ac.uk/en/activities/8909419a-778d-44ac-80da-3e55072f9507,0
https://research.bangor.ac.uk/en/publications/295ddcb8-f2b0-4c02-93ff-91377e0705d0,0
https://research.bangor.ac.uk/en/activities/920ae8a2-76e0-40dd-8c68-7a4b421bbf28,0
https://research.bangor.ac.uk/en/activities/03f23ef8-2aa0-451c-8ef6-2df2276bb41a,0
https://research.bangor.ac.uk/en/publications/bf001123-4e5c-4185-8674-99bacf58704a,0
https://research.bangor.ac.uk/en/publications/87cc6a29-b63e-4662-b798-15e30a975899,0
https://research.bangor.ac.uk/en/publications/82c86490-f41f-48b6-99c9-1a446eea1a81,0
https://research.bangor.ac.uk/en/activities/c7610774-5adb-46ee-af0a-0953f2ff5c05,0
https://research.bangor.ac.uk/en/activities/c5912b8e-9b8a-4192-8c81-bb0ee2a2d115,0
https://research.bangor.ac.uk/en/activities/6c933388-925f-4001-9201-7bcd83723ad3,0
https://research.bangor.ac.uk/en/activities/0a3daf0b-dc12-4a26-a4d9-f40ebea1eee5,0
https://research.bangor.ac.uk/en/publications/3246822e-5890-46db-a913-d12bcf288728,0
https://research.bangor.ac.uk/en/publications/5b699376-5fa4-45f1-9fff-8db12936f057,0
https://research.bangor.ac.uk/en/publications/ddfd746a-8638-4869-a46f-228ba820083e,0
https://research.bangor.ac.uk/en/publications/92f3d9a8-8a39-4d80-95f5-162aa229605c,0
https://research.bangor.ac.uk/en/activities/328e15b4-a536-42a2-b431-36e45959714d,0
https://research.bangor.ac.uk/en/activities/092c174e-26df-4d4b-b64f-39cd40e64c02,0
https://research.bangor.ac.uk/en/activities/1a386b87-db3b-4cdc-8ee0-54eaa782e7a5,0
https://research.bangor.ac.uk/en/publications/361e1cf0-5f42-452c-aaac-a4eebb59247e,0
https://research.bangor.ac.uk/en/activities/d447544d-c429-42f9-83ae-e2007f8e937f,0
https://research.bangor.ac.uk/en/activities/fec4b07e-4f07-41d1-856a-3175f46448fd,0
https://research.bangor.ac.uk/en/publications/ff8cd7e2-c27d-4c7f-938f-7cfe15ab13d5,0
https://research.bangor.ac.uk/en/publications/d421d626-e955-4552-9ba3-05d2c65f2722,0
https://research.bangor.ac.uk/en/activities/4c7de873-dab7-4a96-99ce-3361165f1175,0
https://research.bangor.ac.uk/en/activities/af76fc2e-328d-4ba0-a5ae-1f2129e13c8b,0
https://research.bangor.ac.uk/en/activities/e2974374-74eb-4cd3-9d85-e5c2045c563c,0
https://research.bangor.ac.uk/en/publications/397d1289-b12b-4f1c-ada2-52295a1059a4,0
https://research.bangor.ac.uk/en/publications/5195198e-64db-4628-b210-78d895f88053,0
https://research.bangor.ac.uk/en/activities/9ad1cdf3-ca64-4b5e-b1d0-63fb68ec3afc,0
https://research.bangor.ac.uk/en/activities/a7eb7de5-e396-4023-b6f5-cbf57e0a03d7,0
https://research.bangor.ac.uk/en/activities/8d6b1eb9-9358-4f63-90f6-51d97cdf2f74,0
https://research.bangor.ac.uk/en/activities/0f5e1360-14f8-4898-965b-25e698b33256,0
https://research.bangor.ac.uk/en/publications/37e992ce-8b51-49c4-84fb-26c051018c60,0
https://research.bangor.ac.uk/en/publications/7c352f61-b54b-4286-96be-efbbf09c91b7,0
https://research.bangor.ac.uk/en/activities/21b39442-12a0-49be-8d6a-c8ec8a23c6bc,0
https://research.bangor.ac.uk/en/activities/20049111-6c57-42d3-bc2a-0574bf22cf8e,0
https://research.bangor.ac.uk/en/activities/23e50b4d-fe08-4e6b-991c-7b64de35b910,0
https://research.bangor.ac.uk/en/publications/b63f43e1-a1bb-4f7c-927c-7c10fc449363,0
https://research.bangor.ac.uk/en/publications/9d73b3d1-8a48-4d03-b34b-7a5bb19d1b78,0
https://research.bangor.ac.uk/en/activities/e57d519f-a78a-4946-ae8e-4441aaca038e,0
https://research.bangor.ac.uk/en/publications/70fa725d-e3e2-46cf-8188-b7e53b4cd870,0
https://research.bangor.ac.uk/en/activities/caef48ff-9479-4042-9123-b6f3c788ce09,0
https://research.bangor.ac.uk/en/publications/2d548cd5-6d07-46df-a656-f273475674a4,0
https://research.bangor.ac.uk/en/publications/8fc1549d-8455-4adf-a49c-a8589d16ca45,0
https://research.bangor.ac.uk/en/publications/1f8654cf-8fb6-4849-869e-7195550420da,0
https://research.bangor.ac.uk/en/publications/01141a7b-0a02-4e55-9a40-77f5e08603c0,0
https://research.bangor.ac.uk/en/publications/feb2c0e4-68f9-4129-82e2-f1daa9d1b4f5,0
https://research.bangor.ac.uk/en/publications/9b2fad1f-6469-4b06-b0df-53a76623d36b,0
https://research.bangor.ac.uk/en/activities/291b4978-72de-4744-8254-a82a704d0ac4,0
https://research.bangor.ac.uk/en/publications/4495e59a-5361-47f7-b5f2-8ff3f492a31b,0
https://research.bangor.ac.uk/en/publications/19382dd2-e4e2-4c44-aa4e-2bb1711b08e2,0
https://research.bangor.ac.uk/en/activities/9c44d5e8-51a8-4353-bd30-13f2e1c35fe0,0
https://research.bangor.ac.uk/en/publications/d6463d23-bd7b-46e1-bc51-308874f44395,0
https://research.bangor.ac.uk/en/activities/332073e0-6a96-486b-aa83-a8817978a469,0
https://research.bangor.ac.uk/en/publications/b365ac2e-7644-40bd-ace9-fc5bf3e4e5cf,0
https://research.bangor.ac.uk/en/publications/5554ba76-3de1-498d-afa2-8fd197ab7ae8,0
https://research.bangor.ac.uk/en/publications/fd062362-dd78-406b-8faf-ee2a334fdcf5,0
https://research.bangor.ac.uk/en/activities/ce9327f9-03ad-4d3f-8100-f6f8df52d2a9,0
https://research.bangor.ac.uk/en/activities/2c61ad03-492c-47eb-be73-317258565931,0
http://contempo.bangor.ac.uk/index.php.en,0
https://research.bangor.ac.uk/en/publications/7693122e-ad38-4d8c-b28e-f676290fe91e,0
https://research.bangor.ac.uk/en/publications/47baafda-9ff5-432a-a530-2c3673694135,0
https://research.bangor.ac.uk/en/publications/8f9556f3-925b-4e9b-bdd5-6fb3dcaaf302,0
https://research.bangor.ac.uk/en/activities/5d84b666-127a-40fe-8c1d-3fb24a9f453a,0
https://research.bangor.ac.uk/en/publications/31230d2c-eba9-4761-864e-42799d2d701d,0
https://research.bangor.ac.uk/en/activities/38236058-ffa6-4edf-b5aa-1bd43ae3cad4,0
https://research.bangor.ac.uk/en/activities/5dcae3af-89b5-4b87-b5d2-abbd76d07c49,0
https://research.bangor.ac.uk/en/activities/fa53a7bf-39e6-45e6-bbcb-14ed7f928f39,0
https://research.bangor.ac.uk/en/activities/42d77260-090f-41e8-9ed4-c2d4d0b7d9c9,0
https://research.bangor.ac.uk/en/publications/28111dd7-7294-4bda-b150-06761dec466e,0
https://research.bangor.ac.uk/en/publications/e9701e82-f89a-41d1-a9e7-e59cf5e42aeb,0
https://research.bangor.ac.uk/en/publications/0e756c3d-c96a-457b-9e8e-d3f15456f48d,0
https://research.bangor.ac.uk/en/publications/399a3bb3-17f9-45d8-9e26-591e5cd3c9fc,0
https://research.bangor.ac.uk/en/activities/858c5dda-1276-4b34-8e27-d36dd06b4039,0
https://research.bangor.ac.uk/en/activities/d3887f10-bcf6-4433-bc53-75c0aa6bb985,0
https://research.bangor.ac.uk/en/activities/7f92cb3b-93e6-4804-9ecb-c86dacc277da,0
https://research.bangor.ac.uk/en/activities/7684ec18-bc67-49bc-b729-25ae33f1757e,0
https://research.bangor.ac.uk/portal/en/researchprojects/poetry-in-transatlantic-translation-circulation-and-practice(ad94ea17-7653-480a-9b16-68b620259225).html,0
https://research.bangor.ac.uk/en/activities/51b84f6e-1228-479c-a5ec-b9662b9dcb2d,0
https://research.bangor.ac.uk/en/activities/237bdb93-df80-46b2-adef-c937c5f9392b,0
https://www.bangor.ac.uk/staff/sacl/zoe-skoulding-008413/cy,0
https://research.bangor.ac.uk/en/publications/ccc4c540-b8c3-4862-a890-ff1b71cd4500,0
https://research.bangor.ac.uk/en/activities/b3baf118-98a9-4e8b-96bf-3ea47c6a0ab4,0
https://research.bangor.ac.uk/en/publications/8732e7ae-5525-439c-b5cf-ade19eb6d8f4,0
https://research.bangor.ac.uk/en/activities/c4e04c6f-9e15-4c64-ad42-46c1ce4bbf1a,0
https://research.bangor.ac.uk/en/publications/700849f4-6259-4645-8e8b-f75fcb3dcba4,0
https://research.bangor.ac.uk/en/publications/54f9e09f-783e-4231-973d-1a34f38e07f0,0
http://expanded-translation.bangor.ac.uk/,0
https://research.bangor.ac.uk/en/publications/51588d90-5cab-4f9e-ad85-62e381f9b275,0
https://research.bangor.ac.uk/en/publications/48aa39b6-7758-4b55-969a-bcffdbb8bdc2,0
https://research.bangor.ac.uk/en/publications/ca7bc340-368a-48af-9072-151c30f97291,0
https://research.bangor.ac.uk/en/publications/6ac65933-4018-476d-a8ae-83403da2cc4b,0
https://research.bangor.ac.uk/en/publications/56f482e0-72e7-43d2-a536-2b3d4cc39939,0
https://research.bangor.ac.uk/en/activities/dbd2ef63-5f82-48ab-83ba-5b1f663fda48,0
https://research.bangor.ac.uk/en/publications/73bb7c1e-5669-4f70-95d9-50babc54598d,0
https://www.bangor.ac.uk/cy/ycph,0
https://www.bangor.ac.uk/scsee/news/bangor-university-awards-professor-christopher-hancock-emeritus-professorship,0
https://www.bangor.ac.uk/scsee/news,0
https://www.bangor.ac.uk/scsee/news/smartphone-photos-may-be-misleading-doctors-and-putting-patients-at-risk-new-research,0
https://www.bangor.ac.uk/scsee/events/talk-design-26,0
https://www.bangor.ac.uk/scsee/research/vdgm,0
https://www.bangor.ac.uk/scsee/research/photonics,0
https://www.bangor.ac.uk/scsee/research/eebg,0
https://www.bangor.ac.uk/scsee/news/bangor-university-awarded-ukri-doctoral-focal-award-to-launch-ps24m-nuclear-skills,0
https://www.bangor.ac.uk/news/lakes-in-hot-water-climate-change-creating-a-cauldron-of-issues-0,0
https://www.bangor.ac.uk/news/new-research-prompts-urgent-call-from-scientists-to-protect-madagascars-unique-biodiversity,0
https://www.bangor.ac.uk/news/underwater-tsunamis-created-by-glacier-calving-cause-vigorous-ocean-mixing,0
https://www.bangor.ac.uk/news/understanding-how-extreme-river-flows-and-sea-levels-could-provide-early-flood-warning,0
https://www.bangor.ac.uk/news/rural-policy-makers-encouraged-to-govern-like-a-forest-in-post-brexit-britain,0
https://www.bangor.ac.uk/news/bangor-university-among-the-best-of-british-science-contributing-to-world-first-satellite,0
https://www.bangor.ac.uk/courses/postgraduate-modules/N2AN,0
https://www.bangor.ac.uk/international/support/families,0
https://www.bangor.ac.uk/accommodation/,0
https://www.bangor.ac.uk/studentservices/studenthousing/news.php.en,0
https://www.bangor.ac.uk/studentservices/studenthousing/index.php.cy,0
https://www.bangor.ac.uk/courses/postgraduate-modules/N1BG,0
https://www.bangor.ac.uk/cy/ysgol-y-gymraeg,0
https://www.bangor.ac.uk/history-law-social-sciences-civic-mission/news/addysg-grefyddol-newydd-i-gymru,0
https://www.bangor.ac.uk/history-law-social-sciences-civic-mission/news/module-receives-chartered-institute-of-housing,0
https://www.bangor.ac.uk/history-law-social-sciences/events,0
https://www.bangor.ac.uk/history-law-social-sciences-civic-mission/news/the-general-election-and-stephen-clear,0
https://www.bangor.ac.uk/history-law-social-sciences/events/stori-mary-jones-digwyddiad-arbennig-mis-hanes-merched-2026,0
https://www.bangor.ac.uk/history-law-social-sciences-civic-mission/news/from-a-tolerant-nation-to-an-anti-racist-nation-the,0
https://www.bangor.ac.uk/history-law-social-sciences/events/a-level-religious-studies-online-revision-sessions,0
https://www.bangor.ac.uk/cy/hanes-ygyfraith-gwyddorau-cymdeithas,0
https://www.bangor.ac.uk/history-law-social-sciences/events/exploring-the-use-of-new-and-emerging-technologies-in-probation,0
https://www.bangor.ac.uk/international/news/professor-shows-support-for-ukraine-in-community-event,0
https://www.bangor.ac.uk/international/news-0,0
https://www.bangor.ac.uk/international/news?page=1,0
https://www.bangor.ac.uk/international/news?page=8,0
https://www.bangor.ac.uk/international/news/first-cohort-of-international-globe-masters-students,0
https://www.bangor.ac.uk/international/news?page=12,0
https://www.bangor.ac.uk/international/news?page=5,0
https://www.bangor.ac.uk/international/news/bangor-university-honours-contributions-to-sustainability-health-marine-science,0
https://www.bangor.ac.uk/international/news?page=2,0
https://www.bangor.ac.uk/international/news?page=3,0
https://www.bangor.ac.uk/international/news?page=4,0
https://www.bangor.ac.uk/international/news/bangor-university-shortlisted-for-uk-council-for-international-student-affairs,0
https://www.bangor.ac.uk/international/news/outstanding-bangor-university-student-advisor-wins-staff-member-of-the-year,0
https://www.bangor.ac.uk/international/news?page=7,0
https://www.bangor.ac.uk/international/news?page=0,0
https://www.bangor.ac.uk/international/news?page=6,0
https://www.bangor.ac.uk/international/news/welsh-ministers-has-a-message-for-international-students,0
https://www.bangor.ac.uk/international/news/commonwealth-shared-and-vice-chancellor-scholarship-winners-presentation,0
https://www.bangor.ac.uk/cy/rhyngwladol/newyddion/prifysgol-bangor-yn-dal-ei-gafael-yn-y-wobr-dosbarth-cyntaf-am-y-seithfed,0
https://www.bangor.ac.uk/node/46996,0
https://www.bangor.ac.uk/node/47076,0
https://www.bangor.ac.uk/node/50526,0
https://www.bangor.ac.uk/cy/international/exchanges-abroad,0
https://www.bangor.ac.uk/cy/rhyngwladol/newyddion/prifysgol-bangor-yn-gyntaf-yn-nhabl-cynghrair-prifysgolion-amgen,0
https://www.bangor.ac.uk/cy/group/256/content/151376,0
https://www.bangor.ac.uk/cy/rhyngwladol/newyddion/ymchwilydd-o-brifysgol-bangor-yn-rownd-derfynol-gwobrau-blavatnik-i-wyddonwyr,0
https://www.bangor.ac.uk/cy/study/postgraduate/apply_dclin,0
https://www.bangor.ac.uk/courses/postgrad/research/apply_research.php.cy,0
https://www.bangor.ac.uk/cy/study/postgraduate/apply-physiotherapy,0
https://www.bangor.ac.uk/cy/study/postgraduate/apply_pgce,0
https://www.bangor.ac.uk/corporate/informationabout/depts.php,0
https://www.bangor.ac.uk/pgapplied/proposal-advice.php.cy,0
https://www.bangor.ac.uk/sportbangor/sport-volunteering,0
https://www.bangor.ac.uk/academi,0
https://www.bangor.ac.uk/mindfulness-trail,0
https://www.bangor.ac.uk/cy/costau-byw-a-chymorth-ariannol,0
https://www.bangor.ac.uk/hss/wellness/walkingforhealth.php.en,0
https://www.bangor.ac.uk/studentservices/moneyadvice/documents/budget-planner.xlsx,0
https://www.bangor.ac.uk/cy/cyllidmyfyrwyr/ol-radd/TAR,0
https://www.bangor.ac.uk/cy/cyllidmyfyrwyr/ol-radd/talu,0
https://www.bangor.ac.uk/cy/cyllidmyfyrwyr/ol-radd/hunan,0
https://www.bangor.ac.uk/cy/cyllidmyfyrwyr/ol-radd/benthyciad,0
http://www.bangor.ac.uk/Registration,0
http://www.bangor.ac.uk/finance/,0
https://www.bangor.ac.uk/iris/m.p.wilson@bangor.ac.uk,0
https://www.bangor.ac.uk/cy/iris/staff,0
https://www.bangor.ac.uk/computer-science-and-electronic-engineering/staff/paul-spencer/en,0
https://www.bangor.ac.uk/cy/iris/polisiau,0
https://www.bangor.ac.uk/governance-and-compliance/policy-register/documents/polisi-eiddo-deallusol-cy.pdf,0
https://www.bangor.ac.uk/sites/default/files/2021-03/20140306%20BU%20Consultancy%20Policy.pdf,0
https://www.bangor.ac.uk/governance-and-compliance/policy-register/,0
https://www.bangor.ac.uk/governance-and-compliance/policy-register/documents/intellectual-property-policy.pdf,0
https://www.bangor.ac.uk/iris/research-wales-innovation-fund-strategy,0
https://www.bangor.ac.uk/bic/english-language-requirements,0
https://www.bangor.ac.uk/bic/international-incorporated-bachelors,0
https://www.bangor.ac.uk/bic/international-year-1,0
https://www.bangor.ac.uk/international/courses/undergraduate/,0
https://www.bangor.ac.uk/international/enquiry/,0
https://www.bangor.ac.uk/bic/international-incorporated-masters,0
https://www.bangor.ac.uk/corporate/informationabout/depts,0
https://www.bangor.ac.uk/profiles/students/thipkanlaya-jaiaue-0,0
https://www.bangor.ac.uk/profiles/students/marieta-mihova,0
https://www.bangor.ac.uk/profiles/students/comfort-fatoye,0
https://www.bangor.ac.uk/cy/proffiliau/myfyrwyr/ufuoma-peace-akpobome,0
https://www.bangor.ac.uk/profiles/students/idorenyin-nyo-utip,0
https://www.bangor.ac.uk/cy/proffiliau/myfyrwyr/ganiu-olamilekan-durowoju,0
https://www.bangor.ac.uk/international/representative-offices,0
https://www.bangor.ac.uk/profiles/students/ganiu-olamilekan-durowoju,0
https://www.bangor.ac.uk/profiles/students/prize-jacobs,0
https://www.bangor.ac.uk/profiles/students/rana-sherif,0
https://www.bangor.ac.uk/profiles/students/ahmed-dhaif,0
https://www.bangor.ac.uk/profiles/students/patrick-otema,0
https://www.bangor.ac.uk/profiles/students/jimmy-asiku,0
https://www.bangor.ac.uk/profiles/students/susan-komukama,0
https://www.bangor.ac.uk/international/USFederalLoans,0
https://www.bangor.ac.uk/profiles/students/sadie-sarvis,0
https://www.bangor.ac.uk/profiles/students/sarah-metcalf,0
https://www.bangor.ac.uk/profiles/students/anya-overby,0
https://www.bangor.ac.uk/profiles/students/isabella-staples,0
https://www.bangor.ac.uk/profiles/students/william-justus,0
https://www.bangor.ac.uk/profiles/students/katja-marek,0
https://www.bangor.ac.uk/international/studyabroad/index,0
https://www.bangor.ac.uk/profiles/students/sussa-gitomer,0
https://www.bangor.ac.uk/international/agent-portal,0
https://www.bangor.ac.uk/international/country-managers,0
https://www.bangor.ac.uk/sites/default/files/2024-08/A%20student%20guide%20to%20choosing%20an%20education%20agent.pdf,0
https://www.bangor.ac.uk/profiles/students/alice-motola,0
https://www.bangor.ac.uk/*The pre-masters part of our International Incorporated Masters is taught on campus at Bangor International College and delivered by our partner Oxford International Education Group.,0
http://www.bangor.ac.uk/,0
https://www.bangor.ac.uk/international/exchanges/other_partners,0
https://www.bangor.ac.uk/profiles/students/irfan-sahibzada,0
https://www.bangor.ac.uk/profiles/students/yuchen-li,0
https://www.bangor.ac.uk/international/staff/Rachel-Wang,0
https://www.bangor.ac.uk/profiles/students/stephanie-ofori-kuragu,0
https://www.bangor.ac.uk/profiles/students/stella-gabuljah,0
https://www.bangor.ac.uk/profiles/students/saimah-shaikh,0
https://www.bangor.ac.uk/profiles/students/vidushi-sharma,0
https://www.bangor.ac.uk/profiles/students/apeksha-ashok-rao,0
https://www.bangor.ac.uk/profiles/students/liyana-thekkara-thodukayil,0
https://www.bangor.ac.uk/profiles/students/mariya-thachaparambil-devassy,0
https://www.bangor.ac.uk/profiles/students/harshita-bhatia,0
https://www.bangor.ac.uk/cy/proffiliau/myfyrwyr/harshita-bhatia,0
https://www.bangor.ac.uk/node/41531416,0
https://www.bangor.ac.uk/cy/proffiliau/myfyrwyr/jahnavi-nair,0
https://www.bangor.ac.uk/profiles/students/jahnavi-nair,0
https://www.bangor.ac.uk/profiles/students/rafia-nasir,0
https://www.bangor.ac.uk/profiles/students/derya-butcher,0
https://www.bangor.ac.uk/virtualopenday-international/courses,0
https://www.bangor.ac.uk/management_centre/restaurant.php.cy,0
https://www.bangor.ac.uk/commercial-services/catering-opening-hours.php.cy,0
https://www.bangor.ac.uk/management_centre/1884-menu.php.en,0
https://www.bangor.ac.uk/management-centre/pizza-takeaway-menu,0
https://my.bangor.ac.uk/content/employability-info/my-options.php.en,0
https://www.bangor.ac.uk/cy/node/71071,0
https://www.bangor.ac.uk/skills-and-employability/employers.php.cy,0
https://www.bangor.ac.uk/canolfanbedwyr/index.php.cy,0
https://www.bangor.ac.uk/studentservices/peer-guides/index.php.cy,0
https://www.bangor.ac.uk/cy/study/undergraduate/personal-tutor,0
https://www.bangor.ac.uk/cy/cefnogaeth-dysgu-ac-addysgu,0
https://www.bangor.ac.uk/studentservices/peer-guides/documents/BUCode18-2020v1.pdf,0
https://www.bangor.ac.uk/studentservices/peer-guides/docs/Guidelines-PeerGuides.pdf,0
https://apps.bangor.ac.uk/student/peerguide/,0
https://www.bangor.ac.uk/studentservices/peer-guides/docs/Guidelines-School-Coordinators.pdf,0
https://www.bangor.ac.uk/cy/courses?level_of_study=other_course&page=1&term=,0
https://www.bangor.ac.uk/cy/courses?level_of_study=other_course&page=4&term=,0
https://www.bangor.ac.uk/cy/courses?level_of_study=other_course&page=2&term=,0
https://www.bangor.ac.uk/cy/courses?term=&level_of_study=other_course&page=3,0
https://www.bangor.ac.uk/cy/courses?term=&level_of_study=other_course&page=2,0
https://www.bangor.ac.uk/courses?level_of_study=other_course&term=,0
https://www.bangor.ac.uk/cy/courses?term=&level_of_study=other_course&page=1,0
https://www.bangor.ac.uk/cy/courses?term=&level_of_study=other_course&page=5,0
https://www.bangor.ac.uk/cy/courses?term=&level_of_study=other_course&page=0,0
https://www.bangor.ac.uk/cy/courses?term=&level_of_study=other_course&page=4,0
https://www.bangor.ac.uk/cy/courses?level_of_study=other_course&page=3&term=,0
https://www.bangor.ac.uk/cy/courses?level_of_study=other_course&page=0&term=,0
https://www.bangor.ac.uk/cy/courses?level_of_study=other_course&page=5&term=,0
https://www.bangor.ac.uk/sites/default/files/2021-09/OrdXXII-ProfsReaders-Mar14.pdf,0
https://www.bangor.ac.uk/cy/is-ganghellor/tparc,0
https://www.bangor.ac.uk/cy/is-ganghellor/digwyddiadau,0
https://www.bangor.ac.uk/cy/swyddfa-llywodraethu,0
https://www.bangor.ac.uk/cy/is-ganghellor/edmund-burke,0
https://www.bangor.ac.uk/cy/is-ganghellor/y-canghellor,0
https://my.bangor.ac.uk/cy/nodweddion/6413,0
https://www.bangor.ac.uk/cy/is-ganghellor/y-swyddfa-gweithredu,0
https://www.bangor.ac.uk/governance-office/staff,0
https://www.bangor.ac.uk/about/public-interest-disclosures-or-whistleblowing,0
https://www.bangor.ac.uk/vice-chancellor/events/will-business-solve-the-environmental-crisis-for-us,0
https://www.bangor.ac.uk/vice-chancellor/events/guided-tours-of-the-art-and-ceramic-collections-0,0
https://www.bangor.ac.uk/vice-chancellor/events/guided-tours-of-the-art-and-ceramic-collections,0
https://www.bangor.ac.uk/cy/international/exchanges/outgoing/destinations,0
https://www.bangor.ac.uk/finance/is/default,0
https://www.bangor.ac.uk/cy/international/exchanges/emergency,0
https://www.bangor.ac.uk/cy/international/exchanges/outgoing/study-abroad-costs,0
https://www.bangor.ac.uk/cy/international/exchanges/outgoing/erasmus,0
https://www.bangor.ac.uk/cy/node/45926,0
https://www.bangor.ac.uk/cy/node/46921,0
https://www.bangor.ac.uk/cy/international/exchanges/outgoing/InformationforApplicants,0
https://www.bangor.ac.uk/cy/international/exchanges/mobility,0
https://www.bangor.ac.uk/cy/international/exchanges/outgoing/my-bangor-exchange,0
https://www.bangor.ac.uk/cy/international/exchanges/outgoing/your-options,0
https://www.bangor.ac.uk/profiles/students/david-adams,0
https://www.bangor.ac.uk/profiles/students/hannah-shaw,0
https://www.bangor.ac.uk/profiles/students/ellis-vaughan,0
https://www.bangor.ac.uk/profiles/students/louis-walker-0,0
https://www.bangor.ac.uk/profiles/students/romina-liberti-binns,0
https://www.bangor.ac.uk/profiles/students/livvy-putt,0
https://www.bangor.ac.uk/profiles/students/lakeisha-evans-0,0
https://www.bangor.ac.uk/profiles/students/jade-williams,0
https://www.bangor.ac.uk/profiles/students/hannah-hawksworth,0
https://www.bangor.ac.uk/profiles/students/bethany-mazier,0
https://www.bangor.ac.uk/profiles/students/alice-woods,0
https://www.bangor.ac.uk/profiles/students/darcy-hill-0,0
https://www.bangor.ac.uk/santander-universities/scholarships.php.en,0
https://www.bangor.ac.uk/international/exchanges/outgoing/global-wales-discover,0
https://www.bangor.ac.uk/skills-and-employability/index,0
https://www.bangor.ac.uk/international/exchanges/erasmus-policy-statement,0
https://www.bangor.ac.uk/cy/diwrnodagored@bangor.ac.uk,0
https://www.bangor.ac.uk/cy/courses/other-courses/nyrsio-arennol-nhs-3118,0
https://www.bangor.ac.uk/health-sciences/courses/why_study.php.en,0
https://www.bangor.ac.uk/cy/courses/postgraduate-taught/nyrsio-iechyd-meddwl-msc,0
https://www.bangor.ac.uk/healthcaresciences/postgraduate-courses/midwifery-studies-msc,0
https://www.bangor.ac.uk/cy/courses/other-courses/gofal-critigol-1-nhs-4442,0
https://www.bangor.ac.uk/cy/courses/postgraduate-taught/gofal-critigol-pgcert,0
https://www.bangor.ac.uk/courses?level_of_study=All&term=nursing,0
https://www.bangor.ac.uk/cy/courses/undergraduate/b732-nyrsio-plant-bn-anrh,0
https://www.bangor.ac.uk/courses/postgrad/documents/Diabetes_Nursing_Management.pdf,0
https://www.bangor.ac.uk/cy/courses/postgraduate-taught/gofal-a-rheolaeth-diabetes-pgcert,0
https://www.bangor.ac.uk/cy/courses/undergraduate/b762-nyrsio-iechyd-meddwl-bn-anrh,0
https://www.bangor.ac.uk/cy/academi-ddoethurol/newyddlen-yr-academi-ddoethurol,0
https://www.bangor.ac.uk/doctoral-academy/the-doctoral-academy-newsletter,0
https://my.bangor.ac.uk/doctoral-school/workshops/programme/introduction-to-research-integrity-trusted-research-and-due-diligence-7048,0
https://www.bangor.ac.uk/cy/academi-ddoethurol/digwyddiadau/cyflwyniad-i-uniondeb-ymchwil-ymchwil-ddibynadwy-a-diwydrwydd,0
https://my.bangor.ac.uk/doctoral-school/workshops/programme/preparing-for-your-doctoral-viva-webinar--6841,0
https://www.bangor.ac.uk/cy/academi-ddoethurol/digwyddiadau/paratoi-ar-gyfer-eich-viva-doethurol-gweminar,0
https://www.bangor.ac.uk/cy/academi-ddoethurol/newyddion/grantiau-ymddiriedolaeth-james-pantyfedwen,0
https://www.bangor.ac.uk/cy/academi-ddoethurol/digwyddiadau/sut-i-gadeirio-sesiwn-gynhadledd-sesiwn-ar-lein,0
https://my.bangor.ac.uk/doctoral-school/workshops/programme/how-to-chair-a-conference-session-online-session--6928,0
https://www.bangor.ac.uk/cy/academi-ddoethurol/newyddion/ahrc-cilgaint-celtaidd-gwobr-ffocal-doethurol-yr-economi-greadigol,0
https://www.bangor.ac.uk/cy/academi-ddoethurol/newyddion/kickstart-your-career-in-environmental-research-apply-for-an,0
https://www.bangor.ac.uk/sites/default/files/2026-03/2026%20Student%20summer%20internships%20new.pdf,0
https://www.bangor.ac.uk/cy/academi-ddoethurol/newyddion/bwrsariaethau-mscres-cyfeillion-gardd-fotaneg-treborth-2026,0
https://www.bangor.ac.uk/sites/default/files/2026-02/Treborth%20MScRes%20Bursaries%202026%20call.pdf,0
https://www.bangor.ac.uk/cy/ref-2021,0
https://www.bangor.ac.uk/cy/academi-ddoethurol/digwyddiadau/yr-offeryn-cywir-ar-gyfer-y-dasg-pam-mai-overleaf-yw-ffrind-goraur,0
https://my.bangor.ac.uk/doctoral-school/workshops/programme/the-write-tool-for-the-job-why-overleaf-is-a-postgrad-s-best-friend-in-person-session--6988,0
https://help.bangor.ac.uk/,0
https://www.bangor.ac.uk/cy/gwybodaeth-i-ymgeiswyr/cadwraeth,0
https://www.bangor.ac.uk/cy/gwybodaeth-i-ymgeiswyr/marchnata,0
https://www.bangor.ac.uk/the-welsh-language,0
https://www.bangor.ac.uk/cy/gwybodaeth-i-ymgeiswyr/hylendid-deintyddol,0
https://www.bangor.ac.uk/cy/gwybodaeth-i-ymgeiswyr/daearyddiaeth,0
https://www.bangor.ac.uk/cy/gwybodaeth-i-ymgeiswyr/cyfrifeg-bancio-a-chyllid,0
https://www.bangor.ac.uk/cy/gwybodaeth-i-ymgeiswyr/llenyddiaeth-saesneg-ac-ysgrifennu-creadigol,0
https://www.bangor.ac.uk/cy/gwybodaeth-i-ymgeiswyr/seicoleg,0
https://www.bangor.ac.uk/welcome-week-undergraduate-students,0
https://www.bangor.ac.uk/study/undergraduate/psychology/know-your-lecturer,0
https://www.bangor.ac.uk/cy/gwybodaeth-i-ymgeiswyr/gwyddor-biofeddygol-a-gwyddorau-meddygol,0
https://www.bangor.ac.uk/peer-guides,0
https://www.bangor.ac.uk/student-administration/calendar/,0
https://help.bangor.ac.uk/can-you-tell-me-the-average-ucat-score-that-you-consider-each-year-medicine-applications/,0
https://help.bangor.ac.uk/do-you-consider-gamsat-medicine-applications/,0
https://help.bangor.ac.uk/what-is-your-ucat-cut-off-score-medicine-applications/,0
https://help.bangor.ac.uk/how-many-places-do-you-have-on-the-a101-graduate-entry-medicine-course-medicine-applications/,0
https://help.bangor.ac.uk/does-bangor-consider-resits-medicine-applications/,0
https://help.bangor.ac.uk/do-you-consider-access-qualifications-for-entry-on-to-the-medicine-degree/,0
https://help.bangor.ac.uk/what-happens-after-i-apply-for-medicine-through-ucas/,0
https://help.bangor.ac.uk/do-i-need-to-take-the-ucat-test-medicine-applications/,0
https://help.bangor.ac.uk/will-there-be-a-summer-school-prior-to-starting-the-a101-graduate-entry-medicine-course-medicine-applications/,0
https://help.bangor.ac.uk/where-will-i-be-based-throughout-the-course-medicine-applications/,0
https://help.bangor.ac.uk/how-should-i-reply-to-my-offers-medicine-applications/,0
https://help.bangor.ac.uk/do-you-consider-btec-qualifications-for-entry-on-to-the-medicine-degree-medicine-applications/,0
https://help.bangor.ac.uk/will-i-need-to-send-proof-of-my-current-achieved-qualifications-or-any-other-information-medicine-applications/,0
https://help.bangor.ac.uk/are-contextual-offers-available-medicine-applications/,0
https://help.bangor.ac.uk/how-are-personal-statements-used-in-the-medicine-selection-process-medicine-applications/,0
https://bangor.ac.uk/,0
https://help.bangor.ac.uk/what-is-the-format-of-the-interview-medicine-applications/,0
https://help.bangor.ac.uk/my-predicted-grades-do-not-meet-your-entry-requirements-but-i-think-i-will-still-get-the-required-grades-can-i-still-be-considered-medicine-applications/,0
https://help.bangor.ac.uk/is-a-dbs-check-required-medicine-applications/,0
https://help.bangor.ac.uk/how-and-when-are-offers-made-medicine-applications/,0
https://help.bangor.ac.uk/is-the-bangor-university-medicine-degree-gmc-accredited-medicine-applications/,0
https://help.bangor.ac.uk/is-a-health-check-required-medicine-applications/,0
https://help.bangor.ac.uk/is-work-experience-in-a-healthcare-setting-required-or-recommended-medicine-applications/,0
https://help.bangor.ac.uk/how-many-places-do-you-have-on-the-a100-medicine-course-medicine-applications/,0
https://help.bangor.ac.uk/do-you-accept-international-students-medicine-applications/,0
https://help.bangor.ac.uk/how-important-is-a-reference-for-my-medicine-application-medicine-applications/,0
https://help.bangor.ac.uk/i-have-missed-the-ucas-application-deadline-to-apply-for-medicine-can-i-still-apply-medicine-applications/,0
https://help.bangor.ac.uk/what-should-i-do-if-i-have-previously-enrolled-on-another-medicine-degree-medicine-applications/,0
https://help.bangor.ac.uk/when-will-i-hear-about-my-interview-medicine-applications/,0
https://help.bangor.ac.uk/what-are-you-doing-to-help-with-widening-participation-for-applicants-living-in-wales-medicine-applications/,0
https://help.bangor.ac.uk/what-is-your-selection-criteria-process-for-interview-consideration-medicine-applications/,0
https://help.bangor.ac.uk/how-are-ucat-situational-judgement-scores-considered-medicine-applications/,0
https://help.bangor.ac.uk/do-you-prioritise-or-allocate-a-specific-number-of-places-to-welsh-applicants-over-those-from-other-uk-nations-medicine-applications/,0
https://www.bangor.ac.uk/cy/gwybodaeth-i-ymgeiswyr/y-gyfraith,0
https://www.bangor.ac.uk/cy/gwybodaeth-i-ymgeiswyr/athroniaeth-moeseg-a-chrefydd,0
https://www.bangor.ac.uk/cy/gwybodaeth-i-ymgeiswyr/cymdeithaseg,0
https://www.bangor.ac.uk/cy/gwybodaeth-i-ymgeiswyr/bioleg-mor,0
https://www.bangor.ac.uk/cy/gwybodaeth-i-ymgeiswyr/iaith-saesneg-ac-ieithyddiaeth,0
https://www.bangor.ac.uk/cy/gwybodaeth-i-ymgeiswyr/iechyd-a-gofal-cymdeithasol,0
https://www.bangor.ac.uk/cy/gwybodaeth-i-ymgeiswyr/gwyddorau-eigion,0
https://www.bangor.ac.uk/cy/gwybodaeth-i-ymgeiswyr/dylunio-cynnyrch,0
https://www.bangor.ac.uk/cy/gwybodaeth-i-ymgeiswyr/astudiaethau-plentyndod-ac-ieuenctid,0
https://www.bangor.ac.uk/cy/gwybodaeth-i-ymgeiswyr/bydwreigiaeth,0
https://www.bangor.ac.uk/cy/gwybodaeth-i-ymgeiswyr/gwleidyddiaeth,0
https://www.bangor.ac.uk/cy/gwybodaeth-i-ymgeiswyr/meddygaeth,0
https://www.bangor.ac.uk/cy/gwybodaeth-i-ymgeiswyr/cerddoriaeth,0
https://www.bangor.ac.uk/cy/gwybodaeth-i-ymgeiswyr/swoleg,0
https://www.bangor.ac.uk/cy/gwybodaeth-i-ymgeiswyr/addysgu,0
https://www.bangor.ac.uk/cy/gwybodaeth-i-ymgeiswyr/nyrsio,0
https://www.bangor.ac.uk/cy/gwybodaeth-i-ymgeiswyr/radiograffeg,0
https://www.bangor.ac.uk/cy/gwybodaeth-i-ymgeiswyr/gwyddor-yr-amgylchedd,0
https://www.bangor.ac.uk/cy/gwybodaeth-i-ymgeiswyr/ffilm-cyfryngau-newyddiaduraeth-a-drama,0
https://www.bangor.ac.uk/cy/gwybodaeth-i-ymgeiswyr/ieithoedd-modern,0
https://www.bangor.ac.uk/cy/gwybodaeth-i-ymgeiswyr/hanes-archaeoleg-a-threftadaeth,0
https://www.bangor.ac.uk/cy/gwybodaeth-i-ymgeiswyr/peirianneg,0
https://www.bangor.ac.uk/cy/gwybodaeth-i-ymgeiswyr/gwyddorau-chwaraeon-ac-ymarfer,0
https://www.bangor.ac.uk/cy/gwybodaeth-i-ymgeiswyr/busnes-a-rheolaeth,0
https://www.bangor.ac.uk/cy/gwybodaeth-i-ymgeiswyr/plismona,0
https://www.bangor.ac.uk/cy/gwybodaeth-i-ymgeiswyr/coedwigaeth,0
https://www.bangor.ac.uk/cy/gwybodaeth-i-ymgeiswyr/bioleg,0
https://www.bangor.ac.uk/cy/gwybodaeth-i-ymgeiswyr/fferylliaeth-ffarmacoleg,0
https://www.bangor.ac.uk/cy/gwybodaeth-i-ymgeiswyr/troseddeg-a-chyfiawnder-troseddol,0
https://www.bangor.ac.uk/cy/gwybodaeth-i-ymgeiswyr/economeg,0
https://cymorth.bangor.ac.uk/ceisiadau-meddygaeth/,0
https://www.bangor.ac.uk/cy/gwybodaeth-i-ymgeiswyr/cyfrifiadureg,0
https://www.bangor.ac.uk/cy/gwybodaeth-i-ymgeiswyr/cymraeg,0
https://www.bangor.ac.uk/sos/school-of-ocean-sciences-reading-list,0
https://www.bangor.ac.uk/studentservices/studenthousing/,0
https://www.bangor.ac.uk/student-parking-permits,0
https://my.bangor.ac.uk/iris/index.php.en,0
https://my.bangor.ac.uk/research-support/researcher-development/induction.php.en,0
https://my.bangor.ac.uk/research-support/researcher-development/concordat-group.php.en,0
https://my.bangor.ac.uk/research-support/researcher-development/programme,0
https://my.bangor.ac.uk/research-support/researcher-development/welsh-crucible.php.en,0
https://my.bangor.ac.uk/research-support/researcher-development/index.php.en,0
https://my.bangor.ac.uk/research-support/researcher-development/training-and-development.php.en,0
https://my.bangor.ac.uk/research-support/index.php.en,0
https://my.bangor.ac.uk/research-support/researcher-development/leadership.php.en,0
https://www.bangor.ac.uk/courses/postgraduate-modules/D5AB,0
https://www.bangor.ac.uk/international/support/www.bangor.ac.uk/international/support,0
https://shop.bangor.ac.uk/product-catalogue/y-ganolfan-addysg-rhyngwladol-international-education-centre,0
https://www.bangor.ac.uk/international/support/index,0
https://www.bangor.ac.uk/node/102626,0
https://my.bangor.ac.uk/employability-info/international-students.php.en,0
https://www.bangor.ac.uk/sites/default/files/2025-06/Employer%20Request%20letter%20BUIC%20202425.pdf,0
https://www.bangor.ac.uk/applied/work-experience,0
https://www.bangor.ac.uk/international/support/end-studies.php,0
https://www.bangor.ac.uk/international/support/broadband,0
https://www.bangor.ac.uk/student-services/support-if-youre-affected-by-global-conflict-or-humanitarian-crises,0
https://www.bangor.ac.uk/international/support/counciltax,0
https://www.bangor.ac.uk/international/support/inter-calls,0
https://www.bangor.ac.uk/international/support/clubs_soc,0
https://www.bangor.ac.uk/international/support/driving,0
https://www.bangor.ac.uk/international/contracts-agreements,0
https://www.bangor.ac.uk/international/support/eea-students,0
https://www.bangor.ac.uk/international/support/open_bank,0
https://www.bangor.ac.uk/international/support/settlingin,0
https://www.bangor.ac.uk/international/support/tv_licence,0
https://www.bangor.ac.uk/international/support/religion,0
https://www.bangor.ac.uk/international/support/mobiles,0
https://www.bangor.ac.uk/skills-and-employability/,0
https://www.bangor.ac.uk/studentservices/childcare,0
https://www.bangor.ac.uk/node/47101,0
https://www.bangor.ac.uk/international/ambassadors-scheme,0
https://www.bangor.ac.uk/studentservices/studenthousing,0
https://my.bangor.ac.uk/humanresources/staffdevelopment/researcherdevelopment/index.php.cy,0
https://www.bangor.ac.uk/cy/courses/undergraduate/b734-nyrsio-plant-dysgu-o-bell-bn-anrh,0
https://www.bangor.ac.uk/cy/courses/undergraduate/b769-nyrsio-iechyd-meddwl-dysgu-o-bell-bn-anrh,0
https://www.bangor.ac.uk/cy/courses/undergraduate/b743-nyrsio-oedolion-dysgu-o-bell-bn-anrh,0
https://www.bangor.ac.uk/courses?level_of_study=All&term=nyrsio,0
https://www.bangor.ac.uk/cy/ymchwil/themau-ymchwil/celfyddydau-dyniaethau-busnes/deallusrwydd-artiffisial-emosiynol,0
https://www.bangor.ac.uk/swyddfa-ymchwil-arloesi-ac-effaith,0
https://www.bangor.ac.uk/cy/ymchwil/themau-ymchwil/gwyddorau-dynol/gofal-dementia,0
https://www.bangor.ac.uk/cy/ymchwil/themau-ymchwil/gwyddoraur-amgylchedd-a-pheirianneg/cadwraeth,0
https://www.bangor.ac.uk/cy/research/news,0
https://www.bangor.ac.uk/ymchwil/sefydliadau-a-chanolfannau,0
https://www.bangor.ac.uk/sustainability/sustainability-at-bangor-uni.php.cy,0
https://www.bangor.ac.uk/cy/bangorgynaliadwy/newyddion/staff-a-myfyrwyr-prifysgol-bangor-yn-ymuno-a-miloedd-yn-llundain-i,0
https://www.bangor.ac.uk/sustainability/un_sustainable-development-goals.php.cy,0
https://www.bangor.ac.uk/sustainability/team.php.cy,0
https://www.bangor.ac.uk/cy/bangorgynaliadwy/newyddion/prifysgol-bangor-yn-dal-ei-gafael-yn-y-wobr-dosbarth-cyntaf-am-y,0
https://www.bangor.ac.uk/cy/bangorcynaliadwy/newyddion,0
https://www.bangor.ac.uk/cy/bangorgynaliadwy/newyddion/prifysgol-bangor-yn-dal-ei-gafael-yn-y-wobr-dosbarth-cyntaf-am-y-0,0
https://www.bangor.ac.uk/sustainability/well-being-of-future-generations-act.php.cy,0
https://www.bangor.ac.uk/sustainability/policies-and-strategies.php.cy,0
https://www.bangor.ac.uk/cy/courses?term=&level_of_study=pgt_course&page=2,0
https://www.bangor.ac.uk/courses?level_of_study=pgt_course&term=,0
https://www.bangor.ac.uk/cy/courses?term=&level_of_study=pgt_course&page=4,0
https://www.bangor.ac.uk/cy/courses?term=&level_of_study=pgt_course&page=6,0
https://www.bangor.ac.uk/cy/courses?term=&level_of_study=pgt_course&page=7,0
https://www.bangor.ac.uk/cy/courses?term=&level_of_study=pgt_course&page=3,0
https://www.bangor.ac.uk/cy/courses?term=&level_of_study=pgt_course&page=5,0
https://www.bangor.ac.uk/cy/courses?term=&level_of_study=pgt_course&page=0,0
https://www.bangor.ac.uk/cy/courses?term=&level_of_study=pgt_course&page=8,0
https://www.bangor.ac.uk/cy/courses?term=&level_of_study=pgt_course&page=1,0
https://www.bangor.ac.uk/courses?level_of_study=All&term=cyfrifiadureg,0
https://www.bangor.ac.uk/courses?level_of_study=All&term=chwaraeon,0
https://www.bangor.ac.uk/cy/newyddion/2022-04-12-saith-gwobr-i-ffilmwyr-bangor-yng-ngwobrau-rts-cymru,0
https://www.bangor.ac.uk/cy/newyddion/2022-07-18-dwy-fyfyrwraig-ragorol-yn-ennill-medalau-cwmnir-brethynwyr-ym-mangor,0
https://www.bangor.ac.uk/cy/newyddion/2021-12-14-myfyriwr-phd-yn-ennill-cystadleuaeth-genedlaethol-im-a-scientist-get-me-out-of,0
https://www.bangor.ac.uk/cy/newyddion/2022-05-23-athletwraig-rhyngwladol-yn-ennil-gwobr-goffa-llew-rees-2022,0
https://www.bangor.ac.uk/cy/newyddion/2023-05-05-llwyddiant-yng-ngwobraur-royal-television-society-i-noah,0
https://www.bangor.ac.uk/cy/newyddion?news_category=1661&page=1,0
https://www.bangor.ac.uk/cy/newyddion?news_category=1661&page=0,0
https://www.bangor.ac.uk/cy/newyddion?news_category=1661&page=2,0
https://www.bangor.ac.uk/cy/newyddion/2021-10-28-myfyriwr-yn-rhannu-awgrymiadau-gwylio-natur-gydag-autumnwatch-y-bbc,0
https://www.bangor.ac.uk/cy/newyddion/2021-10-20-penodi-llysgenhadon-ol-radd-newydd-ir-coleg-cymraeg,0
https://www.bangor.ac.uk/cy/newyddion/2021-10-29-ymchwilwyr-prifysgol-bangor-yn-rhoi-cyngor-i-gareth-jones-wrth-iddo-nofio-60k,0
https://www.bangor.ac.uk/cy/newyddion/2021-10-11-dyfarnu-ysgoloriaethau-bangor-gynhwysol-202122,0
https://www.bangor.ac.uk/cy/newyddion/2022-02-01-cwmni-cyhoeddi-llyfrau-newydd-bangor,0
https://www.bangor.ac.uk/cy/newyddion/2021-11-17-graddedigion-o-fangor-wrth-eu-boddau-wrth-i-ffilm-am-dryweryn-ennill-bafta,0
https://www.bangor.ac.uk/cy/newyddion/2022-11-18-dyfarnu-ysgoloriaethau-bangor-gynhwysol-2223,0
https://www.bangor.ac.uk/property-and-campus-services/parking.php.cy,0
https://support.bangor.ac.uk/WorkOrder.do?woMode=newWO&reqTemplate=302,0
https://www.bangor.ac.uk/library/sensusaccess,0
https://www.bangor.ac.uk/cy/get-ready-for-university/faqs,0
https://www.bangor.ac.uk/cy/get-ready-for-university/cysylltiadau,0
https://www.bangor.ac.uk/cy/get-ready-for-university/contact,0
https://www.bangor.ac.uk/cy/get-ready-for-university/personal-statement,0
https://www.bangor.ac.uk/cy/get-ready-for-university/accommodation,0
https://www.bangor.ac.uk/cy/get-ready-for-university/differences,0
https://www.bangor.ac.uk/cy/get-ready-for-university/application,0
https://www.bangor.ac.uk/cy/get-ready-for-university/blog-hacks,0
https://www.bangor.ac.uk/cy/get-ready-for-university/results-day,0
https://www.bangor.ac.uk/quality/annual_rev.php.cy,0
https://www.bangor.ac.uk/quality/ext_exam.php.cy,0
https://www.bangor.ac.uk/quality/external/pgr.php.cy,0
https://www.bangor.ac.uk/quality/information_for_student_reviewers.php.cy,0
https://www.bangor.ac.uk/quality/staff.php.cy,0
https://www.bangor.ac.uk/quality/course/valid.php.cy,0
https://www.bangor.ac.uk/quality/audits.php.cy,0
https://www.bangor.ac.uk/student-administration/course/valid.php.cy,0
https://www.bangor.ac.uk/quality/psrb.php.cy,0
https://www.bangor.ac.uk/cy/courses?term=seicoleg&level_of_study=All&page=1,0
https://www.bangor.ac.uk/cy/courses/undergraduate/c80f-seicoleg-gyda-blwyddyn-sylfaen-bsc-anrh,0
https://www.bangor.ac.uk/cy/courses?term=seicoleg&level_of_study=All&page=0,0
https://www.bangor.ac.uk/cy/courses/undergraduate/c801-seicoleg-gyda-niwroseicoleg-bsc-anrh,0
https://www.bangor.ac.uk/cy/courses/undergraduate/c880-seicoleg-gyda-seicoleg-glinigol-ac-iechyd-bsc-anrh,0
https://www.bangor.ac.uk/cy/courses/undergraduate/c800-seicoleg-bsc-anrh,0
https://www.bangor.ac.uk/cy/courses/undergraduate/q1c8-ieithyddiaeth-a-seicoleg-ba-anrh,0
https://www.bangor.ac.uk/cy/courses/undergraduate/l3c8-troseddeg-a-seicoleg-ba-anrh,0
https://www.bangor.ac.uk/courses?level_of_study=All&term=seicoleg,0
https://www.bangor.ac.uk/cy/courses/postgraduate-taught/pgcert-therapi-ymddygiad-gwybyddol,0
https://www.bangor.ac.uk/cy/courses?term=y%20gyfraith&level_of_study=All,0
https://www.bangor.ac.uk/courses?level_of_study=All&term=y%20gyfraith,0
http://www.bangor.ac.uk/mindfulness/index,0
http://rsthomas.bangor.ac.uk/index,0
http://www.bangor.ac.uk/ml/galician/,0
http://cbr.bangor.ac.uk/index,0
http://behaviourchange.bangor.ac.uk/index,0
http://www.bangor.ac.uk/bilingualism/index,0
https://www.bangor.ac.uk/cy/iahp,0
https://www.bangor.ac.uk/cy/iswe,0
http://research-centre-wales.sites.bangor.ac.uk/index.php.cy,0
https://www.bangor.ac.uk/cy/plocc,0
http://www.bangor.ac.uk/reo/policies,0
https://www.bangor.ac.uk/cy/canolfan-astudiaethau-ffilm-teledu-a-sgrin,0
http://www.cams.bangor.ac.uk/index,0
https://www.bangor.ac.uk/arts-humanities-and-business/research_centres.php.cy,0
https://www.bangor.ac.uk/cy/ybb/ymchwil/rhanbarth,0
http://arthurian-studies.bangor.ac.uk/index,0
http://colclough.bangor.ac.uk/index,0
https://www.bangor.ac.uk/cy/courses?term=busnes&level_of_study=All&page=1,0
https://www.bangor.ac.uk/courses?level_of_study=All&term=busnes,0
https://www.bangor.ac.uk/cy/courses?term=busnes&level_of_study=All&page=0,0
https://www.bangor.ac.uk/cy/diwrnod-cymunedol-prifysgol-bangor,0
https://www.bangor.ac.uk/cy/newyddion/2022-10-14-prifysgol-bangor-yn-cydweithio-gyda-chymdeithas-dai-adra-er-mwyn-datblygu,0
https://www.bangor.ac.uk/cy/coleg-treftadaeth-bangor,0
https://www.bangor.ac.uk/itservices/print-contact-us.php.cy,0
https://www.bangor.ac.uk/cy/cenhadaeth-ddinesig/cysylltu,0
https://www.bangor.ac.uk/cy/newyddion/01/rhaglen-monitro-dwr-gwastraff-wedii-hymestyn-i-gynnwys-ysbytai-a-monitro-y-tu-hwnt-i,0
https://www.bangor.ac.uk/archives/index.php.cy,0
https://www.bangor.ac.uk/cy/bangor-yr-hud-ar-lledrith/cydweithio-a-diwydiant/gig,0
https://www.bangor.ac.uk/cy/newyddion/2020-10-05-dathlu-hanes-iddewig-llandudno,0
https://www.bangor.ac.uk/cy/newyddion/01/profion-ar-ddwr-gwastraff-awyrennau-yn-dangos-methiant-mesurau-teithio-awyr-yng,0
https://www.bangor.ac.uk/cy/newyddion/olrhain-covid-19-a-firysau-eraill-mewn-dwr-gwastraff,0
https://www.bangor.ac.uk/library/visitor/visitor.php.cy,0
http://dsdc.bangor.ac.uk/supporting-people.php.cy,0
https://www.bangor.ac.uk/cy/newyddion/2021-08-06-ymchwilwyr-yn-archwilio-dylanwad-negeseuon-gan-y-cyfryngau-ar-ddewisiadau-am,0
https://www.bangor.ac.uk/skills-and-employability/about-us.php.cy,0
https://www.bangor.ac.uk/skills-and-employability/b-enterprising-team.php.en,0
https://www.bangor.ac.uk/cy/cymuned/bwrdd-cymunedol,0
https://www.bangor.ac.uk/cy/newyddion/2021-07-06-ymgyrch-m-sparc-yn-ysbrydoli-talent-gogledd-cymru-i-ddod-adra,0
https://www.bangor.ac.uk/canolfanbedwyr/cysgliad.php.en?lang=cy,0
https://www.bangor.ac.uk/cy/cymuned/cronfa-gymunedol-prifysgol-bangor,0
https://www.bangor.ac.uk/sites/default/files/2024-09/strategy2030-civic-engagement-May24-cym.docx,0
https://www.bangor.ac.uk/languages-literatures-and-linguistics/staff/andrew-mcstay/en,0
https://www.bangor.ac.uk/research/themes/human-sciences/mindfulness-based-programmes,0
https://www.bangor.ac.uk/health-sciences/index.php.en,0
https://www.bangor.ac.uk/research/themes/human-sciences/childrens-development,0
https://www.bangor.ac.uk/research/themes/human-sciences/multilanguage-assessment,0
https://www.bangor.ac.uk/natural-sciences/staff/neal-hockley/en,0
https://www.bangor.ac.uk/natural-sciences/staff/julia-jones/en,0
https://www.bangor.ac.uk/cy/bangorgynaliadwy/newyddion/prifysgol-bangor-yn-dewis-ecosian-beiriant-chwilio-diofyn-er-mwyn,0
https://www.bangor.ac.uk/sustainability/news/survey-reveals-very-rural-as-least-concerned-about-climate-change,0
https://www.bangor.ac.uk/sustainability/news/bangor-university-researchers-at-the-forefront-of-tackling-climate-change,0
https://www.bangor.ac.uk/sustainability/news/rural-policy-makers-encouraged-to-govern-like-a-forest-in-post-brexit-britain,0
https://www.bangor.ac.uk/sustainability/news/bangor-university-awarded-fifth-first-class-degree,0
https://www.bangor.ac.uk/sustainability/news/bangor-university-named-one-of-the-uks-most-wildlife-friendly-according-to-new,0
https://www.bangor.ac.uk/sustainablebangor/news?page=1,0
https://www.bangor.ac.uk/sustainability/news/enzymes-are-the-answer,0
https://www.bangor.ac.uk/sustainablebangor/news/bangor-19th-in-the-uk-for-sustainability-in-the-times-higher-education,0
https://www.bangor.ac.uk/sustainability/news/mining-our-way-out-of-the-climate-crisis-potential-environmental-risks,0
https://www.bangor.ac.uk/sustainablebangor/news?page=0,0
https://www.bangor.ac.uk/sustainability/students-union.php.en,0
https://www.bangor.ac.uk/environment/documents/2020_21%20annual%20environmental%20report.pdf,0
https://www.bangor.ac.uk/sustainability/documents/strategy2030-sub-strategy-sustainability-Sept24.pdf,0
https://www.bangor.ac.uk/sustainability/documents/Bangor%20University%20SDG%20Progress%20Report%2023_24.pdf,0
https://www.bangor.ac.uk/environment/documents/2021_22%20annual%20environmental%20report.pdf,0
https://www.bangor.ac.uk/sustainability/campaigns.php.en,0
https://www.bangor.ac.uk/environment/documents/2022_23%20annual%20environmental%20report.pdf,0
https://www.bangor.ac.uk/environment/documents/201819%20Annual%20Environment%20Report.pdf,0
https://www.bangor.ac.uk/environment/documents/WaterConservationStandards_ENG.pdf,0
https://www.bangor.ac.uk/sustainability/managingcarbon.php.en,0
https://www.bangor.ac.uk/sustainability/documents/Bangor%20University%20SDG%20Progress%20Report%2019_20.pdf,0
https://www.bangor.ac.uk/environment/documents/BU%20Waste%20Management%20Policy.pdf,0
https://www.bangor.ac.uk/sustainability/documents/Bangor%20University%20SDG%20Progress%20Report%2020_21.pdf,0
https://www.bangor.ac.uk/sustainability/workersrights.php.en,0
https://www.bangor.ac.uk/sustainability/trades-union.php.en,0
https://www.bangor.ac.uk/sustainability/documents/Bangor%20University%20SDG%20Progress%20Report%2024_25.pdf,0
https://www.bangor.ac.uk/sustainability/about-us.php.en,0
https://www.bangor.ac.uk/environment/documents/Travel%20and%20Transport%20Policy.pdf,0
https://www.bangor.ac.uk/finance-services/suppliers/procurement-strategy,0
https://www.bangor.ac.uk/community/index.php.en,0
https://www.bangor.ac.uk/sustainability/targets.php.en,0
https://www.bangor.ac.uk/environment/documents/5F%20Approved%20Annual%20EMS%20Report%202017_18%20ENG_.pdf,0
https://www.bangor.ac.uk/sustainability/campus-environmental-performance-team.php.en,0
https://www.bangor.ac.uk/environment/documents/AmenityGrasslandManagementPolicyandPlan_ENG.pdf,0
https://www.bangor.ac.uk/sustainability/documents/sustainability-report-18-19-web.pdf,0
https://www.bangor.ac.uk/sustainability/budget.php.en,0
https://www.bangor.ac.uk/sustainability/documents/Bangor%20University%20SDG%20Progress%20Report%2022_23.pdf,0
https://www.bangor.ac.uk/sustainability/careers.php.en,0
https://www.bangor.ac.uk/sustainability/documents/2019_20_Annual_Environment_Report_cover.pdf,0
https://www.bangor.ac.uk/sustainability/documents/Sustainable%20Food%20Policy%202025.pdf,0
https://www.bangor.ac.uk/sustainability/documents/student_staff_engagement_strategy_summary.pdf,0
https://www.bangor.ac.uk/environment/documents/2024_25%20Environment%20Report.pdf,0
https://www.bangor.ac.uk/sustainability/finance-and-procurement.php.en,0
https://www.bangor.ac.uk/sustainability/international.php.en,0
https://www.bangor.ac.uk/environment/documents/2023_24%20annual%20environmental%20report.pdf,0
https://www.bangor.ac.uk/sustainability/sustainability-task-group.php.en,0
https://www.bangor.ac.uk/governance-and-compliance/policy-register/documents/sustainable-investment-policy.pdf,0
https://www.bangor.ac.uk/humanresources/equalitydiversity/policy.php.en,0
https://www.bangor.ac.uk/sustainability/documents/Declaration-on-Fossil-Fuels.pdf,0
https://www.bangor.ac.uk/sustainability/documents/Bangor%20University%20SDG%20Progress%20Report%2021_22.pdf,0
https://www.bangor.ac.uk/about/senior-management/professor-oliver-turnbull,0
https://www.bangor.ac.uk/natural-sciences/staff/christian-dunn,0
https://www.bangor.ac.uk/studyatbangor/per_tutor.php.en,0
https://www.bangor.ac.uk/studentservices/student_support.php.en,0
https://www.bangor.ac.uk/student-administration/sturec/,0
https://www.bangor.ac.uk/studyskills/maths-stats.php.en,0
https://www.seren.bangor.ac.uk/lifestyle/2020/04/08/managing-your-time-during-the-exam-period/,0
https://www.bangor.ac.uk/studyskills/individual-appointment.php.en,0
https://www.bangor.ac.uk/campus-life,0
https://www.bangor.ac.uk/library/about/branches.php.en,0
https://www.bangor.ac.uk/going-to-university/accommodation.php.en,0
https://www.bangor.ac.uk/studentservices/wellbeing/doctors.php.en,0
https://www.bangor.ac.uk/brailsford/st-marys-gym.php.en,0
https://www.bangor.ac.uk/accommodation/st-marys.php.en,0
https://www.bangor.ac.uk/going-to-university/videos,0
https://my.bangor.ac.uk/,0
https://www.bangor.ac.uk/about/coronavirus,0
https://www.bangor.ac.uk/accommodation/contact.php.en,0
https://www.seren.bangor.ac.uk/lifestyle/2019/09/19/10-ways-to-jazz-up-your-new-room/,0
https://www.bangor.ac.uk/studentservices/guide/building/rathbone-iec,0
https://www.bangor.ac.uk/studentfinance/info/scholarships.php.en,0
https://www.bangor.ac.uk/about/location.php.en,0
https://www.bangor.ac.uk/courses/orderprospectus_ug.php.en,0
https://www.bangor.ac.uk/openday/index.php.en,0
https://www.bangor.ac.uk/accommodation/guarantee-accommodation,0
https://www.bangor.ac.uk/news/what-our-sewage-can-reveal-about-covid-19-infection-rates-in-the-community,0
https://www.bangor.ac.uk/news/work-begins-on-uk-system-for-estimating-covid-19-cases-from-wastewater,0
https://www.bangor.ac.uk/news/bangor-university-contributes-to-global-covid-19-related-research-,0
https://www.bangor.ac.uk/news/2020-12-11-tracking-covid-19-and-other-viruses-in-wastewater,0
https://www.bangor.ac.uk/news/pilot-programme-to-measure-coronavirus-prevalence-in-waste-water-treatment-plants-,0
https://www.bangor.ac.uk/cy/newyddion/2020-12-10-olrhain-covid-19-a-firysau-eraill-mewn-dwr-gwastraff,0
https://www.bangor.ac.uk/news/sewage-signals-early-warning-of-coronavirus-outbreaks,0
https://www.bangor.ac.uk/news/coronavirus-wastewater-can-tell-us-where-the-next-outbreak-will-be,0
https://www.bangor.ac.uk/centre-for-mindfulness/short-courses-and-cpd-in-mindfulness-at-cmrp,0
https://www.bangor.ac.uk/centre-for-mindfulness/staff,0
https://www.bangor.ac.uk/centre-for-mindfulness/commission-bespoke-programmes,0
https://www.bangor.ac.uk/centre-for-mindfulness/blog,0
https://www.bangor.ac.uk/centre-for-mindfulness/mission,0
https://www.bangor.ac.uk/centre-for-mindfulness/publications,0
https://www.bangor.ac.uk/cy/meddylgarwch,0
https://www.bangor.ac.uk/short-courses-and-cpd-in-mindfulness-at-cmrp,0
https://www.bangor.ac.uk/centre-for-mindfulness/courses,0
https://www.bangor.ac.uk/centre-for-mindfulness/audio,0
https://www.bangor.ac.uk/magical-bangor,0
https://www.bangor.ac.uk/magical-bangor/industry-collaborations,0
https://www.bangor.ac.uk/research-support/esrc-iaa/index.php.en,0
https://www.bangor.ac.uk/news/2020-10-05-celebrating-llandudnos-jewish-history,0
https://www.bangor.ac.uk/music-and-media/staff/nathan-abrams/en,0
https://www.bangor.ac.uk/cy/parc,0
https://www.bangor.ac.uk/sites/default/files/2023-08/consultation-boards-1-8-23.pdf,0
https://www.bangor.ac.uk/cy/canolfan-bedwyr/tiwtorialau-fideo-cysgliad,0
https://www.bangor.ac.uk/confucius?page=0,0
https://www.bangor.ac.uk/confucius?page=4,0
https://www.bangor.ac.uk/confucius/events/discover-chinese-culture-free-lunchtime-workshops-10,0
https://www.bangor.ac.uk/confucius?page=7,0
https://www.bangor.ac.uk/confucius/news/two-days-of-colour-creativity-and-celebration-chinese-new-year-comes-alive-at-all,0
https://www.bangor.ac.uk/confucius?page=3,0
https://www.bangor.ac.uk/confucius/news/making-lanterns-and-lucky-bracelets-at-friars-school,0
https://www.bangor.ac.uk/confucius/news/chinese-new-year-workshops-continue-at-our-ladys-school,0
https://www.bangor.ac.uk/confucius/events/discover-chinese-culture-free-lunchtime-workshops-14,0
https://www.bangor.ac.uk/confucius/events/discover-chinese-culture-free-lunchtime-workshops-9,0
https://www.bangor.ac.uk/confucius?page=2,0
https://www.bangor.ac.uk/confucius/online-learning-resources,0
https://www.bangor.ac.uk/confucius/learning,0
https://www.bangor.ac.uk/confucius/news/chinese-paper-cutting-lunchtime-workshop-discover-chinese-culture-series,0
https://www.bangor.ac.uk/cy/confucius,0
https://www.bangor.ac.uk/confucius?page=10,0
https://www.bangor.ac.uk/confucius/news/chinese-new-year-workshops-at-our-ladys-school-january-sessions,0
https://www.bangor.ac.uk/confucius/news/discovering-the-beauty-of-chinese-lacquer-art-through-fan-painting,0
https://www.bangor.ac.uk/mailto;confuciusinstitute@bangor.ac.uk,0
https://www.bangor.ac.uk/confucius?page=6,0
https://www.bangor.ac.uk/confucius/events/discover-chinese-culture-free-lunchtime-workshops-11,0
https://www.bangor.ac.uk/confucius/news/tai-chi-and-dance-workshops-bring-energy-and-joy-to-treffos-school,0
https://www.bangor.ac.uk/confucius?page=5,0
https://www.bangor.ac.uk/confucius,0
https://www.bangor.ac.uk/confucius/news/exploring-chinese-language-and-culture-at-pentraeth-school,0
https://www.bangor.ac.uk/confucius/news/galloping-forward-celebrating-the-year-of-the-horse-at-david-hughes-school,0
https://www.bangor.ac.uk/confucius/news/a-joyful-celebration-of-culture-at-northop-hall,0
https://www.bangor.ac.uk/confucius/events/discover-chinese-culture-free-lunchtime-workshops-8,0
https://www.bangor.ac.uk/confucius/events/discover-chinese-culture-free-lunchtime-workshops-13,0
https://www.bangor.ac.uk/confucius/events/discover-chinese-culture-free-lunchtime-workshops-12,0
https://www.bangor.ac.uk/confucius/news/a-vibrant-celebration-of-chinese-new-year-at-pontio-welcoming-the-year-of-the-horse,0
https://www.bangor.ac.uk/confucius/events/discover-chinese-culture-free-lunchtime-workshops-15,0
https://www.bangor.ac.uk/sites/default/files/2023-02/ChineseMedicineResearch.pdf,0
https://www.bangor.ac.uk/confucius?page=1,0
https://www.bangor.ac.uk/confucius/news/inspiring-young-minds-through-chinese-new-year-creativity-at-ysgol-llanllechid-0,0
https://www.bangor.ac.uk/confucius?page=8,0
https://www.bangor.ac.uk/news/2021-08-06-researchers-explore-the-influence-of-media-messaging-on-mask-wearing-choices,0
https://www.bangor.ac.uk/news/2023-01-24-we-tested-the-wastewater-from-planes-to-detect-covid-among-travellers-heres-what-we,0
https://www.bangor.ac.uk/cy/newyddion/2023-01-24-we-tested-the-wastewater-from-planes-to-detect-covid-among-travellers-heres,0
https://my.bangor.ac.uk/employability-info/my-options.php.en,0
https://my.bangor.ac.uk/employability-info/b-enterprising.php.en,0
https://my.bangor.ac.uk/employability-info/career-planning-and-self-assessment.php.en,0
https://my.bangor.ac.uk/employability-info/faqs.php.en,0
https://my.bangor.ac.uk/employability-info/overcoming-barriers.php.en,0
https://my.bangor.ac.uk/employability-info/equality-and-diversity-and-recruitment.php.en,0
https://my.bangor.ac.uk/employability-info/hear.php.en,0
https://my.bangor.ac.uk/employability-info/be-nesa.php.en,0
https://my.bangor.ac.uk/employability-info/events.php.en,0
https://my.bangor.ac.uk/employability-info/work-experience-support.php.en,0
https://www.bangor.ac.uk/my-graduate-career-week,0
https://my.bangor.ac.uk/employability-info/career-success-pathway.php.en,0
https://my.bangor.ac.uk/employability-info/cv-resources.php.en,0
https://my.bangor.ac.uk/employability-info/employment-and-work-experience.php.en,0
https://my.bangor.ac.uk/employability-info/graduation-and-beyond.php.en,0
https://my.bangor.ac.uk/employability-info/graduate-skills.php.en,0
https://my.bangor.ac.uk/employability-info/interview-resources.php.en,0
https://my.bangor.ac.uk/employability-info/postgraduate-options.php.en,0
https://my.bangor.ac.uk/employability-info/targetconnect.php.en,0
https://www.bangor.ac.uk/cy/newyddion/2023-01-12-rhaglen-monitro-dwr-gwastraff-wedii-hymestyn-i-gynnwys-ysbytai-a-monitro-y-tu,0
https://www.bangor.ac.uk/news/2023-01-12-wastewater-monitoring-programme-extended-to-include-hospitals-and-monitoring-beyond,0
https://www.bangor.ac.uk/cy/courses?level_of_study=All&page=1&term=psychology,0
https://www.bangor.ac.uk/cy/courses?level_of_study=All&page=0&term=psychology,0
https://www.bangor.ac.uk/student-life/profiles/postgraduate,0
https://www.bangor.ac.uk/research-students/spss/laura-jastrzab-binney-462795/en,0
https://www.bangor.ac.uk/courses/postgraduate-modules/C8EF,0
https://www.bangor.ac.uk/cy/courses/postgraduate-taught/seicoleg-glinigol-ac-iechyd-msc,0
https://www.bangor.ac.uk/cy/courses/postgraduate-taught/therapi-ymddygiad-dilechdidol-pgdip,0
https://www.bangor.ac.uk/courses?level_of_study=All&term=psychology,0
https://www.bangor.ac.uk/cy/courses/postgraduate-taught/seicoleg-msc,0
https://www.bangor.ac.uk/cy/courses/postgraduate-taught/sylfeini-niwroseicoleg-glinigol-msc,0
https://www.bangor.ac.uk/cy/courses/postgraduate-taught/seicoleg-glinigol-dclinpsy,0
https://www.bangor.ac.uk/cy/courses/postgraduate-research/seicoleg-phd,0
https://www.bangor.ac.uk/cy/courses/postgraduate-taught/ymchwil-seicoleg-msc,0
https://www.bangor.ac.uk/cy/courses/postgraduate-taught/plentyndod-ac-ieuenctid-ma,0
https://www.bangor.ac.uk/education-and-human-development/documents/2019/Self-Declaration.docx,0
https://www.bangor.ac.uk/courses/postgraduate-modules/X3BF,0
https://www.bangor.ac.uk/slate-landscape,0
https://www.bangor.ac.uk/staff/business/carl-mather-533140/en,0
https://www.bangor.ac.uk/staff/business/edward-jones-012046/en,0
https://www.bangor.ac.uk/bbs/research/past-events,0
https://www.bangor.ac.uk/staff/business/beata-kupiec-teahan-008734/en,0
https://www.bangor.ac.uk/staff/business/georgina-smith-035922/en,0
https://www.bangor.ac.uk/staff/business/steffan-thomas-001720/en,0
https://www.bangor.ac.uk/staff/business/sara-parry-013491/en,0
https://www.bangor.ac.uk/staff/business/sonya-hanna-000415/en,0
https://www.bangor.ac.uk/staff/business/nia-weatherley-071544/en,0
https://www.bangor.ac.uk/staff/business/rhys-ap-gwilym-015212/en,0
https://www.bangor.ac.uk/staff/bbs/graeme-pearce-039959/en,0
https://www.bangor.ac.uk/bbs-research-rhanbarth/news/north-east-wales-industrial-decarbonisation-cluster-newid-cluster-plan,0
https://www.bangor.ac.uk/research-students/bbs/paul-roberts-508467/en,0
https://www.bangor.ac.uk/staff/business/graeme-pearce-039959/en,0
https://www.bangor.ac.uk/staff/bbs/chrysovalantis-vasilakis-098608/en,0
https://www.bangor.ac.uk/bbs-research-rhanbarth/news/bbs-lecturer-receives-runner-up-award-for-the-best-paper-in-the-ob,0
https://www.bangor.ac.uk/staff/bbs/kaleem-ullah-653493/en,0
https://www.bangor.ac.uk/sites/default/files/2024-09/How%20to%20Make%20Your%20Mountain%20Business%20Accessible%20by%20Dr%20Felix%20Shi.docx,0
https://www.bangor.ac.uk/bbs/research/invite-us,0
https://www.bangor.ac.uk/staff/business/linda-osti-598992/en,0
https://www.bangor.ac.uk/staff/business/mahshid-bagheri-105898/en,0
https://www.bangor.ac.uk/staff/business/clair-doloriert-010487/en,0
https://www.bangor.ac.uk/staff/bbs/chris-davies-003114/en,0
https://www.bangor.ac.uk/bbs-research-rhanbarth/news/seminar-on-tourism-destinations-present-and-future-agenda-hosted-by-the,0
https://www.bangor.ac.uk/staff/bbs/heather-he-594668/en,0
https://www.bangor.ac.uk/staff/business/michael-butler-629279/en,0
https://www.bangor.ac.uk/staff/business/adrian-gepp-611157/en,0
https://www.bangor.ac.uk/staff/business/siwan-mitchelmore-011643/en,0
http://contested-languages.bangor.ac.uk/,0
https://www.bangor.ac.uk/music-and-media/studios/eaw/,0
http://mpc.bangor.ac.uk/index.php.en,0
https://www.bangor.ac.uk/history-philosophy-and-social-sciences/research/social-sciences/WISERD/index.php.en,0
https://www.bangor.ac.uk/languages-literatures-and-linguistics/staff/eben-muse/en,0
https://www.bangor.ac.uk/cy/celfyddydau-dyniaethau-busnes/canolfannau-ymchwil,0
https://www.bangor.ac.uk/iswe/news/plas-gunter-and-gregynog-awarded-national-lottery-heritage-funding,0
https://www.bangor.ac.uk/resources-and-suggested-reading,0
http://research-centre-wales.sites.bangor.ac.uk/,0
https://www.bangor.ac.uk/iswe?page=1,0
https://www.bangor.ac.uk/iswe-bibliography,0
http://iswe.bangor.ac.uk/[https://encounter.network/,0
https://www.bangor.ac.uk/iswe/news/cochwillan-history-explored-in-iswe-fieldtrip,0
https://www.bangor.ac.uk/iswe/news/newid-eryri-people-place-and-perspectives-on-the-past-and-future-of-dyffryn-ogwen,0
https://www.bangor.ac.uk/iswe?page=3,0
https://www.bangor.ac.uk/iswe/news/lady-margaret-verney,0
https://www.bangor.ac.uk/iswe/news/sharing-knowledge-conferences-and-communities,0
https://calmview.bangor.ac.uk/Calmview/,0
https://www.bangor.ac.uk/iswe/news/bangor-book-launch-coming-of-age-celebrations-on-welsh-landed-estates,0
https://www.bangor.ac.uk/the-iswe-team,0
https://www.bangor.ac.uk/iswe/news/nannau-in-top-10-heritage-buildings-at-risk-list,0
https://bangor.ac.uk/archives/,0
https://www.bangor.ac.uk/iswe/events/short-course-historic-landmarks-of-north-wales,0
https://www.bangor.ac.uk/iswe/news/new-module-equips-students-with-the-tools-to-reinterpret-the-country-house,0
http://iswe.bangor.ac.uk/[https://historicplacenames.rcahmw.gov.uk/,0
http://swrc.bangor.ac.uk/,0
https://www.bangor.ac.uk/iswe/events,0
https://www.bangor.ac.uk/iswe/news/new-book-analyses-welsh-coming-of-age-celebrations,0
https://www.bangor.ac.uk/iswe?page=2,0
https://www.bangor.ac.uk/iswe/news/an-urgent-appeal-from-the-welsh-historic-gardens-trust,0
https://www.bangor.ac.uk/history-philosophy-and-social-sciences/,0
https://www.bangor.ac.uk/iswe,0
https://www.bangor.ac.uk/our-research-and-projects,0
https://www.bangor.ac.uk/iswe/news,0
https://www.bangor.ac.uk/iswe?page=0,0
https://www.bangor.ac.uk/iswe/news/phd-success-for-dr-bethan-scorey,0
http://iswe.bangor.ac.uk/[https://ychp.org.uk/,0
https://www.bangor.ac.uk/iswe/news/past-and-future-of-eryri-explored-in-archives-annual-lecture,0
https://www.bangor.ac.uk/languages-literatures-and-linguistics/staff/helena-miguelez-carballeira/en,0
https://www.bangor.ac.uk/arts-culture-language/galician,0
https://www.bangor.ac.uk/courses/postgraduate/the-celts-ma-pgdip,0
https://www.bangor.ac.uk/cy/iaith-diwylliant-celfyddydau/galisaidd,0
https://www.bangor.ac.uk/sites/default/files/2024-02/wwe1-75-127.doc,0
https://www.bangor.ac.uk/sites/default/files/2024-02/wwe2-82-97.doc,0
https://www.bangor.ac.uk/sites/default/files/2024-02/wwe7-50-77.doc,0
https://www.bangor.ac.uk/sites/default/files/2024-02/wwe4-94-117.doc,0
https://www.bangor.ac.uk/rs-thomas-research-centre,0
https://www.bangor.ac.uk/sites/default/files/2024-02/wwe2-98-125.doc,0
https://www.bangor.ac.uk/cy/canolfan-ymchwil-rs-thomas,0
https://www.bangor.ac.uk/sites/default/files/2024-02/wwe4-74-93.doc,0
http://www.bangor.ac.uk/ysgolygymraeg/,0
http://ceas.bangor.ac.uk/about.php.en,0
http://ceas.bangor.ac.uk/news,0
http://ceas.bangor.ac.uk/contact.php.en,0
http://ceas.bangor.ac.uk/staff.php.en,0
http://ceas.bangor.ac.uk/projects.php.en,0
http://ceas.bangor.ac.uk/info.php.en,0
http://ceas.bangor.ac.uk/index.php.en,0
http://ceas.bangor.ac.uk/events/,0
http://ceas.bangor.ac.uk/news/,0
https://www.bangor.ac.uk/wcbc/cs,0
https://www.bangor.ac.uk/staff/spss/john-parkinson-008918/en,0
https://www.bangor.ac.uk/cy/wcbc,0
https://www.bangor.ac.uk/staff/se/carl-hughes-009378/en,0
https://www.bangor.ac.uk/staff/cmh/gregory-parry-079404/en,0
https://www.bangor.ac.uk/wcbc/current-centre-themes,0
http://bangor.ac.uk/wcbc/treborth,0
http://bangor.ac.uk/wcbc/behaviourcg,0
https://www.bangor.ac.uk/staff/scse/andrew-goodman-003692/en,0
https://www.bangor.ac.uk/wcbc/aims,0
https://www.bangor.ac.uk/wcbc/eryri,0
https://www.bangor.ac.uk/wcbc,0
https://www.bangor.ac.uk/g.frame@bangor.ac.uk,0
https://www.bangor.ac.uk/r.poole@bangor.ac.uk,0
https://www.bangor.ac.uk/centre-for-film-television-and-screen-studies/news,0
https://www.bangor.ac.uk/s.pogoda@bangor.ac.uk,0
https://www.bangor.ac.uk/g.harvey@bangor.ac.uk,0
https://www.bangor.ac.uk/a.price@bangor.ac.uk,0
https://www.bangor.ac.uk/dyfrig.jones@bangor.ac.uk,0
https://www.bangor.ac.uk/s.machura@bangor.ac.uk,0
https://www.bangor.ac.uk/j.wright@bangor.ac.uk,0
https://www.bangor.ac.uk/j.byast@bangor.ac.uk,0
https://www.bangor.ac.uk/d.m.barreiro@bangor.ac.uk,0
https://www.bangor.ac.uk/musc03@bangor.ac.uk,0
https://www.bangor.ac.uk/e.g.williams@bangor.ac.uk,0
https://www.bangor.ac.uk/centre-for-film-television-and-screen-studies,0
https://www.bangor.ac.uk/t.f.crew@bangor.ac.uk,0
https://www.bangor.ac.uk/j.j.clapham@bangor.ac.uk,0
https://www.bangor.ac.uk/n.abrams@bangor.ac.uk,0
https://www.bangor.ac.uk/news/2022-05-18-blade-runner-40,0
https://www.bangor.ac.uk/s.wheeler@bangor.ac.uk,0
https://www.bangor.ac.uk/amsmith@bangor.ac.uk,0
https://www.bangor.ac.uk/j.ervine@bangor.ac.uk,0
https://www.bangor.ac.uk/b.batiz-lazo@bangor.ac.uk,0
https://www.bangor.ac.uk/centre-for-film-television-and-screen-studies/research,0
https://ipep.bangor.ac.uk/index.php.en,0
https://ipep.bangor.ac.uk/skill_control.php.en,0
https://ipep.bangor.ac.uk/who/en,0
https://ipep.bangor.ac.uk/research.php.en,0
https://ipep.bangor.ac.uk/mental-toughness.php.en,0
https://ipep.bangor.ac.uk/group.php.en,0
https://ipep.bangor.ac.uk/personality.php.en,0
https://ipep.bangor.ac.uk/anxiety.php.en,0
https://ipep.bangor.ac.uk/services.php.en,0
https://ipep.bangor.ac.uk/index.php.cy,0
https://ipep.bangor.ac.uk/measures.php.en,0
https://ipep.bangor.ac.uk/psychophysiology.php.en,0
https://ipep.bangor.ac.uk/impact.php.en,0
https://ipep.bangor.ac.uk/performance-msc.php.en,0
https://ipep.bangor.ac.uk/risk-taking.php.en,0
https://ipep.bangor.ac.uk/confidence.php.en,0
https://ipep.bangor.ac.uk/psy-skills.php.en,0
https://www.bangor.ac.uk/plocc@bangor.ac.uk,0
https://www.bangor.ac.uk/plocc/places-of-climate-change-seminars-2026,0
https://www.bangor.ac.uk/plocc/plocc-2024-seminars,0
https://www.bangor.ac.uk/plocc/thematic-groups,0
https://www.bangor.ac.uk/plocc/plocc-2023-seminars,0
https://www.bangor.ac.uk/plocc/plocc-2021-seminars,0
https://www.bangor.ac.uk/plocc/plocc-2022-seminars,0
https://www.bangor.ac.uk/plocc/staff,0
https://www.bangor.ac.uk/plocc/net-zero-event,0
https://www.bangor.ac.uk/plocc/plocc-2025-seminars,0
https://www.bangor.ac.uk/plocc/case-studies,0
http://research-centre-wales.sites.bangor.ac.uk/events,0
http://research-centre-wales.sites.bangor.ac.uk/about.php.en,0
http://research-centre-wales.sites.bangor.ac.uk/partners.php.en,0
http://research-centre-wales.sites.bangor.ac.uk/study.php.en,0
http://research-centre-wales.sites.bangor.ac.uk/contact.php.en,0
https://www.bangor.ac.uk/arts-humanities-and-business/index.php.en,0
http://research-centre-wales.sites.bangor.ac.uk/news,0
http://research-centre-wales.sites.bangor.ac.uk/research.php.en,0
http://research-centre-wales.sites.bangor.ac.uk/news/response-to-the-reid-report-on-research-and-innovation-37082,0
http://research-centre-wales.sites.bangor.ac.uk/conference/index.php.en,0
http://research-centre-wales.sites.bangor.ac.uk/conference/accommodation.php.en,0
http://research-centre-wales.sites.bangor.ac.uk/mail-list.php.en,0
http://research-centre-wales.sites.bangor.ac.uk/people.php.en,0
http://research-centre-wales.sites.bangor.ac.uk/conference/programme.php.en,0
http://research-centre-wales.sites.bangor.ac.uk/conference/register.php.en,0
https://www.bangor.ac.uk/stephen-colclough-centre/owen-pritchard,0
https://www.bangor.ac.uk/stephen-colclough-centre/shankland-lectures-2017,0
https://www.bangor.ac.uk/stephen-colclough-centre,0
https://www.bangor.ac.uk/stephen-colclough-centre/shankland-lectures-2024,0
https://www.bangor.ac.uk/brn2022,0
https://www.bangor.ac.uk/stephen-colclough-centre/shankland-lectures-2021,0
https://www.bangor.ac.uk/stephen-colclough-centre/news/the-call-of-cthulhu-available-in-welsh,0
https://www.bangor.ac.uk/stephen-colclough-centre/miracles-of-the-b-virgin,0
https://www.bangor.ac.uk/stephen-colclough-centre/shankland-lectures-2023,0
https://www.bangor.ac.uk/stephen-colclough-centre/brn2024,0
https://www.bangor.ac.uk/stephen-colclough-centre/shankland-lecture-series-2015,0
https://www.bangor.ac.uk/stephen-colclough-centre/triplets,0
https://www.bangor.ac.uk/stephen-colclough-centre/brn2023,0
https://www.bangor.ac.uk/cy/canolfan-stephen-colclough,0
https://www.bangor.ac.uk/stephen-colclough-centre/the-christmas-day-murder-1909,0
https://www.bangor.ac.uk/stephen-colclough-centre/shankland-lecture-series-2016,0
https://www.bangor.ac.uk/stephen-colclough-centre/shankland-lectures-2020,0
https://www.bangor.ac.uk/bilingualism-centre/focus,0
https://www.bangor.ac.uk/educational-sciences,0
https://www.bangor.ac.uk/cy/canolfan-dwyieithrwydd,0
https://www.bangor.ac.uk/bilingualism-centre/people,0
http://environmental-biotechnology.bangor.ac.uk/news.php.en,0
http://environmental-biotechnology.bangor.ac.uk/publications.php.en,0
http://environmental-biotechnology.bangor.ac.uk/facilities.php.en,0
http://environmental-biotechnology.bangor.ac.uk/team.php.en,0
http://environmental-biotechnology.bangor.ac.uk/related-projects.php.en,0
http://environmental-biotechnology.bangor.ac.uk/objectives.php.en,0
http://environmental-biotechnology.bangor.ac.uk/ceb-in-media.php.en,0
http://environmental-biotechnology.bangor.ac.uk/index.php.cy,0
http://environmental-biotechnology.bangor.ac.uk/contact.php.en,0
http://environmental-biotechnology.bangor.ac.uk/postgrad-projects.php.en,0
http://environmental-biotechnology.bangor.ac.uk/cross-cutting-themes.php.en,0
http://wcccn.bangor.ac.uk/case-studies.php.en,0
http://wcccn.bangor.ac.uk/index.php.en,0
http://wcccn.bangor.ac.uk/contact-us.php.en,0
http://wcccn.bangor.ac.uk/facilities.php.en,0
https://www.bangor.ac.uk/iahp/research,0
https://www.bangor.ac.uk/iahp/people,0
https://www.bangor.ac.uk/news?news_category=1661,0
https://www.bangor.ac.uk/news/2021-10-05-student-receives-award-as-part-of-the-coleg-cymraegs-tenth-anniversary,0
https://www.bangor.ac.uk/news/2020-11-07-equality-diversity-scholarships-202021-awarded,0
https://www.bangor.ac.uk/news/2021-09-15-bangor-university-students-awarded-prestigious-drapers-company-medals,0
https://www.bangor.ac.uk/news/2020-10-09-bangor-entrepreneur-walks-away-with-judges-award-from-santander-universities,0
https://www.bangor.ac.uk/news/2021-03-10-bangor-young-entrepreneur-puts-words-into-action-with-public-speaking-venture,0
https://www.bangor.ac.uk/news/2021-02-16-the-coleg-cymraeg-appoints-new-higher-education-ambassadors-from-bangor-university,0
https://www.bangor.ac.uk/news/2021-07-29-student-makes-an-impact-with-vital-vitamin-campaign,0
https://www.bangor.ac.uk/news/2020-09-18-twenty-years-on-mum-of-six-achieves-her-dream-to-become-a-nurse,0
https://www.bangor.ac.uk/news/2021-06-18-composer-to-take-inspiration-from-wildlife,0
https://www.bangor.ac.uk/news/2020-12-10-bangor-university-zoology-alumnus-to-share-his-passion-for-conservation-in-a,0
https://www.bangor.ac.uk/news/2021-05-14-bangors-elite-athletes-awarded-sports-scholarships,0
https://www.bangor.ac.uk/news/2020-08-18-statement-a-level-results-and-use-of-centre-assessed-grades,0
https://www.bangor.ac.uk/news/www.garethjones.tv/nofioadre.html,0
https://www.bangor.ac.uk/news/2020-07-16-students-rewarded-for-supporting-their-peers,0
https://www.bangor.ac.uk/news/2020-07-23-teenage-friends-praised-for-immense-bravery-in-sea-rescue,0
https://www.bangor.ac.uk/news/2020-07-10-bangor-universitys-clubs-societies-placed-second-in-whatunicom-awards-2020,0
https://www.bangor.ac.uk/courses/postgraduate-taught/publishing-and-book-culture-ma,0
https://www.bangor.ac.uk/courses/undergraduate/wpq0-creative-studies,0
https://www.bangor.ac.uk/courses/undergraduate/w890-creative-and-professional-writing,0
https://www.bangor.ac.uk/cy/courses?level_of_study=pgt_course&page=2&term=,0
https://www.bangor.ac.uk/cy/courses?level_of_study=pgt_course&page=5&term=,0
https://www.bangor.ac.uk/cy/courses?level_of_study=pgt_course&page=7&term=,0
https://www.bangor.ac.uk/cy/courses?level_of_study=pgt_course&page=4&term=,0
https://www.bangor.ac.uk/cy/courses?level_of_study=pgt_course&page=6&term=,0
https://www.bangor.ac.uk/cy/courses?level_of_study=pgt_course&page=0&term=,0
https://www.bangor.ac.uk/cy/courses?level_of_study=pgt_course&page=3&term=,0
https://www.bangor.ac.uk/cy/courses?level_of_study=pgt_course&page=1&term=,0
