url,status_code
https://www.bath.ac.uk/,200
https://www.bath.ac.uk/services/sign-up-to-our-community-newsletter,200
https://www.bath.ac.uk/topics/sustainable-bath/,200
https://www.bath.ac.uk/corporate-information/university-of-bath-wechat/,200
https://www.bath.ac.uk/campaigns/knowledge-transfer-partnerships/,200
https://www.bath.ac.uk/topics/media-centre/,200
https://www.bath.ac.uk/announcements/new-drug-detection-device-licensed-to-bring-rapid-protection-against-dangerous-street-drugs,200
https://www.bath.ac.uk/topics/undergraduate-scholarships-bursaries-and-other-funding/,200
https://www.bath.ac.uk/campaigns/improve-your-employability-with-a-bath-placement,200
https://www.bath.ac.uk/corporate-information/privacy-and-cookie-policy/,200
https://www.bath.ac.uk/guides/careers-support-for-international-students/,200
https://www.bath.ac.uk/departments/,200
https://www.bath.ac.uk/topics/taught-postgraduate-scholarships-bursaries-and-other-funding/,200
https://www.bath.ac.uk/corporate-information/website-accessibility-statement/,200
https://www.bath.ac.uk/announcements/paternity-allowance-six-weeks-for-selfemployed-and-worker-dads-could-create-3-billion-in-benefits,200
https://www.bath.ac.uk/research-facilities/research-infrastructure-and-facilities/,200
https://www.bath.ac.uk/jobs/vacancies.aspx?cat=391,200
https://www.bath.ac.uk/events/?f.Audience%7CZ=Public&f.Type%7CY=Lectures+and+seminars&f.Type%7CY=Conferences&f.Type%7CY=Courses+and+workshops&f.Type%7CY=Local+interest&f.Type%7CY=Open+days+and+tours&f.Type%7CY=Culture,403
https://www.bath.ac.uk/campaigns/undergraduate-prospectus-2027,200
https://www.bath.ac.uk/professional-services/enterprise-and-entrepreneurship,200
https://www.bath.ac.uk/corporate-information/driving-high-impact-research/,200
https://www.bath.ac.uk/corporate-information/modern-slavery-and-human-trafficking-statement/,200
https://www.bath.ac.uk/jobs/display.aspx?id=1091&pid=221,200
https://www.bath.ac.uk/announcements/new-research-brings-hope-for-earlier-detection-of-pre-eclampsia,200
https://www.bath.ac.uk/jobs/,200
https://www.bath.ac.uk/topics/research-with-impact,200
https://www.bath.ac.uk/corporate-information/copyright/,200
https://www.bath.ac.uk/topics/enterprise-and-entrepreneurship/,200
https://www.bath.ac.uk/campaigns/student-engagement-employability-and-recruitment,200
https://www.bath.ac.uk/jobs/vacancies.aspx?cat=393,200
https://www.bath.ac.uk/topics/research/,200
https://www.bath.ac.uk/corporate-information/disclaimer/,200
https://www.bath.ac.uk/students/,200
https://www.bath.ac.uk/announcements/university-of-bath-and-study-group-announce-partnership-to-support-access-for-international-students,200
https://www.bath.ac.uk/corporate-information/rankings-and-reputation/,200
https://www.bath.ac.uk/topics/our-place-in-the-community/,200
https://www.bath.ac.uk/professional-services/enterprise-and-entrepreneurship/,200
https://www.bath.ac.uk/jobs/vacancies.aspx?cat=394,200
https://www.bath.ac.uk/teams/freedom-of-information/,200
https://www.bath.ac.uk/sport,200
https://www.bath.ac.uk/corporate-information/transparency-information/,200
https://www.bath.ac.uk/courses/,200
https://www.bath.ac.uk/professional-services/alumni-and-friends/,200
https://www.bath.ac.uk/jobs/vacancies.aspx?cat=392,200
https://www.bath.ac.uk/announcements/professor-julie-barnett-elected-to-fellowship-of-the-academy-of-social-sciences,200
https://www.bath.ac.uk/campaigns/masters-prospectus-2026,200
https://www.bath.ac.uk/topics/about-the-university/,200
https://www.bath.ac.uk/staff/,200
https://www.bath.ac.uk/services/sign-up-to-our-community-newsletter/,200
https://www.bath.ac.uk/services/?f.Department+or+group%7CX=University+of+Bath,403
https://www.bath.ac.uk/guides/working-sustainably/,200
https://www.bath.ac.uk/campaigns/working-towards-net-zero/,200
https://www.bath.ac.uk/campaigns/partnerships-for-a-sustainable-future,200
https://unihub.bath.ac.uk/s/myfuture/infoPages/detail/288/careers-in-and-around-sustaina,200
http://go.bath.ac.uk/sustainability-hub,200
https://www.bath.ac.uk/campaigns/education-for-sustainability,200
https://reslife.bath.ac.uk/event/33774528/sustainable-style-swap/2026-03-12,404
https://www.bath.ac.uk/topics/sustainable-research-guidance-and-resources/,200
https://www.bath.ac.uk/campaigns/take-a-carbon-literacy-course/,200
https://www.bath.ac.uk/campaigns/introduction-to-climate-change/,200
https://search.bath.ac.uk/s/search.html?collection=bath~sp-cms-production-events&meta_label_and=sustainablebath,403
https://www.bath.ac.uk/campaigns/get-involved-with-sustainability-as-a-member-of-staff,200
https://www.bath.ac.uk/publications/sustainability-survey-results,200
https://www.bath.ac.uk/campaigns/design-your-research-for-sustainability/,200
https://www.bath.ac.uk/campaigns/what-is-sustainability/,200
https://www.bath.ac.uk/guides/hosting-sustainable-events/,200
https://www.bath.ac.uk/campaigns/working-towards-net-zero,200
https://www.bath.ac.uk/campaigns/develop-your-sustainability-knowledge-and-skills/,200
https://www.bath.ac.uk/campaigns/money-for-good/,200
https://www.bath.ac.uk/campaigns/our-nature-positive-campus,200
https://www.bath.ac.uk/announcements/one-young-world-bath-2026-to-celebrate-long-partnership-with-honorary-degree,200
https://www.bath.ac.uk/publications/student-guide-to-living-sustainably/,200
https://www.bath.ac.uk/corporate-information/signposting-to-the-universitys-sustainability-rankings-information/,200
https://www.bath.ac.uk/announcements/new-technology-could-use-sunlight-to-break-down-forever-chemicals,200
https://www.bath.ac.uk/corporate-information/our-university-carbon-footprint/,200
https://www.bath.ac.uk/campaigns/get-involved-with-sustainability-as-a-student,200
https://www.bath.ac.uk/legal-information/sustainability-policy/,200
https://search.bath.ac.uk/s/search.html?collection=bath~sp-cms-production-announcements&meta_label_and=sustainablebath,403
https://blogs.bath.ac.uk/sustainable-bath/,403
https://www.bath.ac.uk/guides/making-your-international-travel-sustainable/,200
https://www.bath.ac.uk/publications/annual-sustainability-reports/,200
https://www.bath.ac.uk/announcements/pioneering-ai-tool-predicts-building-emissions-from-simple-text-descriptions,200
https://www.bath.ac.uk/announcements/hairdressers-could-be-a-secret-weapon-in-tackling-climate-change-new-research-finds,200
https://www.bath.ac.uk/campaigns/a-sustainable-food-commitment/,200
https://www.bath.ac.uk/guides/active-travel/,200
https://www.bath.ac.uk/events/one-young-world-bath-2026,200
https://www.bath.ac.uk/campaigns/funding-for-conducting-research-sustainably/,200
https://www.bath.ac.uk/guides/commuting-sustainably,200
https://www.bath.ac.uk/campaigns/people-positive-sustainability/,200
https://www.bath.ac.uk/campaigns/money-for-good,200
https://www.bath.ac.uk/campaigns/people-positive-sustainability,200
https://www.bath.ac.uk/campaigns/be-a-leader-in-sustainability/,200
https://www.bath.ac.uk/campaigns/sharing-knowledge-for-sustainable-enterprise,200
https://www.bath.ac.uk/guides/commuting-sustainably/,200
https://www.bath.ac.uk/campaigns/green-impact/,200
https://www.bath.ac.uk/events/introduction-to-sustainability-at-bath,200
https://www.bath.ac.uk/legal-information/university-of-bath-climate-action-framework-principles/,200
https://www.bath.ac.uk/campaigns/get-involved-with-sustainability-as-a-member-of-staff/,200
https://www.bath.ac.uk/teams/climate-advocates/,200
https://www.bath.ac.uk/campaigns/our-nature-positive-campus/,200
https://blogs.bath.ac.uk/sustainable-bath/2026/03/03/meet-the-prize-winners-of-the-2025-26-sustainability-survey/,403
https://www.bath.ac.uk/campaigns/spread-the-word-for-a-sustainable-future/,200
https://www.bath.ac.uk/campaigns/sustainability-research-with-real-world-impact,200
https://www.bath.ac.uk/campaigns/leave-no-trace,200
https://www.bath.ac.uk/events/introduction-to-lab-sustainability-and-leaf,200
https://www.bath.ac.uk/campaigns/get-involved-with-sustainability-as-a-student/,200
https://www.bath.ac.uk/campaigns/take-action-for-sustainability-in-your-lab,200
https://www.bath.ac.uk/campaigns/introduction-to-lab-sustainability-leaf/,200
https://www.bath.ac.uk/campaigns/buy-less-buy-better,200
https://www.bath.ac.uk/campaigns/introduction-to-sustainability-at-bath/,200
https://www.bath.ac.uk/teams/sustainability-team/,200
https://www.bath.ac.uk/corporate-information/research-bath-external-newsletter/,200
http://www.bath.ac.uk/guides/pure-user-guides/,200
https://www.bath.ac.uk/announcements/university-awarded-new-ktp-to-develop-software-for-knee-replacement-surgeries/,200
https://www.bath.ac.uk/professional-services/research-and-impact-services-ris/,200
https://ethics.bath.ac.uk/ActivityForm/Index,200
https://www.bath.ac.uk/announcements/university-of-bath-works-with-zeroavia-on-retrofitting-turboprop-aircraft-with-zero-emission-engines/,200
https://www.bath.ac.uk/announcements/university-of-bath-to-partner-with-marine-networking-technology-specialist-actisense/,200
https://www.bath.ac.uk/announcements/innovate-uk-rates-university-of-bath-partnership-with-pharma-supplier-bathasu-as-outstanding/,200
https://www.bath.ac.uk/announcements/innovate-uk-awards-university-ktp-with-mayden-outstanding/,200
https://www.bath.ac.uk/announcements/university-ktp-with-niftylift-awarded-outstanding/,200
https://www.bath.ac.uk/publications/management-knowledge-transfer-partnerships-mktps/,200
https://www.bath.ac.uk/services/worktribe-contracts-system/,200
http://www.bath.ac.uk/events/?f.Department+or+group%7CX=Research+and+Impact+Services,403
https://www.bath.ac.uk/guides/how-research-and-innovation-services-can-help-new-academic-staff/,404
https://www.bath.ac.uk/announcements/?f.Department+or+group%7CX=Research+and+Impact+Services,403
https://blogs.bath.ac.uk/pvc-research/,403
https://www.bath.ac.uk/announcements/university-awarded-new-management-ktp-with-stl-tech/,200
https://www.bath.ac.uk/announcements/university-awarded-new-ktp-with-chipside-ltd-to-develop-ai-analysis-of-driver-behaviour/,200
https://www.bath.ac.uk/announcements/new-university-ktp-with-iomosaic/,200
https://www.bath.ac.uk/professional-services/research-innovation-services-ris/,404
https://researchportal.bath.ac.uk/en/equipments/,403
https://www.bath.ac.uk/announcements/funding-opportunities-under-demand-management/,200
https://www.bath.ac.uk/guides/using-our-proposal-to-award-management-pam-system/,200
https://www.bath.ac.uk/guides/how-research-and-impact-services-can-help-you/,200
https://www.bath.ac.uk/announcements/university-of-bath-to-help-specialist-engineering-design-consultancy-tensys/,200
https://www.bath.ac.uk/forms/research-and-impact-services-ris-feedback/,200
https://www.bath.ac.uk/guides/research-and-impact-services-event-recordings.bho/,200
https://www.bath.ac.uk/announcements/two-university-of-bath-knowledge-transfer-partnerships-reach-finals-of-national-ktp-awards/,200
https://www.bath.ac.uk/announcements/university-ktp-with-oil-and-gas-measurement-ltd-awarded-outstanding/,200
https://www.bath.ac.uk/announcements/university-of-bath-to-work-with-k2-corporate-mobility-on-sustainable-relocation-packages/,200
https://blogs.bath.ac.uk/knowledge-exchange-and-research-impact/,403
https://www.bath.ac.uk/services/research-professional/,200
https://researchportal.bath.ac.uk/,200
https://www.bath.ac.uk/teams/digital-technology-academic-experts,200
https://www.bath.ac.uk/teams/communications-department/,200
https://www.bath.ac.uk/announcements/bath-student-wins-at-europes-largest-student-hackathon,200
https://www.bath.ac.uk/teams/communications-team/,404
https://www.bath.ac.uk/announcements/chemically-stapled-peptides-used-to-target-difficult-to-treat-cancers,200
https://www.bath.ac.uk/professional-services/communications-engagement/,200
http://www.bath.ac.uk/announcements/?f.Type%7CY=Press+release,403
https://www.bath.ac.uk/guides/advice-for-journalists/,200
https://www.bath.ac.uk/announcements/?f.Department+or+group%7CX=Communications,403
https://www.bath.ac.uk/announcements/new-drug-detection-device-licensed-to-bring-rapid-protection-against-dangerous-street-drugs/,200
https://www.bath.ac.uk/announcements/major-chemistry-award-for-team-behind-technology-that-saves-lives-by-detecting-illicit-drugs/,200
https://www.bath.ac.uk/professional-services/communications-engagement,200
https://researchportal.bath.ac.uk/en/persons/christopher-pudney/,200
https://www.bath.ac.uk/guides/additional-support-and-funding-for-care-leavers-foyer-residents-and-estranged-students/,200
https://www.bath.ac.uk/guides/students-with-caring-responsibilities/,200
https://www.bath.ac.uk/campaigns/short-term-loans,200
https://www.bath.ac.uk/campaigns/external-scholarships,200
https://www.bath.ac.uk/guides/the-bath-bursary/,200
https://www.bath.ac.uk/corporate-information/additional-funding-and-financial-assistance-for-international-students,200
https://www.bath.ac.uk/guides/2025-26-undergraduate-scholarship-and-bursary-payment-dates-for-september-2024-entrants-and-onwards/,200
https://www.bath.ac.uk/corporate-information/tuition-fees-for-undergraduate-students-who-started-in-2022/,200
https://www.bath.ac.uk/guides/the-placement-bursary,200
https://www.bath.ac.uk/campaigns/santander-scholarship,200
https://www.bath.ac.uk/guides/applying-for-the-university-of-bath-financial-support-fund,200
https://www.bath.ac.uk/guides/financial-support-for-refugees,200
https://www.bath.ac.uk/guides/bath-international-excellence-scholarship/,200
https://www.bath.ac.uk/guides/the-gold-scholarship-programme/,200
https://www.bath.ac.uk/topics/tuition-fees/,200
https://www.bath.ac.uk/campaigns/find-funding-for-doctoral-research/,200
https://www.bath.ac.uk/guides/the-bath-bursary,200
https://www.bath.ac.uk/corporate-information/additional-funding-and-financial-assistance-for-international-students/,200
https://www.bath.ac.uk/publications/undergraduate-bursary-and-scholarship-terms-and-conditions-2025-26/,200
https://www.bath.ac.uk/guides/additional-support-and-funding-for-care-leavers-foyer-residents-and-estranged-students,200
https://www.bath.ac.uk/guides/applying-for-the-university-of-bath-financial-support-fund/,200
https://www.bath.ac.uk/corporate-information/tuition-fees-for-undergraduate-students-who-started-in-2025/,200
https://www.bath.ac.uk/professional-services/student-money-advice/,200
https://www.bath.ac.uk/publications/undergraduate-bursary-and-scholarship-terms-and-conditions-2026-27,200
https://www.bath.ac.uk/corporate-information/what-your-tuition-fees-pay-for/,200
https://www.bath.ac.uk/guides/students-with-caring-responsibilities,200
https://www.bath.ac.uk/guides/the-claverton-scholarship-programme,200
https://www.bath.ac.uk/campaigns/considering-the-cost-of-studying-at-university,200
https://www.bath.ac.uk/guides/applicant-travel-bursaries,200
https://www.bath.ac.uk/guides/money-advice-for-international-and-eu-students/,200
https://www.bath.ac.uk/guides/cost-of-living-advice-and-support-for-students,200
https://www.bath.ac.uk/guides/bath-international-excellence-scholarship,200
https://www.bath.ac.uk/campaigns/ab-inbev-scholarship,200
https://www.bath.ac.uk/campaigns/external-scholarships/,200
https://www.bath.ac.uk/guides/student-loans-for-undergraduate-courses,200
https://www.bath.ac.uk/guides/arts-scholarships/,200
https://www.bath.ac.uk/topics/courses/,200
https://www.bath.ac.uk/teams/student-finance-office/,200
https://www.bath.ac.uk/guides/funding-for-students-studying-the-bath-mpharm-at-the-university-of-plymouth,200
https://www.bath.ac.uk/guides/applicant-travel-bursaries/,200
https://www.bath.ac.uk/guides/the-gold-scholarship-programme,200
https://www.bath.ac.uk/guides/arts-scholarships,200
https://www.bath.ac.uk/guides/the-accommodation-bursary/,200
https://www.bath.ac.uk/legal-information/historic-undergraduate-bursary-and-scholarship-terms-and-conditions,200
https://www.bath.ac.uk/guides/the-accommodation-bursary,200
https://www.bath.ac.uk/guides/funding-for-students-studying-the-bath-mpharm-at-the-university-of-plymouth/,200
https://www.bath.ac.uk/corporate-information/tuition-fees-for-undergraduate-students-starting-in-2026/,200
https://www.bath.ac.uk/corporate-information/tuition-fees-for-undergraduate-students-who-started-in-2024/,200
https://www.bath.ac.uk/guides/undergraduate-scholarship-and-bursary-payment-dates-if-you-commenced-your-studies-before-2024/,200
https://www.bath.ac.uk/legal-information/historic-undergraduate-bursary-and-scholarship-terms-and-conditions/,200
https://www.bath.ac.uk/guides/2025-26-undergraduate-scholarship-and-bursary-payment-dates-for-september-2024-entrants-and-onwards,200
https://www.bath.ac.uk/guides/managing-your-money,200
https://www.bath.ac.uk/corporate-information/tuition-fees-for-undergraduate-students-who-started-in-2023/,200
https://www.bath.ac.uk/guides/understanding-your-tuition-fee-status/,200
https://www.bath.ac.uk/guides/paying-your-tuition-fees/,200
https://www.bath.ac.uk/campaigns/blackbullion,200
https://www.bath.ac.uk/guides/the-placement-bursary/,200
https://www.bath.ac.uk/guides/financial-support-for-refugees/,200
https://www.bath.ac.uk/guides/undergraduate-scholarship-and-bursary-payment-dates-if-you-commenced-your-studies-before-2024,200
http://www.bath.ac.uk/courses/search/?sort=metat&sort=metat&&sort=&f.Type+of+course%7CC=undergraduate&f.Includes+placement+or+internship%7CV=Yes,403
https://www.bath.ac.uk/topics/undergraduate-study-2026/,200
https://www.bath.ac.uk/courses,200
http://blogs.bath.ac.uk/students/category/placements/,403
https://www.bath.ac.uk/campaigns/studying-abroad-as-part-of-your-undergraduate-degree/,200
https://www.bath.ac.uk/case-studies/taking-on-the-challenge-of-two-different-roles/,200
https://www.bath.ac.uk/campaigns/improve-your-employability-with-a-bath-placement/,200
https://www.bath.ac.uk/topics/taught-postgraduate-study/,200
https://www.bath.ac.uk/topics/postgraduate-research/,200
https://www.bath.ac.uk/topics/undergraduate-study-2027/,200
https://www.bath.ac.uk/topics/studying-at-bath-as-an-international-student/,200
https://www.bath.ac.uk/corporate-information/data-protection-act/,200
https://www.bath.ac.uk/legal-information/privacy-and-cookie-policy/,200
https://www.bath.ac.uk/guides/working-with-your-student-visa/,200
https://www.bath.ac.uk/guides/careers-strategy/,200
https://unihub.bath.ac.uk/s/myfuture/workflows/detail/23,200
https://www.bath.ac.uk/guides/careers-advice-for-staff/,200
https://www.bath.ac.uk/topics/visas/index.html,200
http://blogs.bath.ac.uk/careers/,403
https://unihub.bath.ac.uk/s/myfuture,200
https://www.bath.ac.uk/services/myfuture,200
https://www.bath.ac.uk/guides/what-do-first-degree-bath-graduates-do/,200
https://www.bath.ac.uk/guides/equality-diversity-and-your-career-lgbt-students/,200
https://www.bath.ac.uk/guides/careers-information-for-prospective-students/,200
https://www.bath.ac.uk/professional-services/wellbeing-service/,200
https://www.bath.ac.uk/campaigns/go-further-in-your-career-with-a-masters-at-bath/,200
https://www.bath.ac.uk/locations/careers-centre/,200
https://www.bath.ac.uk/guides/how-to-get-help-from-careers,200
https://www.bath.ac.uk/guides/get-cv-feedback-and-applications-advice,200
https://www.bath.ac.uk/topics/work-experience-opportunities-for-current-students/,200
https://www.bath.ac.uk/guides/equality-diversity-and-your-career-gender/,200
https://www.bath.ac.uk/guides/careers-events-and-fairs/,200
https://www.bath.ac.uk/guides/equality-diversity-and-your-career-social-mobility/,200
https://www.bath.ac.uk/guides/academic-skills-support/,200
https://www.bath.ac.uk/guides/careers-information-for-bath-graduates/,200
https://www.bath.ac.uk/guides/careers-information-for-graduating-students,200
https://www.bath.ac.uk/guides/equality-diversity-and-your-career-disabled-students/,200
https://www.bath.ac.uk/teams/student-immigration-service/,200
https://www.bath.ac.uk/professional-services/careers/,200
https://www.bath.ac.uk/guides/get-careers-advice,200
https://unihub.bath.ac.uk/s/myfuture/workflows/Detail/136,200
https://www.bath.ac.uk/guides/equality-diversity-and-your-career/,200
https://www.bath.ac.uk/guides/drop-in-and-other-1-1-support-from-careers,200
https://www.bath.ac.uk/campaigns/myfuture/,200
https://www.bath.ac.uk/announcements/careers-planned-closures/,200
https://www.bath.ac.uk/guides/your-visit-to-the-careers-centre/,200
https://www.bath.ac.uk/guides/careers-support-for-changing-or-leaving-your-course/,200
https://www.bath.ac.uk/guides/information-for-staff-on-services-offered-by-careers/,200
https://www.bath.ac.uk/guides/how-to-get-help-from-careers/,200
https://www.bath.ac.uk/guides/equality-diversity-and-your-career-race-and-ethnicity/,200
https://www.bath.ac.uk/guides/equality-diversity-and-your-career-mature-students/,200
https://www.bath.ac.uk/guides/careers-support-for-student-apprentices,200
https://www.bath.ac.uk/topics/employing-our-students/,200
https://www.bath.ac.uk/announcements/careers-quiet-hour/,200
https://www.bath.ac.uk/professional-services/skills-centre/,200
https://www.bath.ac.uk/guides/graduate-outcomes-information-for-staff/,200
https://www.bath.ac.uk/departments/faculties-and-school/,200
https://search.bath.ac.uk/s/search.html?collection=bath~sp-cms-production-teams,403
http://www.bath.ac.uk/topics/departments,200
https://www.bath.ac.uk/campaigns/research-institutes/,200
https://www.bath.ac.uk/corporate-information/research-centres-and-groups,200
https://www.bath.ac.uk/departments/services-and-facilities/,200
https://www.bath.ac.uk/departments/doctoral-college/,200
https://www.bath.ac.uk/guides/contacting-the-university/,200
https://www.bath.ac.uk/departments/professional-services-and-offices/,200
https://www.bath.ac.uk/campaigns/research-institutes,200
https://www.bath.ac.uk/guides/money-advice-for-postgraduate-students/,200
https://www.bath.ac.uk/campaigns/higher-education-scholarships-for-palestinians-hespal,200
https://www.bath.ac.uk/campaigns/great-scholarships-2026,200
https://www.bath.ac.uk/corporate-information/faculty-of-science-taught-postgraduate-tuition-fees-2024-25/,200
https://www.bath.ac.uk/publications/terms-and-conditions-for-taught-postgraduate-masters-bath-merit-scholarships-2026-27,200
https://www.bath.ac.uk/campaigns/alumni-discount-on-postgraduate-tuition-fees,200
https://www.bath.ac.uk/topics/undergraduate-scholarships-bursaries-and-other-funding,200
https://www.bath.ac.uk/publications/terms-and-conditions-for-taught-postgraduate-masters-scholarships-2026-27,200
https://www.bath.ac.uk/campaigns/bath-global-excellence-scholarship,200
https://www.bath.ac.uk/guides/funding-and-loans-for-canadian-students-studying-in-the-uk,200
https://www.bath.ac.uk/guides/funding-and-loans-for-us-students-studying-in-the-uk,200
http://www.bath.ac.uk/corporate-information/?meta_label_and=taughtpostgraduate&meta_label_and=previousfees&start_rank=1,403
https://mba.bath.ac.uk/funding-and-scholarships/,200
https://www.bath.ac.uk/campaigns/british-council-scholarships-for-women-in-stem,200
https://www.bath.ac.uk/campaigns/diamond-scholarship,200
https://www.bath.ac.uk/campaigns/sanctuary-scholarship,200
https://www.bath.ac.uk/services/alternative-funding-options,200
https://www.bath.ac.uk/guides/applying-for-the-university-of-bath-hardship-fund,404
https://www.bath.ac.uk/corporate-information/faculty-of-engineering-design-taught-postgraduate-tuition-fees-2024-25/,200
https://www.bath.ac.uk/campaigns/start-your-research-career-in-mathematics-with-our-pathway-to-research-scheme,200
https://www.bath.ac.uk/corporate-information/school-of-management-msc-funding-and-scholarships,200
https://www.bath.ac.uk/campaigns/frank-wallace-scholarship,200
https://www.bath.ac.uk/campaigns/bath-merit-scholarships,200
https://www.bath.ac.uk/corporate-information/international-sponsorship-and-scholarship-opportunities/,200
https://www.bath.ac.uk/campaigns/short-term-loans/,200
https://www.bath.ac.uk/corporate-information/school-of-management-taught-postgraduate-tuition-fees-2024-25/,200
https://www.bath.ac.uk/campaigns/staff-discount-on-postgraduate-tuition-fees,200
https://www.bath.ac.uk/campaigns/postgraduate-masters-loans,200
https://www.bath.ac.uk/campaigns/cma-cgm-excellence-fund-for-education,200
https://www.bath.ac.uk/corporate-information/faculty-of-humanities-social-sciences-taught-postgraduate-tuition-fees-2024-25/,200
https://www.bath.ac.uk/legal-information/website-accessibility-statement/,200
https://www.bath.ac.uk/publications/council-meeting-minutes-for-the-2016-17-academic-year/,200
https://www.bath.ac.uk/lens-design-system/,200
https://www.bath.ac.uk/publications/accessibility-test-reports-for-the-university-of-bath-website-bath-ac-uk/,200
https://www.bath.ac.uk/forms/report-an-accessibility-issue/,200
https://www.bath.ac.uk/announcements/paternity-allowance-six-weeks-for-selfemployed-and-worker-dads-could-create-3-billion-in-benefits/,200
https://www.bath.ac.uk/publications/paternity-allowance-six-weeks-for-self-employed-and-worker-dads/,200
https://www.bath.ac.uk/announcements/six-weeks-for-dads-new-report-calls-for-overhaul-of-uk-paternity-leave-offer/,200
https://www.bath.ac.uk/research-institutes/institute-for-policy-research/,200
https://www.bath.ac.uk/teams/imaging-facility-team/,200
https://www.bath.ac.uk/guides/accessing-core-research-facility-equipment-as-an-external-client/,200
https://www.bath.ac.uk/campaigns/use-our-core-research-facilities-as-an-academic/,200
https://www.bath.ac.uk/services/research-equipment-sharing-database/,200
https://www.bath.ac.uk/research-facilities/imaging-facility/,200
https://www.bath.ac.uk/research-facilities/physical-structure-characterisation-facility/,200
https://www.bath.ac.uk/campaigns/use-our-core-research-facilities-as-a-student/,200
https://www.bath.ac.uk/guides/booking-core-research-facility-equipment-as-an-academic/,200
https://www.bath.ac.uk/teams/chemical-characterisation-facility-team/,200
https://www.bath.ac.uk/research-facilities/chemical-characterisation-facility/,200
https://www.bath.ac.uk/events/?f.Department+or+group|X=Research+Infrastructure+and+Facilities,403
https://www.bath.ac.uk/research-facilities/biotechnology-facility/,200
https://www.bath.ac.uk/announcements/?f.Department+or+group|X=Research+Infrastructure+and+Facilities,403
https://www.bath.ac.uk/topics/animal-research/,200
https://www.bath.ac.uk/campaigns/use-our-core-research-facilities-as-a-student,200
https://www.bath.ac.uk/campaigns/use-our-core-research-facilities-as-an-academic,200
https://www.bath.ac.uk/profiles/?f.Department+or+group%7CX=Biotechnology+Facility,403
https://www.bath.ac.uk/teams/research-infrastructure-and-facilities-team/,200
https://www.bath.ac.uk/teams/advanced-fabrication-facility-team/,200
https://www.bath.ac.uk/teams/physical-structure-characterisation-facility-team/,200
https://www.bath.ac.uk/campaigns/use-our-core-research-facilities-for-your-business-and-research,200
https://www.bath.ac.uk/research-centres/centre-for-integrated-materials-processes-structures/,200
https://www.bath.ac.uk/campaigns/use-our-core-research-facilities-for-your-business-and-research/,200
https://www.bath.ac.uk/services/ulab/,200
https://www.bath.ac.uk/guides/booking-core-research-facilities-equipment-as-a-student/,200
https://www.bath.ac.uk/research-facilities/advanced-fabrication-facility/,200
https://www.bath.ac.uk/research-facilities/buildings-test-facility/,200
https://www.bath.ac.uk/jobs/Vacancy.aspx?ref=KD13433,200
https://www.bath.ac.uk/jobs/Vacancy.aspx?ref=KP13404,200
https://www.bath.ac.uk/jobs/Vacancy.aspx?ref=KP13339,200
https://www.bath.ac.uk/jobs/Vacancy.aspx?ref=GTFSL,200
https://www.bath.ac.uk/jobs/display.aspx?id=1936&pid=0&tabId=218,200
https://www.bath.ac.uk/jobs/Terms,200
https://www.bath.ac.uk/jobs/display.aspx?id=1956&pid=0&tabId=218,200
https://www.bath.ac.uk/jobs/Vacancy.aspx?ref=8288,200
https://www.bath.ac.uk/jobs/Vacancy.aspx?ref=GTFP,200
https://www.bath.ac.uk/jobs/professionalservices,200
https://www.bath.ac.uk/jobs/Vacancy.aspx?ref=GTFR,200
https://www.bath.ac.uk/jobs/Subs/,200
https://www.bath.ac.uk/jobs/display.aspx?id=1923&pid=0&tabId=218,200
https://www.bath.ac.uk/jobs/Vacancy.aspx?ref=KP13466,200
https://www.bath.ac.uk/jobs/display.aspx?id=1929&pid=0&tabId=218,200
https://www.bath.ac.uk/jobs/display.aspx?id=1946&pid=0&tabId=218,200
https://www.bath.ac.uk/jobs/working,200
https://www.bath.ac.uk/jobs/Vacancy.aspx?ref=ED13421,200
https://www.bath.ac.uk/jobs/display.aspx?id=1962&pid=0,200
https://www.bath.ac.uk/topics/staff-immigration/,200
https://www.bath.ac.uk/jobs/benefits,200
https://www.bath.ac.uk/jobs/display.aspx?id=1942&pid=0&tabId=218,200
https://www.bath.ac.uk/jobs/Vacancy.aspx?ref=ED13299R,200
https://www.bath.ac.uk/jobs/Vacancy.aspx?ref=SS13431,200
https://www.bath.ac.uk/jobs/Vacancy.aspx?ref=ASR13435,200
https://www.bath.ac.uk/jobs/Vacancy.aspx?ref=GTFPF,200
https://www.bath.ac.uk/jobs/Vacancy.aspx?ref=SS13465,200
https://www.bath.ac.uk/educationresearch,404
https://www.bath.ac.uk/jobs/RSS/,200
https://www.bath.ac.uk/jobs/display.aspx?id=1088&pid=0,200
https://www.bath.ac.uk/jobs/Vacancy.aspx?ref=FM12937,200
https://www.bath.ac.uk/jobs/display.aspx?id=1962&pid=0&tabId=218,200
https://www.bath.ac.uk/jobs/vacancies.aspx,200
https://www.bath.ac.uk/announcements/the-university-of-bath-is-named-one-of-the-worlds-top-150-universities/,200
https://www.bath.ac.uk/jobs/Vacancy.aspx?ref=SS13457,200
https://www.bath.ac.uk/jobs/display.aspx?id=1956&pid=0,200
https://www.bath.ac.uk/jobs/display.aspx?id=1361&pid=0&tabId=218,200
https://www.bath.ac.uk/jobs/Org/Faq/,200
https://www.bath.ac.uk/jobs/Logon/,200
https://www.bath.ac.uk/jobs/Vacancy.aspx?ref=KP13410,200
https://www.bath.ac.uk/jobs/display.aspx?id=1361&pid=0,200
https://www.bath.ac.uk/jobs/Vacancy.aspx?ref=SS13438,200
https://www.bath.ac.uk/jobs/display.aspx?id=1088&pid=0&tabId=218,200
https://www.bath.ac.uk/jobs/Vacancy.aspx?ref=GTFL,200
https://www.bath.ac.uk/jobs/educationresearch,200
https://www.bath.ac.uk/jobs/digital,200
https://www.bath.ac.uk/sport/,200
https://www.bath.ac.uk/jobs/Vacancy.aspx?ref=SS13443,200
https://www.bath.ac.uk/jobs/technical,200
https://www.bath.ac.uk/jobs/Applying,200
https://www.bath.ac.uk/jobs/Cookies,200
https://www.bath.ac.uk/topics/visas/,200
https://www.bath.ac.uk/guides/applying-for-undergraduate-student-accommodation/,200
https://www.bath.ac.uk/guides/understanding-contextual-admissions-for-undergraduate-applicants/,200
https://www.bath.ac.uk/corporate-information/driving-excellence-in-education/,200
https://www.bath.ac.uk/campaigns/talks-and-activities-in-schools-or-colleges/,200
https://www.bath.ac.uk/campaigns/undergraduate-prospectus-2027/,200
https://www.bath.ac.uk/topics/open-days-visits-and-campus-tours/,200
https://www.bath.ac.uk/corporate-information/academic-year-dates/,200
https://www.bath.ac.uk/guides/applying-for-an-undergraduate-course/,200
https://www.bath.ac.uk/campaigns/autism-summer-school/,200
https://www.bath.ac.uk/campaigns/campus-tours/,200
https://www.bath.ac.uk/campaigns/?meta_label_and=undergraduate&meta_label_and=campusaccommodation,403
https://www.bath.ac.uk/guides/paying-your-student-accommodation-fees/,200
https://www.bath.ac.uk/professional-services/student-support/,200
https://www.bath.ac.uk/corporate-information/vision-for-education/,200
https://www.bath.ac.uk/departments/undergraduate-admissions-and-outreach/,200
https://www.bath.ac.uk/professional-services/disability-service/,200
https://www.bath.ac.uk/campaigns/step-into-bath/,200
https://www.bath.ac.uk/guides/understanding-mitigating-circumstances-for-undergraduate-applicants/,200
https://www.bath.ac.uk/student-accommodation/choose-your-undergraduate-student-accommodation-options/,200
https://www.bath.ac.uk/applicant-support/contact-us-about-undergraduate-courses/,200
https://www.bath.ac.uk/guides/receiving-and-accepting-your-undergraduate-offer/,200
https://www.bath.ac.uk/topics/engineering-and-design-undergraduate-virtual-experience/,200
https://www.bath.ac.uk/corporate-information/undergraduate-accommodation-prices/,200
https://www.bath.ac.uk/applicant-support/chat-with-our-students/,200
https://www.bath.ac.uk/campaigns/?meta_label_and=undergraduate&meta_label_and=cityaccommodation,403
https://www.bath.ac.uk/topics/the-university-of-bath-strategy-2021-to-2026/,200
https://www.bath.ac.uk/guides/using-your-eat-and-drink-credit/,200
https://www.bath.ac.uk/corporate-information/accommodation-prices-for-pre-sessional-students/,200
https://www.bath.ac.uk/campaigns/bath-ambitions/,200
https://www.bath.ac.uk/campaigns/spotlight-on-events/,200
https://www.bath.ac.uk/corporate-information/accommodation-accessibility/,200
https://www.bath.ac.uk/topics/undergraduate-virtual-experience/,200
https://www.bath.ac.uk/campaigns/humanities-social-sciences-undergraduate-virtual-experience/,200
https://www.bath.ac.uk/campaigns/skills-for-success-at-bath-and-beyond/,200
https://www.bath.ac.uk/guides/your-ucas-personal-statement/,200
https://www.bath.ac.uk/campaigns/supporting-you-during-your-studies/,200
https://www.bath.ac.uk/campaigns/considering-the-cost-of-studying-at-university/,200
https://www.bath.ac.uk/campaigns/discover-bath/,200
https://www.bath.ac.uk/campaigns/open-online-courses/,200
https://www.bath.ac.uk/guides/student-loans-for-undergraduate-courses/,200
https://online.bath.ac.uk/,200
https://www.bath.ac.uk/corporate-information/science-undergraduate-virtual-experience/,200
https://www.bath.ac.uk/topics/continuing-professional-development-cpd/,200
https://www.bath.ac.uk/legal-information/student-accommodation-application-terms-and-conditions/,200
https://www.bath.ac.uk/campaigns/campus-visits-for-schools-and-colleges/,200
https://www.bath.ac.uk/campaigns/international-summer-school/,200
https://prospectus.bath.ac.uk/,200
https://www.bath.ac.uk/guides/claverton-down-campus-accessibility/,200
https://www.bath.ac.uk/professional-services/student-accommodation/,200
https://www.bath.ac.uk/campaigns/student-engagement-employability-and-recruitment/,200
https://www.bath.ac.uk/campaigns/technologies-available-for-licensing/,200
https://www.bath.ac.uk/guides/consultancy-services/,200
https://www.bath.ac.uk/events/university-of-bath-enterprise-day/,200
https://www.bath.ac.uk/events/ignite-bitesize-ktps,200
https://www.bath.ac.uk/campaigns/engine-shed-members-lounge,200
https://www.bath.ac.uk/corporate-information/doctoral-training-partnerships-and-centres-for-doctoral-training/,200
https://www.bath.ac.uk/guides/impact-acceleration-accounts/,200
https://www.bath.ac.uk/professional-services/public-engagement-unit/,200
https://www.bath.ac.uk/corporate-information/spin-out-companies-from-university-of-bath-research/,200
https://www.bath.ac.uk/corporate-information/research-centres-and-groups/,200
https://www.bath.ac.uk/events/?f.Department+or+group%7CX=Research+%26+Innovation+Services,403
https://www.bath.ac.uk/teams/enterprise-and-entrepreneurship,200
https://www.bath.ac.uk/guides/find-research-funding-and-equipment/,200
https://www.bath.ac.uk/announcements/the-soft-tech-that-responds-to-your-taps-and-squeezes,200
https://www.bath.ac.uk/announcements/enterprise-day-2025-showcases-university-entrepreneurs,200
https://www.bath.ac.uk/campaigns/alumni-innovation-award,200
https://www.bath.ac.uk/research-institutes/bath-institute-for-the-augmented-human/,200
https://www.bath.ac.uk/corporate-information/research-centres-institutes-and-groups/,404
https://www.bath.ac.uk/campaigns/enterprise-for-students,200
https://www.bath.ac.uk/teams/enterprise-and-entrepreneurship/,200
https://www.bath.ac.uk/guides/applying-to-the-university-impact-fund/,200
https://bath.ac.uk/campaigns/dragons-den-pitching-competition/,200
https://www.bath.ac.uk/announcements/university-of-bath-awarded-multiple-icure-grants-from-innovate-uk-for-research-commercialisation,200
https://www.bath.ac.uk/guides/supporting-your-knowledge-exchange/,200
https://www.bath.ac.uk/campaigns/bath-connection/,200
https://www.bath.ac.uk/events/ignite-bitesize-consultancy,200
https://www.bath.ac.uk/professional-services/conferences-events/,200
https://www.bath.ac.uk/campaigns/enterprise-lab,200
https://www.bath.ac.uk/campaigns/enterprise-for-researchers,200
https://www.bath.ac.uk/research-institutes/institute-of-sustainability-and-climate-change/,200
https://www.bath.ac.uk/events/?meta_label_and=enterprise,403
https://www.bath.ac.uk/campaigns/enterprise-for-businesses/,200
https://www.bath.ac.uk/campaigns/consultancy-services/,200
https://www.bath.ac.uk/guides/knowledge-transfer-partnerships/,200
https://www.bath.ac.uk/campaigns/enterprise-for-businesses,200
https://www.bath.ac.uk/announcements/accelerated-knowledge-transfer-funding-for-short-term-collaborations-with-businesses,200
https://www.bath.ac.uk/campaigns/enterprise-for-researchers/,200
https://www.bath.ac.uk/campaigns/help-to-grow-leadership-development-for-smes/,404
https://www.bath.ac.uk/guides/commercialising-your-research/,200
https://www.bath.ac.uk/campaigns/enterprise-for-students/,200
https://www.bath.ac.uk/announcements/student-startup-makes-university-of-bath-graduate-a-millionaire,200
https://www.bath.ac.uk/campaigns/supporting-your-research-impact/,200
https://www.bath.ac.uk/campaigns/alumni-innovation-award/,200
https://www.bath.ac.uk/publications/charter-of-the-university-of-bath/,200
https://www.bath.ac.uk/topics/the-university-of-bath-strategy-2021-to-2026,200
https://www.bath.ac.uk/corporate-information/research-excellence-framework-ref-2014/,200
https://www.bath.ac.uk/legal-information/public-interest-disclosure-whistleblowing/,200
https://www.bath.ac.uk/legal-information/modern-slavery-and-human-trafficking-statement/,200
https://www.bath.ac.uk/jobs/DisabilityConfident,200
https://www.bath.ac.uk/jobs/display.aspx?id=1942&pid=310,200
https://www.bath.ac.uk/jobs/display.aspx?id=1923&pid=221,200
https://www.bath.ac.uk/jobs/AthenaSwan,200
https://www.bath.ac.uk/jobs/display.aspx?id=1946&pid=311,200
https://www.bath.ac.uk/jobs/display.aspx?id=1936&pid=309,200
https://www.bath.ac.uk/jobs/display.aspx?id=1929&pid=308,200
https://www.bath.ac.uk/research-centres/milner-centre-for-evolution/,200
https://www.bath.ac.uk/announcements/new-research-brings-hope-for-earlier-detection-of-pre-eclampsia/,200
https://www.bath.ac.uk/campaigns/research-with-impact-sustainability/?utm_source=rwi-nav&utm_medium=website&utm_campaign=RWI-25,200
https://www.bath.ac.uk/campaigns/research-with-impact-sustainability,200
https://www.bath.ac.uk/forms/sign-up-to-the-university-of-bath-research-newsletter/?utm_source=rwi-topic-bottom&utm_medium=website&utm_campaign=RWI-25,200
https://www.bath.ac.uk/forms/sign-up-to-the-university-of-bath-research-newsletter/?utm_source=rwi-nav&utm_medium=website&utm_campaign=RWI-25,200
https://www.bath.ac.uk/case-studies/reducing-injuries-in-rugby-union-through-global-changes-to-make-the-scrum-safer/,200
https://www.bath.ac.uk/campaigns/research-with-impact-digital,200
https://www.bath.ac.uk/campaigns/research-with-impact-digital/?utm_source=rwi-nav&utm_medium=website&utm_campaign=RWI-25,200
https://www.bath.ac.uk/campaigns/research-excellence-framework-ref-2021/,200
https://www.bath.ac.uk/campaigns/research-with-impact-health-and-wellbeing/?utm_source=rwi-nav&utm_medium=website&utm_campaign=RWI-25,200
https://www.bath.ac.uk/topics/research-with-impact/,200
https://stories.bath.ac.uk/leading-the-way-in-next-generation-propulsion-technology/index.html,200
https://www.bath.ac.uk/topics/research-with-impact/?utm_source=rwi-nav&utm_medium=website&utm_campaign=RWI-25,200
https://www.bath.ac.uk/forms/sign-up-to-the-university-of-bath-research-newsletter/?utm_source=rwi-topic-hero&utm_medium=website&utm_campaign=RWI-25,200
https://stories.bath.ac.uk/powering-up-the-uks-energy-transition/index.html,200
https://www.bath.ac.uk/campaigns/research-with-impact-health-and-wellbeing,200
https://www.bath.ac.uk/campaigns/global-talent-fund/,200
https://blogs.bath.ac.uk/digital-content-and-development/,403
https://www.bath.ac.uk/teams/digital-development-team/,200
https://www.bath.ac.uk/topics/digital-accessibility-guidance/,200
https://www.bath.ac.uk/teams/digital-content-team/,200
https://www.bath.ac.uk/topics/typecase-for-content-manual/,200
https://www.bath.ac.uk/legal-information/copyright/,200
https://www.bath.ac.uk/topics/digital-content-and-development/,200
https://www.bath.ac.uk/campaigns/why-your-business-should-employ-a-humanities-and-social-sciences-placement-student/,200
https://www.bath.ac.uk/campaigns/recruit-engineering-students-for-professional-placements/,200
https://www.bath.ac.uk/campaigns/working-with-the-school-of-management/,200
https://www.bath.ac.uk/campaigns/recruit-science-students-for-a-placement/,200
https://www.bath.ac.uk/guides/careers-information-for-employers/,200
https://www.bath.ac.uk/jobs/Vacancy.aspx?ref=SS13459,200
http://www.bath.ac.uk/projects/?meta_label_and=research,403
https://www.bath.ac.uk/topics/sustainable-research-guidance-and-resources,200
https://www.bath.ac.uk/topics/research-culture/,200
http://go.bath.ac.uk/research-integrity-and-ethics,200
https://www.bath.ac.uk/campaigns/help-us-research-fat-tissue-inflammation-and-the-regulation-of-muscle-in-older-people,200
https://www.bath.ac.uk/topics/school-of-management-research/,200
https://www.bath.ac.uk/topics/faculty-of-humanities-social-sciences-research/,200
http://www.bath.ac.uk/topics/research,200
https://www.bath.ac.uk/teams/school-of-management-research-office/,200
https://www.bath.ac.uk/campaigns/take-part-in-our-study-about-the-effects-of-intermittent-carbohydrate-restriction-on-health,200
https://www.bath.ac.uk/campaigns/modern-slavery-and-trafficking-survivors-albanian-mothers-experiences-of-parenthood-in-the-uk,200
https://www.bath.ac.uk/campaigns/join-our-research-into-whether-personalised-feedback-can-improve-your-diet,200
https://www.bath.ac.uk/announcements/twisting-optical-fibre-creates-a-robust-new-pathway-for-light,200
https://www.bath.ac.uk/campaigns/?meta_label_and=takepartinresearch,403
https://www.bath.ac.uk/campaigns/help-us-explore-how-vr-and-video-mindfulness-actions-affect-stress-anxiety-and-confidence,200
https://www.bath.ac.uk/announcements/chris-budd-becomes-a-founding-fellow-of-the-academy-for-the-mathematical-sciences,200
https://www.bath.ac.uk/campaigns/help-us-research-how-exercise-plans-can-improve-health-for-people-with-cystic-fibrosis,200
https://www.bath.ac.uk/topics/faculty-of-science-research/,200
https://www.bath.ac.uk/announcements/bath-mayor-launches-inaugural-phd-placements,200
https://www.bath.ac.uk/events/paradox-research-education-and-practice-conference-2026,200
http://www.bath.ac.uk/case-studies/?meta_label_and=research&f.Type%7CY=Research+case+study,403
https://www.bath.ac.uk/events/?f.Audience%7CZ=Public&f.Type%7CY=Lectures+and+seminars&f.Type%7CY=Exhibitions&f.Type%7CY=Conferences&f.Type%7CY=Presentations&f.Type%7CY=Roundtables,403
https://www.bath.ac.uk/topics/bath-beacons/,200
https://go.bath.ac.uk/research-with-impact,200
https://www.bath.ac.uk/topics/faculty-of-engineering-design-research/,200
https://library.bath.ac.uk/research-services,200
http://go.bath.ac.uk/research-culture,200
http://go.bath.ac.uk/beacons-pin,200
https://www.bath.ac.uk/events/essential-conversations-about-business-and-human-rights-bhr,200
https://www.bath.ac.uk/announcements/?meta_label_and=research,403
https://www.bath.ac.uk/topics/research-integrity-and-ethics/,200
https://www.bath.ac.uk/research-groups/artificial-intelligence-and-machine-learning/,200
https://www.bath.ac.uk/legal-information/postgraduate-offer-terms-and-conditions/,200
https://www.bath.ac.uk/legal-information/information-security-policy/,200
https://www.bath.ac.uk/guides/managing-data-for-the-university/,200
https://www.bath.ac.uk/legal-information/prevent-policy/,200
https://www.bath.ac.uk/legal-information/disclaimer/,200
https://www.bath.ac.uk/legal-information/undergraduate-offer-terms-and-conditions/,200
https://www.bath.ac.uk/legal-information/it-acceptable-use-policy/,200
https://www.bath.ac.uk/campaigns/student-engagement-shape-your-university/,200
https://www.bath.ac.uk/topics/travel-advice/,200
https://www.bath.ac.uk/campaigns/find-funding-for-doctoral-research,200
https://www.bath.ac.uk/guides/wellbeing-a-z/,200
https://www.bath.ac.uk/guides/non-medical-helpers-nmh-for-disabled-students/,200
https://www.bath.ac.uk/services/report-a-problem-with-printing/,200
https://www.bath.ac.uk/publications/claverton-down-campus-map/,200
https://www.bath.ac.uk/guides/carrying-out-ethically-responsible-research/,200
https://www.bath.ac.uk/professional-services/security/,200
https://www.bath.ac.uk/teams/disability-service/,200
https://www.bath.ac.uk/services/mytimetable/,200
https://www.bath.ac.uk/campaigns/smarter-meetings-and-collaboration-using-teams/,200
https://www.bath.ac.uk/events/careers-in-using-languages-panel-webinar,200
https://www.bath.ac.uk/guides/applying-for-disabled-students-allowances/,200
https://www.bath.ac.uk/professional-services/international-support-service/,200
https://www.bath.ac.uk/announcements/support-for-students-and-staff-affected-by-events-in-the-middle-east,200
https://www.bath.ac.uk/announcements/support-for-students-affected-by-international-tensions,200
https://www.bath.ac.uk/guides/what-to-do-if-you-smell-gas/,200
https://www.bath.ac.uk/publications/student-protection-plan-spp/,200
https://www.bath.ac.uk/guides/trusted-research-protecting-you-and-your-research/,200
https://www.bath.ac.uk/guides/get-help-when-you-are-locked-out-of-student-accommodation/,200
https://www.bath.ac.uk/announcements/,403
https://www.bath.ac.uk/guides/getting-it-software/,200
https://www.bath.ac.uk/services/register-as-a-student-of-the-university-and-update-your-details/,200
https://samis.bath.ac.uk/,200
https://www.bath.ac.uk/guides/cycling-and-walking-to-the-university-of-bath/,200
http://www.bath.ac.uk/students/,200
https://www.bath.ac.uk/announcements/green-park-bus-stop-temporary-location-from-monday-9-march-2026,200
https://www.bath.ac.uk/topics/university-finance-system/,200
https://www.bath.ac.uk/topics/graduation-ceremonies,200
https://www.bath.ac.uk/guides/making-alternative-exam-arrangements-if-you-have-a-disability/,200
https://status.bath.ac.uk/,200
https://unihub.bath.ac.uk/s/myskills,200
https://www.bath.ac.uk/professional-services/digital-data-and-technology/,200
https://www.bath.ac.uk/campaigns/meningitis-advice-and-information/,200
https://www.bath.ac.uk/announcements/digital-genai-skills-workshops-creating-effective-academic-videos-and-designing-academic-posters,200
https://www.bath.ac.uk/guides/reporting-individual-mitigating-circumstances-to-the-university/,200
https://www.bath.ac.uk/services/report-an-accessibility-issue/,200
https://www.bath.ac.uk/guides/setting-up-your-it-as-a-student/,200
https://www.bath.ac.uk/corporate-information/urgent-or-emergency-wellbeing-support/,200
https://www.bath.ac.uk/campaigns/take-part-in-the-course-level-survey,200
https://www.bath.ac.uk/guides/research-ethics-training-opportunities.bho/,200
https://www.bath.ac.uk/events/bath-award-my-employability-profile-drop-in-16-march-2026,200
https://www.bath.ac.uk/campaigns/your-digital-skills-and-capabilities/,200
https://www.bath.ac.uk/events/?f.Audience%7CZ=Students,403
https://www.bath.ac.uk/professional-services/therapeutic-services-mental-health/,200
https://www.bath.ac.uk/library/exampapers/index.php,200
https://www.bath.ac.uk/announcements/wessex-house-south-lift-replacement,200
https://www.bath.ac.uk/guides/freedom-of-expression/,200
https://www.bath.ac.uk/homepage/,200
https://www.bath.ac.uk/students,200
https://www.bath.ac.uk/guides/living-safely-with-respiratory-infections-including-covid-19/,200
https://blogs.bath.ac.uk/lgbtqplus-inclusion/2026/03/03/campus-pride-2026-tickets-now-available/,403
https://www.bath.ac.uk/services/report-a-maintenance-issue-in-student-accommodation/,200
https://www.bath.ac.uk/campaigns/access-information-in-your-preferred-way-with-sensusaccess/,200
https://www.bath.ac.uk/campaigns/take-part-in-the-postgraduate-taught-experience-survey-ptes,200
https://www.bath.ac.uk/catalogues/other.html,200
https://www.bath.ac.uk/services/pure/,200
https://library.bath.ac.uk/getting-a-library-card/,200
https://www.bath.ac.uk/guides/accessing-your-university-email-and-calendar/,200
https://www.bath.ac.uk/guides/appealing-against-an-academic-decision/,200
https://www.bath.ac.uk/professional-services/arts-and-culture/,200
https://www.bath.ac.uk/professional-services/student-support,200
https://www.bath.ac.uk/professional-services/dental-centre/,200
https://library.bath.ac.uk/referencing,200
https://www.bath.ac.uk/guides/travelling-by-bus-to-the-university-of-bath/,200
https://www.bath.ac.uk/publications/campus-accessibility-map/,200
https://www.bath.ac.uk/guides/getting-it-or-av-support-and-advice/,200
https://www.bath.ac.uk/guides/emergency-contact-numbers/,200
https://www.bath.ac.uk/locations/fresh/,200
https://www.bath.ac.uk/campaigns/get-ahead-with-skills-at-bath/,200
https://www.bath.ac.uk/professional-services/student-finance/,200
https://www.bath.ac.uk/services/microsoft-teams/,200
https://www.bath.ac.uk/services/moodle/,200
https://www.bath.ac.uk/topics/your-student-record/,200
https://www.bath.ac.uk/guides/getting-support-if-you-have-a-disability/,200
https://www.bath.ac.uk/professional-services/food-and-drink/,200
https://www.bath.ac.uk/services/report-a-maintenance-issue-in-your-workplace/,200
https://www.bath.ac.uk/topics/exams-and-assessments/,200
https://www.bath.ac.uk/campaigns/support-for-doctoral-students/,404
https://blogs.bath.ac.uk/pvc-student-experience/2026/03/10/university-mental-health-day-2026/,403
https://www.bath.ac.uk/professional-services/student-immigration-service/,200
https://www.bath.ac.uk/announcements/dott-shared-e-bike-and-e-scooter-service-in-bath-and-bristol-replaces-tier/,200
https://www.bath.ac.uk/locations/it-service-desk/,200
https://www.bath.ac.uk/campaigns/where-you-can-study-on-campus-and-in-the-city/,200
https://www.bath.ac.uk/announcements/?f.Type%7CY=Service+update,403
https://www.bath.ac.uk/guides/academic-advising/,200
https://www.bath.ac.uk/professional-services/campus-infrastructure/,200
https://library.bath.ac.uk/home,200
https://www.bath.ac.uk/campaigns/support-and-report/,200
https://www.bath.ac.uk/guides/connecting-to-wi-fi/,200
https://www.bath.ac.uk/guides/student-complaints-policy-and-procedure/,200
https://www.bath.ac.uk/campaigns/be-well,200
https://www.bath.ac.uk/guides/academic-misconduct/,200
https://ethics.bath.ac.uk/,200
https://www.bath.ac.uk/guides/copy-and-print-service/,200
https://www.bath.ac.uk/announcements/what-to-do-if-you-encounter-an-insufficient-funds-message-when-printing,200
https://www.bath.ac.uk/announcements/bath-graduates-excel-in-latest-graduate-outcomes-survey/,200
https://www.bath.ac.uk/announcements/university-of-bath-on-the-rise-within-global-top-150-in-qs-world-university-rankings-2026/,200
https://www.bath.ac.uk/announcements/university-of-bath-and-study-group-announce-partnership-to-support-access-for-international-students/,200
https://www.bath.ac.uk/announcements/bath-wins-sport-university-of-the-year-2026-in-the-times-and-the-sunday-times-good-university-guide/,200
https://www.bath.ac.uk/research-centres/centre-for-power-transmission-motion-control/,200
https://www.bath.ac.uk/announcements/university-of-bath-awarded-triple-gold-in-the-teaching-excellence-framework-2023/,200
https://www.bath.ac.uk/corporate-information/the-economic-impact-of-the-university,200
https://www.bath.ac.uk/announcements/prof-marion-harney-appointed-bath-world-heritage-site-advisory-board-chair,200
https://www.bath.ac.uk/campaigns/inspire-your-students-with-our-school-outreach-activities,200
https://www.bath.ac.uk/publications/annual-sustainability-reports,200
https://www.bath.ac.uk/campaigns/mathematics-outreach-activities,200
https://www.bath.ac.uk/events/business-breakfast,200
https://www.bath.ac.uk/guest-accommodation/booking-guest-accommodation,200
https://www.bath.ac.uk/campaigns/minerva-series-of-lectures,200
https://blogs.bath.ac.uk/civic-engagement/2025/07/29/global-talent-fund/,403
https://www.bath.ac.uk/professional-services/conferences-events,200
https://www.bath.ac.uk/announcements/bath-quays-north-regeneration-partnership-announced,200
https://www.bath.ac.uk/campaigns/sponsor-a-school-of-management-undergraduate-project-and-get-help-with-your-business-issue,200
https://www.bath.ac.uk/announcements/university-of-bath-unveils-the-uks-first-fully-recyclable-3g-pitch,200
https://www.bath.ac.uk/guides/foreign-language-courses-for-members-of-the-public,200
https://www.bath.ac.uk/campaigns/knowledge-transfer-partnerships,200
https://go.bath.ac.uk/sustainable-bath,200
https://www.bath.ac.uk/announcements/university-of-bath-generates-over-half-a-billion-pounds-for-local-economy-new-report,200
https://www.bath.ac.uk/campaigns/women-in-engineering,200
https://www.bath.ac.uk/professional-services/widening-participation/,200
https://www.bath.ac.uk/guides/visitor-access-to-the-university-library/,200
https://www.bath.ac.uk/locations/innovation-centre,200
http://go.bath.ac.uk/eng-design-taster-talk,200
https://www.bath.ac.uk/professional-services/food-and-drink,200
https://www.bath.ac.uk/announcements/the-brunel-centre-opens-to-power-sustainable-and-inclusive-growth-for-the-west-of-england,200
https://www.bath.ac.uk/jobs/Vacancy.aspx?ref=KD13342R,200
https://www.bath.ac.uk/jobs/Vacancy.aspx?ref=KD13474,200
https://www.bath.ac.uk/jobs/Vacancy.aspx?ref=KD13365R,200
https://www.bath.ac.uk/jobs/Vacancy.aspx?ref=KD13472,200
https://www.bath.ac.uk/jobs/Vacancy.aspx?ref=CC13448,200
https://www.bath.ac.uk/jobs/Vacancy.aspx?ref=KD13476,200
https://www.bath.ac.uk/jobs/Vacancy.aspx?ref=KD13316R,200
https://www.bath.ac.uk/jobs/Vacancy.aspx?ref=KD13439,200
http://www.bath.ac.uk/person/507557,200
https://www.bath.ac.uk/guides/publication-scheme/,200
https://www.bath.ac.uk/guides/dealing-with-freedom-of-information-foi-requests/,200
http://www.bath.ac.uk/person/1447756,200
https://www.bath.ac.uk/teams/?f.Department+or+group%7CX=Legal,403
https://www.bath.ac.uk/announcements/university-of-bath-to-receive-4-35m-from-global-talent-fund-to-attract-world-leading-researchers,200
https://www.bath.ac.uk/corporate-information/athena-swan-submissions/,200
https://www.bath.ac.uk/events/msc-football-medicine-in-association-with-fifa-webinar,200
https://www.bath.ac.uk/announcements/bath-students-highlight-how-societal-challenges-can-be-tackled-using-the-power-of-sport,200
https://www.bath.ac.uk/events/msc-sport-and-exercise-medicine-webinar,200
https://www.bath.ac.uk/courses/undergraduate-2027/sport-exercise-and-health/,200
https://stories.bath.ac.uk/growing-our-future-sports-stars/index.html,200
https://www.bath.ac.uk/announcements/imi-provides-consultancy-for-the-fa-to-formulate-improbable-wins-in-third-round-of-emirates-fa-cup,200
https://www.bath.ac.uk/announcements/top-up-on-carbs-before-and-during-run-to-reach-finish-line-quickly,200
https://www.bath.ac.uk/announcements/university-of-bath-showcases-its-role-in-regional-growth-during-visit-by-mayor,200
https://www.bath.ac.uk/announcements/honorary-fellowship-awarded-to-former-team-bath-coach-paul-tisdale,200
https://www.bath.ac.uk/campaigns/sport-bath/,200
https://www.bath.ac.uk/announcements/bath-wins-sport-university-of-the-year-2026-in-the-times-and-the-sunday-times-good-university-guide,200
https://www.bath.ac.uk/topics/sport-and-fitness/,200
https://www.bath.ac.uk/announcements/study-highlights-open-goal-of-using-sport-to-tackle-youth-unemployment,200
https://www.bath.ac.uk/events/the-international-conference-on-injury-and-illness-prevention-in-sport,200
https://www.bath.ac.uk/announcements/university-of-bath-to-host-iworkinsport-job-fair,200
https://www.bath.ac.uk/events/msc-sports-physiotherapy-webinar,200
https://www.bath.ac.uk/courses/postgraduate/department-for-health-taught-postgraduate-courses/,200
https://www.bath.ac.uk/case-studies/how-the-university-of-bath-is-supporting-british-athletes-to-succeed-at-the-olympic-winter-games,200
https://go.bath.ac.uk/ug-study-27,200
https://go.bath.ac.uk/ug-study-26,200
http://www.bath.ac.uk/cpd/,200
https://go.bath.ac.uk/postgrad-research-study,200
https://go.bath.ac.uk/taught-postgrad-study,200
https://www.bath.ac.uk/announcements/?f.Department+or+group%7CX=Advancement+Office,403
https://www.bath.ac.uk/guides/get-in-touch/,200
https://www.bath.ac.uk/topics/ba2-alumni-magazine/,200
https://www.bath.ac.uk/campaigns/funding-a-scholarship/,200
https://www.bath.ac.uk/campaigns/donate-to-the-alumni-fund,200
https://www.bath.ac.uk/events/?f.Department+or+group%7CX=Advancement+Office,403
https://alumni.bath.ac.uk/regular-donation,200
https://www.bath.ac.uk/campaigns/donate-to-the-alumni-fund/,200
https://www.bath.ac.uk/guides/ways-to-give/,200
https://www.bath.ac.uk/announcements/pharmaceutical-company-pharmaxo-gifts-230-000-worth-of-resources-to-the-university-of-bath,200
https://www.bath.ac.uk/teams/advancement-office/,200
https://www.bath.ac.uk/guides/our-commitment-to-ethical-fundraising/,200
https://alumni.bath.ac.uk/login,200
https://www.bath.ac.uk/campaigns/funding-a-scholarship,200
https://www.bath.ac.uk/campaigns/bath-connection,200
https://www.bath.ac.uk/guides/alumni-networks,200
https://www.bath.ac.uk/topics/ba2-alumni-magazine,200
https://www.bath.ac.uk/announcements/this-years-arthur-clements-award-winners-announced,200
https://www.bath.ac.uk/announcements/norland-supports-university-of-bath-research-on-the-impact-of-screen-time-on-children,200
https://www.bath.ac.uk/guides/keeping-in-touch-with-the-university-of-bath/,200
https://www.bath.ac.uk/announcements/alumni-fund-grant-applications-are-now-open,200
https://blogs.bath.ac.uk/on-parade/,403
https://www.bath.ac.uk/topics/your-impact,200
https://www.bath.ac.uk/guides/alumni-frequently-asked-questions,200
https://alumni.bath.ac.uk/update-your-details,200
https://www.bath.ac.uk/campaigns/legacy-giving,200
https://www.bath.ac.uk/announcements/academics-from-the-faculty-of-engineering-design-win-advancement-office-dragons-den-competition,200
https://www.bath.ac.uk/topics/your-impact/,200
https://www.bath.ac.uk/guides/alumni-frequently-asked-questions/,200
https://www.bath.ac.uk/campaigns/legacy-giving/,200
https://www.bath.ac.uk/corporate-information/university-of-bath-privacy-notice/,200
https://blogs.bath.ac.uk/on-parade/?s=parade+profile,403
https://www.bath.ac.uk/jobs/Vacancy.aspx?ref=CC13450,200
https://www.bath.ac.uk/jobs/Vacancy.aspx?ref=SS13471,200
https://www.bath.ac.uk/jobs/Vacancy.aspx?ref=CC13455,200
https://www.bath.ac.uk/jobs/Vacancy.aspx?ref=SS13469,200
https://www.bath.ac.uk/jobs/Vacancy.aspx?ref=SS13463,200
https://www.bath.ac.uk/jobs/Vacancy.aspx?ref=FM13447,200
https://www.bath.ac.uk/jobs/Vacancy.aspx?ref=ED13468,200
https://www.bath.ac.uk/jobs/Vacancy.aspx?ref=CC13462,200
https://www.bath.ac.uk/announcements/professor-julie-barnett-elected-to-fellowship-of-the-academy-of-social-sciences/,200
https://www.bath.ac.uk/faculties/faculty-of-humanities-social-sciences/,200
https://www.bath.ac.uk/profiles/faculty-of-humanities-social-sciences-associate-dean-research-julie-barnett/,200
https://www.bath.ac.uk/research-groups/healthy-later-living-network/,200
https://www.bath.ac.uk/corporate-information/international-agents/,200
https://www.bath.ac.uk/corporate-information/postgraduate-accommodation-prices/,200
https://online.bath.ac.uk/apply,200
https://www.bath.ac.uk/corporate-information/faculty-of-engineering-design-taught-postgraduate-tuition-fees-2026-27/,200
https://www.bath.ac.uk/teams/central-postgraduate-taught-admissions/,200
https://www.bath.ac.uk/case-studies/entertaining-lectures-and-a-supportive-environment-on-my-masters-course/,200
https://www.bath.ac.uk/case-studies/feeling-supported-by-the-bath-community/,200
https://www.bath.ac.uk/guides/guidance-and-advice-on-eu-settlement-scheme/,200
https://www.bath.ac.uk/campaigns/experience-the-university-at-a-postgraduate-virtual-open-day/,200
https://www.bath.ac.uk/corporate-information/accommodation-prices-for-couples/,200
https://www.bath.ac.uk/corporate-information/faculty-of-science-taught-postgraduate-tuition-fees-2026-27/,200
https://www.bath.ac.uk/campaigns/explore-the-university-at-a-postgraduate-event/,200
https://www.bath.ac.uk/corporate-information/agents-representing-the-university-of-bath-in-the-middle-east/,200
https://www.bath.ac.uk/corporate-information/taught-postgraduate-admissions-timeline/,200
https://www.bath.ac.uk/campaigns/masters-prospectus-2026/,200
https://www.bath.ac.uk/corporate-information/agents-representing-the-university-of-bath-in-africa/,200
https://www.bath.ac.uk/campaigns/your-learning/,200
https://www.bath.ac.uk/guides/submission-pending-and-training-support-fees-for-postgraduate-research-students/,200
https://www.bath.ac.uk/corporate-information/faculty-of-humanities-social-sciences-taught-postgraduate-tuition-fees-2026-27/,200
https://www.bath.ac.uk/corporate-information/school-of-management-taught-postgraduate-tuition-fees-2026-27/,200
https://www.bath.ac.uk/corporate-information/agents-representing-the-university-of-bath-in-asia/,200
https://www.bath.ac.uk/guides/writing-a-personal-statement-to-apply-for-a-masters-course/,200
https://www.bath.ac.uk/campaigns/?meta_label_and=taughtpostgraduate&meta_label_and=postgraduateresearch&meta_label_and=cityaccommodation,403
https://www.bath.ac.uk/student-accommodation/choose-your-postgraduate-student-accommodation-options/,200
https://www.bath.ac.uk/case-studies/the-best-things-about-my-postgraduate-education/,200
https://www.bath.ac.uk/guides/applying-for-a-taught-postgraduate-course/,200
https://www.bath.ac.uk/corporate-information/agents-representing-the-university-of-bath-in-the-americas/,200
https://www.bath.ac.uk/corporate-information/agents-representing-the-university-of-bath-in-europe/,200
https://www.bath.ac.uk/topics/climate-change-and-the-university-of-bath/,200
https://www.bath.ac.uk/corporate-information/student-accommodation-application-terms-and-conditions/,200
https://www.bath.ac.uk/case-studies/using-careers-resources-during-my-masters/,200
https://www.bath.ac.uk/guides/applying-for-postgraduate-student-accommodation/,200
https://www.bath.ac.uk/case-studies/joining-the-postgraduate-student-community/,200
https://www.bath.ac.uk/topics/postgraduate-virtual-experience/,200
https://www.bath.ac.uk/corporate-information/our-results-in-the-research-excellence-framework-ref-2021,200
http://go.bath.ac.uk/annual-report-and-accounts,200
https://www.bath.ac.uk/teams/our-academic-leadership,200
http://www.bath.ac.uk/corporate-information/?meta_label_and=graduation&f.Type%7CY=Factsheet,403
https://www.bath.ac.uk/publications/university-of-bath-access-and-participation-plans,200
http://go.bath.ac.uk/media-centre,200
https://www.bath.ac.uk/events/?f.Audience%7CZ=Public&f.Type%7CY=Lectures+and+seminars,403
https://www.bath.ac.uk/locations/university-of-bath-claverton-down-campus,200
https://www.bath.ac.uk/publications/financial-statements-and-annual-reports,200
https://www.bath.ac.uk/corporate-information/facts-and-figures,200
https://www.bath.ac.uk/profiles/chancellor-his-royal-highness-the-duke-of-edinburgh,200
https://www.bath.ac.uk/legal-information/our-ethical-framework,200
https://www.bath.ac.uk/case-studies/water-research-in-south-africa-could-improve-irrigation-systems-worldwide,200
https://www.bath.ac.uk/publications/management-structure/,200
https://www.bath.ac.uk/corporate-information/the-story-of-the-university,200
https://www.bath.ac.uk/corporate-information/our-former-chancellors,200
http://go.bath.ac.uk/university-strategy-21-26,200
https://www.bath.ac.uk/corporate-information/the-gw4-alliance,200
http://www.bath.ac.uk/guides/contacting-the-university/,200
http://www.bath.ac.uk/foi/requesting-information/index.html,200
https://www.bath.ac.uk/announcements/university-of-bath-awarded-triple-gold-in-the-teaching-excellence-framework-2023,200
http://www.bath.ac.uk/corporate-information/rankings-and-reputation/,200
https://www.bath.ac.uk/corporate-information/governance,200
https://www.bath.ac.uk/case-studies/the-search-for-tomorrows-champions,200
https://www.bath.ac.uk/guides/contacting-the-university,200
http://www.bath.ac.uk/departments/,200
https://www.bath.ac.uk/corporate-information/our-notable-alumni,200
https://www.bath.ac.uk/corporate-information/academic-year-dates,200
http://go.bath.ac.uk/travel-advice,200
https://www.bath.ac.uk/legal-information/data-protection-act,200
https://www.bath.ac.uk/teams/executive-team,200
https://www.bath.ac.uk/legal-information/annual-leave/,200
https://www.bath.ac.uk/services/bath-workload-allocation-management-system-wams/,200
https://www.bath.ac.uk/campaigns/research-focus-weeks/,200
https://moodle.bath.ac.uk/,200
https://www.bath.ac.uk/publications/fire-assembly-point-map/,200
https://www.bath.ac.uk/topics/graduation-ceremonies/,200
https://www.bath.ac.uk/campaigns/manage-your-personal-and-payroll-information-on-employee-self-service-ess/,200
https://www.bath.ac.uk/guides/reporting-sickness-absence/,200
https://www.bath.ac.uk/campaigns/manage-your-teams-personal-and-payroll-information-on-manager-self-service-mss/,200
http://www.bath.ac.uk/agresso.bho/,200
https://www.bath.ac.uk/campaigns/health-assured-wellbeing-support/,200
https://www.bath.ac.uk/publications/our-university-our-future-report/,200
http://www.bath.ac.uk/estates/report-accessibility-issue/index.html,200
https://www.bath.ac.uk/announcements/booking-rooms/,200
https://www.bath.ac.uk/topics/student-support-advice-for-staff/,200
https://www.bath.ac.uk/guides/cost-of-living-advice-and-support-for-students/,200
https://www.bath.ac.uk/professional-services/planning-performance-strategic-change/,200
https://library.bath.ac.uk/research-data/home,200
https://www.bath.ac.uk/services/manager-self-service-mss/,200
http://www.bath.ac.uk/bucs/services/mis/marketplace/WindowShopLive.php,200
https://www.bath.ac.uk/events/,403
https://www.bath.ac.uk/announcements/welcome-to-benefits-at-bath/,200
https://www.bath.ac.uk/announcements/virtual-town-hall-videos.bho/,200
https://www.bath.ac.uk/professional-services/human-resources/,200
https://itrent.bath.ac.uk/itrent_ess/ess/dist/,200
https://www.bath.ac.uk/announcements/support-for-university-of-bath-staff-affected-by-international-tensions,200
https://assessment.bath.ac.uk/admin,200
https://www.bath.ac.uk/publications/academic-year-charts/,200
https://www.bath.ac.uk/topics/future-ways-of-working-for-professional-services-staff/,200
https://www.bath.ac.uk/events/power-community-of-practice-cafe,200
https://www.bath.ac.uk/locations/university-of-bath-claverton-down-campus/,200
http://www.bath.ac.uk/catalogues/,200
https://www.bath.ac.uk/corporate-information/rec-meeting-dates-and-deadlines-for-applications/,200
https://www.bath.ac.uk/corporate-information/staff-wellbeing-champions/,200
https://www.bath.ac.uk/services/business-objects-portal-for-itrent-reporting/,200
https://agresso.bath.ac.uk/BusinessWorld/Login/Login.aspx?ReturnUrl=%2fBusinessWorld%2f,0
https://www.bath.ac.uk/guides/tools-help-and-advice-to-support-technology-enhanced-learning/,200
https://www.bath.ac.uk/guides/cost-of-living-support-and-advice-for-staff/,200
https://www.bath.ac.uk/announcements/new-reuse-network-warp-it-now-available-for-staff-to-use/,200
https://www.bath.ac.uk/services/business-objects-portal-for-samis-reporting/,200
https://www.bath.ac.uk/professional-services/campus-services/,200
https://www.bath.ac.uk/guides/disability-support-for-members-of-staff/,200
https://teachinghub.bath.ac.uk/,200
https://www.bath.ac.uk/topics/research-policy-and-governance/,200
https://www.bath.ac.uk/campaigns/staff-wellbeing-events/,200
https://www.bath.ac.uk/announcements/where-next-developing-our-university-strategy-2036,200
http://blogs.bath.ac.uk/omnibus/,403
https://www.bath.ac.uk/topics/staff-wellbeing/,200
https://www.bath.ac.uk/professional-services/pay-and-reward/,200
https://www.bath.ac.uk/guides/making-bookings-for-business-travel/,200
https://www.bath.ac.uk/guides/supporting-students-in-distress/,200
https://blogs.bath.ac.uk/sustainable-bath/2026/03/11/rights-justice-action-why-menstruation-belongs-in-climate-conversations/,403
https://www.bath.ac.uk/services/career-progression-portal/,200
https://www.bath.ac.uk/topics/data-and-information-management/,200
https://www.bath.ac.uk/campaigns/strategic-projects-office-spo-current-supported-projects-and-programmes/,200
https://www.bath.ac.uk/professional-services/timetabling-and-room-bookings/,200
https://www.bath.ac.uk/topics/staff-learning-and-development/,200
https://www.bath.ac.uk/events/give-blood-at-the-edge-at-university-of-bath-to-nhs-blood-and-transplant,200
https://www.bath.ac.uk/professional-services/equality-diversity-and-inclusion/,200
https://www.bath.ac.uk/events/menopause-in-person-meet-up-walk-and-talk,200
http://www.bath.ac.uk/agresso.bho,200
https://www.bath.ac.uk/guides/communicating-your-messages-to-students/,200
https://purehost.bath.ac.uk/admin/workspace.xhtml,200
https://www.bath.ac.uk/services/book-a-workspace/,200
https://www.bath.ac.uk/services/employee-self-service-ess/,200
https://www.bath.ac.uk/guides/trusted-research-guidance/,200
http://www.bath.ac.uk/library/,200
https://www.bath.ac.uk/legal-information/travel-and-expenses-policy/,0
https://www.bath.ac.uk/campaigns/winter-holiday-switch-off/,0
https://www.bath.ac.uk/legal-information/thermal-comfort-policy/,0
https://www.bath.ac.uk/publications/guidance-and-tips-for-effective-hybrid-meetings/,0
https://www.bath.ac.uk/campaigns/easter-break-switch-off/,0
https://www.bath.ac.uk/guides/hosting-sustainable-events,0
https://www.bath.ac.uk/guides/reducing-your-environmental-impact-when-travelling-for-research/,0
https://www.bath.ac.uk/publications/sustainability-supporting-documents/,0
https://www.bath.ac.uk/announcements/carbon-offset-guidance-launched/,0
https://www.bath.ac.uk/campaigns/partnerships-for-a-sustainable-future/,0
https://blogs.bath.ac.uk/climate-action/category/climate-action-survey-2022/,0
https://www.bath.ac.uk/campaigns/education-for-sustainability/,0
https://www.bath.ac.uk/campaigns/introduction-to-climate-action-sustainability-at-bath/,0
https://www.bath.ac.uk/campaigns/laboratory-efficiency-assessment-framework-leaf/,0
https://www.bath.ac.uk/campaigns/sustainability-research-with-real-world-impact/,0
https://www.bath.ac.uk/campaigns/actnowfilm/,0
https://www.bath.ac.uk/case-studies/joining-forces-to-tackle-climate-change/,0
https://www.bath.ac.uk/case-studies/akriti-brady-and-policy-engagement/,0
https://www.bath.ac.uk/announcements/university-of-bath-unveils-the-uks-first-fully-recyclable-3g-pitch/,0
https://www.bath.ac.uk/campaigns/our-economic-and-social-impact/,0
https://www.bath.ac.uk/campaigns/sharing-knowledge-for-sustainable-enterprise/,0
https://www.bath.ac.uk/campaigns/the-ipr-policy-fellowship-programme/,0
https://www.bath.ac.uk/legal-information/sustainable-procurement-policy/,0
https://www.bath.ac.uk/campaigns/leave-no-trace/,0
https://www.bath.ac.uk/campaigns/buy-less-buy-better/,0
https://www.bath.ac.uk/legal-information/campus-infrastructure-sustainability-statement/,0
https://unihub.bath.ac.uk/students/lostaccount,0
https://unihub.bath.ac.uk/students,0
https://unihub.bath.ac.uk/providers/saml/SsoPostRedirect/1?returnUrl=%2Fs%2Fmyfuture%2FinfoPages%2Fdetail%2F288%2Fcareers-in-and-around-sustaina,0
https://unihub.bath.ac.uk/students/login?ReturnUrl=%2fs%2fmyfuture%2finfoPages%2fdetail%2f288%2fcareers-in-and-around-sustaina,0
https://www.bath.ac.uk/account/tools/reset,0
https://employers.unihub.bath.ac.uk/,0
https://unihub.bath.ac.uk/students/who?ReturnUrl=%2Fs%2Fmyfuture%2FinfoPages%2Fdetail%2F288%2Fcareers-in-and-around-sustaina,0
http://www.bath.ac.uk/bucs/help/contact,0
https://www.bath.ac.uk/guides/using-water-efficiently-in-labs,0
https://www.bath.ac.uk/research-institutes/institute-of-sustainability-and-climate-change,0
https://www.bath.ac.uk/campaigns/responsible-lab-waste-management/,0
https://teachinghub.bath.ac.uk/curriculum-principles/sustainability/,0
https://www.bath.ac.uk/guides/using-lab-equipment-sustainably/,0
https://www.bath.ac.uk/campaigns/laboratory-efficiency-assessment-framework-leaf,0
https://blogs.bath.ac.uk/climate-action/2025/05/21/postgrads-championing-sustainable-research-practices/,0
https://www.bath.ac.uk/guides/using-lab-ventilation-sustainably/,0
https://www.bath.ac.uk/publications/downloadable-resources-for-sustainable-lab-practices/,0
https://www.bath.ac.uk/guides/accessing-and-using-the-laboratory-efficiency-assessment-framework-leaf,0
https://www.bath.ac.uk/guides/using-cold-storage-sustainably/,0
https://www.bath.ac.uk/guides/recycling-lab-waste-to-reduce-environmental-impact/,0
https://www.bath.ac.uk/guides/considering-the-ethical-implications-of-your-research-on-the-environment,0
https://www.bath.ac.uk/guides/using-and-disposing-of-solvents-sustainably/,0
https://www.bath.ac.uk/guides/considering-the-ethical-implications-of-your-research-on-the-environment/,0
https://www.bath.ac.uk/services/laboratory-efficiency-assessment-framework-leaf/,0
https://www.bath.ac.uk/announcements/university-of-bath-commits-to-the-sustainable-future-of-research-and-innovation-practice,0
https://www.bath.ac.uk/guides/managing-chemicals-and-samples-sustainably/,0
https://www.bath.ac.uk/campaigns/funding-for-conducting-research-sustainably,0
https://www.bath.ac.uk/campaigns/save-energy-in-your-lab/,0
https://www.bath.ac.uk/guides/using-and-disposing-of-solvents-sustainably,0
https://www.bath.ac.uk/guides/using-water-efficiently-in-labs/,0
https://www.bath.ac.uk/campaigns/save-energy-in-your-lab,0
https://www.bath.ac.uk/guides/considering-sustainability-when-purchasing-for-labs,0
https://www.bath.ac.uk/guides/reducing-your-environmental-impact-when-travelling-for-research,0
https://www.bath.ac.uk/case-studies/sustainable-change-in-labs-70c-is-the-new-80c,0
https://www.bath.ac.uk/guides/considering-sustainability-when-purchasing-for-labs/,0
https://www.bath.ac.uk/events/?meta_label_and=sustainableresearch,0
https://www.bath.ac.uk/campaigns/take-action-for-sustainability-in-your-lab/,0
https://www.bath.ac.uk/announcements/?meta_label_and=sustainableresearch,0
https://www.bath.ac.uk/announcements/university-of-bath-commits-to-the-sustainable-future-of-research-and-innovation-practice/,0
https://www.bath.ac.uk/guides/minimising-lab-waste/,0
https://www.bath.ac.uk/campaigns/design-your-research-for-sustainability,0
https://www.bath.ac.uk/guides/accessing-and-using-the-laboratory-efficiency-assessment-framework-leaf/,0
https://www.bath.ac.uk/campaigns/research-with-impact/,0
https://www.bath.ac.uk/campaigns/responsible-lab-waste-management,0
https://www.bath.ac.uk/guides/managing-chemicals-and-samples-sustainably,0
https://www.bath.ac.uk/announcements/biggest-ever-uk-climate-fresk-workshops-take-place-at-university-of-bath/,0
https://www.bath.ac.uk/departments/department-of-life-sciences/,0
https://www.bath.ac.uk/guides/vertically-integrated-project-carers-centre-carbon-reduction-journey/,0
https://www.bath.ac.uk/announcements/bath-is-first-uk-university-to-sign-green-chemistry-commitment/,0
https://www.bath.ac.uk/guides/vertically-integrated-projects/,0
https://blogs.bath.ac.uk/clt/2025/05/22/vip-carers-centre-sustainability-and-carbon-reduction-journey/,0
http://www.bath.ac.uk/management/,0
https://www.bath.ac.uk/departments/department-of-chemistry/,0
https://blogs.bath.ac.uk/on-parade/2025/07/16/parade-profile-dr-vlad-jarkov-bsc-chemistry-2017-msc-sustainable-chemical-technologies-2018-phd-mechanical-engineering-2023/,0
https://teachinghub.bath.ac.uk/guide-category/embedding-sustainability/,0
https://search.bath.ac.uk/s/search.html?collection=bath%7Esp-ce-production-courses&query=sustainability&collection=ce-production-courses&f.Type+of+course%7CC=&f.Year+of+entry%7CE=,0
https://www.bath.ac.uk/departments/department-of-computer-science/,0
https://teachinghub.bath.ac.uk/guide/case-study-a-course-wide-approach-to-embedding-climate-and-sustainability-skills-in-electronic-and-electrical-engineering-degrees/,0
https://www.bath.ac.uk/departments/department-of-mechanical-engineering/,0
https://www.bath.ac.uk/departments/department-of-electronic-electrical-engineering/,0
https://blogs.bath.ac.uk/on-parade/2024/08/26/parade-profile-nik-sekhran-bsc-economics-1990/,0
https://reslife.bath.ac.uk/,0
https://blogs.bath.ac.uk/climate-action/2024/01/22/university-of-bath-joins-in-with-worldwide-movement-for-climate-action/,0
https://www.bath.ac.uk/announcements/workplace-essentials-a-new-workshop-series/,0
https://search.bath.ac.uk/s/search.html?f.Department+or+group%7CX=Climate+Action&collection=bath%7Esp-cms-production-announcements,0
https://www.bath.ac.uk/publications/sustainability-survey-results/attachments/2021-22-university-climate-action-survey-results.pdf,0
https://www.bath.ac.uk/publications/sustainability-survey-results/attachments/2022-23-university-climate-action-survey-results.pdf,0
https://www.bath.ac.uk/publications/sustainability-survey-results/attachments/2024-25-university-sustainability-survey-results.pdf,0
https://www.bath.ac.uk/publications/sustainability-survey-results/attachments/2023-24-university-climate-action-survey-results.pdf,0
https://www.bath.ac.uk/publications/sustainability-survey-results/,0
https://www.bath.ac.uk/publications/research-culture-action-plan-2024/,0
https://www.bath.ac.uk/guides/ethical-implications-of-the-impact-of-our-research-on-climate-change/,0
https://library.bath.ac.uk/research-data/,0
https://library.bath.ac.uk/open-access/whatisopenaccess,0
https://www.bath.ac.uk/guides/engaging-public-groups-with-your-research/,0
https://blogs.bath.ac.uk/climate-action/2024/06/11/carbon-jargon-buster/,0
https://blogs.bath.ac.uk/iprblog/2025/08/08/how-to-talk-to-your-friends-about-climate-action/,0
https://blogs.bath.ac.uk/business-and-society/2021/11/03/what-motivates-corporations-to-make-green-decisions/,0
https://blogs.bath.ac.uk/climate-action/2025/06/13/sustainability-podcast-the-power-of-your-student-voice/,0
https://www.bath.ac.uk/campaigns/work-with-us-for-a-sustainable-future/,0
https://www.bath.ac.uk/case-studies/the-vital-role-of-water-research-in-securing-a-sustainable-future/,0
https://blogs.bath.ac.uk/business-and-society/2021/12/07/bathbhr-why-climate-change-is-a-human-rights-issue/,0
https://www.bath.ac.uk/guides/working-sustainably,0
https://blogs.bath.ac.uk/climate-action/2024/02/15/top-tips-for-anyone-who-would-like-to-drive-climate-action-in-their-career/,0
https://www.bath.ac.uk/announcements/trio-of-students-work-with-local-organisations-as-part-of-santander-employability-projects-scheme/,0
https://www.bath.ac.uk/guides/become-an-isep-certified-sustainability-auditor-for-green-impact/,0
https://unihub.bath.ac.uk/s/myemployability/skills/providers?page=1&skillIds=69,0
https://www.bath.ac.uk/campaigns/become-a-climate-ambassador/,0
https://www.bath.ac.uk/professional-services/pensions/,0
https://www.bath.ac.uk/publications/investment-policy/attachments/investment_policy(2).pdf,0
https://unihub.bath.ac.uk/s/myskills/events?text=gardening&page=1&,0
https://www.bath.ac.uk/locations/eastwood-accommodation-complex/,0
https://www.bath.ac.uk/announcements/our-community-garden-now-open-on-campus/,0
https://www.bath.ac.uk/locations/esther-parkin-residence/,0
https://www.bath.ac.uk/professional-services/westwood-nursery/,0
https://www.bath.ac.uk/locations/8-west/,0
https://www.bath.ac.uk/locations/4-east-south/,0
https://www.bath.ac.uk/announcements/woodland-memorial-garden/,0
https://www.bath.ac.uk/locations/6-west-south/,0
https://www.bath.ac.uk/locations/6-west/,0
https://www.bath.ac.uk/locations/10-west/,0
https://blogs.bath.ac.uk/civic-engagement/2025/10/06/new-tree-trail/,0
https://www.bath.ac.uk/publications/walks-on-campus/,0
https://www.bath.ac.uk/announcements/one-young-world-bath-2026-to-celebrate-long-partnership-with-honorary-degree/,0
https://www.bath.ac.uk/announcements/university-of-bath-delegation-strengthens-youth-leadership-commitment-at-one-young-world-summit/,0
https://store.bath.ac.uk/product-catalogue/conferencescoursesevents/faculty-of-humanities-and-social-sciences/humanities/one-young-world-bath-2026,0
https://www.bath.ac.uk/events/one-young-world-bath-2026/,0
https://www.bath.ac.uk/research-centres/centre-for-21st-century-public-health/,0
https://www.bath.ac.uk/publications/student-guide-to-living-sustainably/attachments/student-guide-to-living-sustainably-references.docx,0
https://www.bath.ac.uk/publications/student-guide-to-living-sustainably/attachments/student-guide-to-living-sustainably.pdf,0
https://www.bath.ac.uk/campaigns/undergraduate-sanctuary-scholarship/,0
https://www.bath.ac.uk/publications/university-of-bath-access-and-participation-plans/,0
https://www.bath.ac.uk/teams/investment-sub-committee/,0
https://www.bath.ac.uk/campaigns/apply-for-funding-for-your-sustainability-project/,0
https://www.bath.ac.uk/announcements/get-active-this-june/,0
https://www.bath.ac.uk/teams/student-experience-advisory-board/,0
https://www.bath.ac.uk/announcements/what-will-a-heatwave-where-you-live-feel-like-in-2070-new-research-suggests-it-could-be-10c-hotter/,0
https://www.bath.ac.uk/announcements/londons-low-emission-zones-save-lives-and-money-new-study-finds/,0
https://www.bath.ac.uk/teams/sustainability-climate-action-steering-group/,0
https://teachinghub.bath.ac.uk/guide/empowering-students-with-design-thinking/,0
https://www.bath.ac.uk/announcements/independent-expert-group-calls-for-urgent-climate-action-in-wales/,0
https://www.bath.ac.uk/announcements/carbon-literacy-a-pathway-to-action/,0
https://www.bath.ac.uk/publications/university-travel-plan-2025-2030/,0
https://www.bath.ac.uk/campaigns/green-week-2024/,0
https://www.bath.ac.uk/announcements/bath-researchers-to-investigate-new-whole-system-ways-to-reach-net-zero/,0
https://www.bath.ac.uk/profiles/chief-operating-officer-ghazwa-alwani-starr/,0
https://www.bath.ac.uk/locations/parade/,0
https://www.bath.ac.uk/campaigns/wellbeing-activities/,0
https://www.bath.ac.uk/publications/university-of-bath-claverton-masterplan-report/,0
https://www.bath.ac.uk/teams/university-executive-board/,0
https://www.bath.ac.uk/announcements/new-materials-including-fungi-based-insulation-to-be-tested-for-sustainable-building-potential/,0
https://www.bath.ac.uk/teams/advancement-advisory-board/,0
https://www.bath.ac.uk/teams/education-advisory-board/,0
https://blogs.bath.ac.uk/climate-action/2025/02/07/the-power-of-small-actions-in-tackling-climate-change/,0
https://www.bath.ac.uk/teams/estates-strategy-and-buildings-advisory-board/,0
https://www.bath.ac.uk/announcements/achieving-95-clean-power-by-2030/,0
https://www.bath.ac.uk/publications/investment-policy/,0
https://www.bath.ac.uk/announcements/bath-part-of-11m-research-collaboration-to-help-cut-carbon-emissions-of-the-chemical-industry/,0
https://www.bath.ac.uk/announcements/bath-experts-set-to-help-people-vulnerable-to-floods-and-rising-seas-to-create-resilient-new-homes/,0
https://www.bath.ac.uk/announcements/new-community-larder-open-for-donations-and-collection/,0
https://www.bath.ac.uk/announcements/hydrogen-research-hub-uk-hyres-funds-10-new-projects-to-accelerate-the-uks-net-zero-transition/,0
https://www.bath.ac.uk/campaigns/cowrie-foundation-scholarship/,0
https://www.bath.ac.uk/announcements/bath-launches-uks-first-water-monitoring-centre-to-act-as-early-warning-system-for-community-health/,0
https://www.bath.ac.uk/announcements/new-technology-could-use-sunlight-to-break-down-forever-chemicals/,0
https://researchportal.bath.ac.uk/en/persons/frank-marken/,0
https://www.bath.ac.uk/campaigns/develop-your-sustainability-knowledge-and-skills,0
https://blogs.bath.ac.uk/sustainable-bath/2022/04/13/climate-change-can-one-person-really-make-a-difference/,0
https://www.bath.ac.uk/guides/student-change-projects/,0
https://blogs.bath.ac.uk/sustainable-bath/2025/06/13/sustainability-podcast-the-power-of-your-student-voice/,0
https://www.bath.ac.uk/teams/sustainability-and-climate-action-team/,0
https://blogs.bath.ac.uk/sustainable-bath/?ki-cf-botcl=1,0
https://www.bath.ac.uk/locations/university-medical-centre/,0
https://search.bath.ac.uk/s/search.html?collection=bath%7Esp-cms-production-events&f.Audience%7CZ=Students,0
https://blogs.bath.ac.uk/climate-action/2022/08/01/grounded-travel-why-academia-should-consider-ditching-flights-and-embracing-rail/,0
https://www.bath.ac.uk/guides/student-support-advice-service/,0
https://www.bath.ac.uk/publications/annual-sustainability-reports/attachments/energy-and-environment-report-2017.pdf,0
https://www.bath.ac.uk/publications/annual-sustainability-reports/attachments/energy-and-environment-report-2014.pdf,0
https://www.bath.ac.uk/publications/annual-sustainability-reports/attachments/energy-and-environment-report-2020.pdf,0
https://www.bath.ac.uk/publications/annual-sustainability-reports/attachments/climate-action-annual-report-2024.pdf,0
https://www.bath.ac.uk/publications/annual-sustainability-reports/attachments/carbon-plan-complying-with-ppn621-dec-2022.pdf,0
https://www.bath.ac.uk/publications/annual-sustainability-reports/attachments/climate-action-annual-report-2023.pdf,0
https://stories.bath.ac.uk/sustainability-report-2024-25/,0
https://www.bath.ac.uk/publications/annual-sustainability-reports/attachments/energy-and-environment-report-2019.pdf,0
https://www.bath.ac.uk/publications/annual-sustainability-reports/attachments/energy-and-environment-report-2018.pdf,0
https://www.bath.ac.uk/corporate-information/university-of-bath-climate-action-framework-principles/,0
https://www.bath.ac.uk/publications/annual-sustainability-reports/attachments/carbon-report-2021.pdf,0
https://www.bath.ac.uk/publications/annual-sustainability-reports/attachments/energy-and-environment-report-2013.pdf,0
https://www.bath.ac.uk/publications/annual-sustainability-reports/attachments/carbon-report-2022.pdf,0
https://www.bath.ac.uk/publications/annual-sustainability-reports/attachments/sustainability-annual-update-2025.pdf,0
https://www.bath.ac.uk/publications/annual-sustainability-reports/attachments/energy-and-environment-report-2016.pdf,0
https://www.bath.ac.uk/publications/annual-sustainability-reports/attachments/energy-and-environment-report-2012.pdf,0
https://researchportal.bath.ac.uk/en/persons/david-coley/,0
https://www.bath.ac.uk/announcements/pioneering-ai-tool-predicts-building-emissions-from-simple-text-descriptions/,0
https://www.bath.ac.uk/announcements/hairdressers-could-be-a-secret-weapon-in-tackling-climate-change-new-research-finds/,0
https://www.bath.ac.uk/campaigns/a-sustainable-food-commitment/blogs.bath.ac.uk/climate-action/2022/05/27/changing-diets-to-change-the-climate-are-you-willing/,0
https://bath.ac.uk/guides/sustainable-food-commitment-summary/,0
https://lists.bath.ac.uk/sympa/subscribe/bicycleusergroup?previous_action=info,0
https://www.bath.ac.uk/guides/cycle-to-work-scheme/,0
https://www.bath.ac.uk/guides/using-the-electric-cycle-loan-scheme/,0
https://wiki.bath.ac.uk/display/CYC/Cycling+up+Bath%27s+Hills,0
https://store.bath.ac.uk/product-catalogue/items-for-staff-students-and-alumni/dbs-fees-security-and-postal-services/bicycle-locks,0
https://www.bath.ac.uk/publications/claverton-down-bicycle-store-map/,0
https://www.bath.ac.uk/guides/applying-for-interest-free-loans-for-travel/,0
https://www.bath.ac.uk/publications/city-of-bath-walking-network/,0
https://www.bath.ac.uk/guides/storing-your-bicycle/,0
https://www.bath.ac.uk/publications/walks-on-campus/attachments/walks-on-campus.pdf,0
https://www.bath.ac.uk/teams/?f.Department+or+group%7CX=Faculty+of+Humanities+%26+Social+Sciences,0
https://www.bath.ac.uk/case-studies/?meta_label_and=studentcasestudyhss,0
https://www.bath.ac.uk/locations/10-east,0
https://www.bath.ac.uk/campaigns/how-we-support-you-during-your-humanities-and-social-sciences-placement/,0
https://www.bath.ac.uk/campaigns/enhance-your-employability-with-a-humanities-and-social-sciences-placement/,0
https://www.bath.ac.uk/campaigns/consultancy-projects-solve-a-real-world-business-challenge-as-part-of-your-degree/,0
https://www.bath.ac.uk/guides/how-to-apply-for-doctoral-study/,0
https://www.bath.ac.uk/campaigns/study-or-work-in-another-country-as-part-of-your-undergraduate-language-degree/,0
https://www.bath.ac.uk/departments/department-of-social-policy-sciences/,0
https://www.bath.ac.uk/teams/faculty-of-humanities-social-sciences-placements-team/,0
https://blogs.bath.ac.uk/students/category/postgraduate/,0
https://www.bath.ac.uk/topics/one-young-world-bath,0
https://www.bath.ac.uk/departments/department-of-psychology/,0
https://www.bath.ac.uk/publications/faculty-of-humanities-social-sciences-placement-provider-brochures/,0
https://www.bath.ac.uk/corporate-information/faculty-of-humanities-social-sciences-rankings-and-reputation/,0
https://www.bath.ac.uk/campaigns/attend-a-faculty-of-humanities-social-sciences-webinar/,0
https://www.bath.ac.uk/corporate-information/faculty-of-humanities-social-sciences-postgraduate-taught-courses/,0
https://www.bath.ac.uk/topics/faculty-of-humanities-social-sciences-offer-holder-events/,0
https://www.bath.ac.uk/faculties/faculty-of-humanities-social-sciences,0
https://www.bath.ac.uk/topics/faculty-of-humanities-social-sciences-placements/,0
https://www.bath.ac.uk/departments/department-of-economics/,0
https://www.bath.ac.uk/campaigns/living-in-bath-as-a-student/,0
https://www.bath.ac.uk/courses/doctoral-programme/faculty-of-humanities-social-sciences-postgraduate-research/,0
https://www.bath.ac.uk/departments/department-for-health/,0
https://blogs.bath.ac.uk/students/category/faculty-of-humanities-social-sciences/,0
https://www.bath.ac.uk/case-studies/?meta_label_and=hssplacements,0
https://www.bath.ac.uk/departments/department-of-politics-languages-international-studies/,0
https://www.bath.ac.uk/departments/department-of-education/,0
https://www.bath.ac.uk/courses/undergraduate/faculty-of-humanities-social-sciences-undergraduate-courses/,0
https://www.bath.ac.uk/services/equipment-database/,0
https://www.bath.ac.uk/guides/university-of-bath-net-zero-carbon-campus-fund/,0
https://www.bath.ac.uk/guides/find-internal-research-funding/,0
https://www.bath.ac.uk/guides/requesting-equipment-contributions/,0
https://www.bath.ac.uk/guides/how-to-decide-if-an-electric-vehicle-is-the-most-sustainable-travel-choice-for-you/,0
https://www.bath.ac.uk/guides/parking-permits-for-staff/,0
https://www.bath.ac.uk/campaigns/electric-vehicle-salary-sacrifice-scheme/,0
https://www.bath.ac.uk/publications/flexible-working-policy/,0
https://www.bath.ac.uk/topics/sanctuary-at-bath/,0
https://blogs.bath.ac.uk/gsp/,0
https://www.bath.ac.uk/announcements/how-your-student-voice-influences-sustainable-action/,0
https://www.bath.ac.uk/case-studies/sustainable-living-how-a-masters-student-is-making-a-difference/,0
https://www.bath.ac.uk/topics/one-young-world-bath/,0
https://www.bath.ac.uk/case-studies/management-meets-giovanna-laudisio/,0
https://www.bath.ac.uk/announcements/were-recycling-plastic-waste-back-into-the-lab-again/,0
https://www.bath.ac.uk/announcements/washing-machine-project-heads-to-refugee-camps-in-iraq/,0
https://www.bath.ac.uk/guides/using-green-impact/,0
https://typecase.bath.ac.uk/announcements/23422/edit,0
https://www.bath.ac.uk/events/introduction-to-sustainability-at-bath/,0
https://www.bath.ac.uk/publications/annual-energy-and-environment-reports/,0
https://www.bath.ac.uk/teams/?f.Department+or+group%7CX=Sustainable+Bath,0
https://blogs.bath.ac.uk/sustainable-bath/2026/03/03/meet-the-prize-winners-of-the-2025-26-sustainability-survey/?ki-cf-botcl=1,0
https://www.bath.ac.uk/case-studies/accelerating-impact-professor-chris-chuck-on-palm-oil-alternative-to-curb-deforestation/,0
https://www.bath.ac.uk/case-studies/predicting-extreme-weather-to-futureproof-our-built-environment-against-climate-change/,0
https://www.bath.ac.uk/case-studies/sustainable-change-in-labs-70c-is-the-new-80c/,0
https://stories.bath.ac.uk/engaging-the-public-with-the-climate-crisis/,0
https://stories.bath.ac.uk/culturing-meat-for-sustainable-nutrition/index.html,0
https://www.bath.ac.uk/announcements/4-6-million-for-gw4-alliance-project-to-retrofit-uk-homes-based-on-designs-to-push-beyond-net-zero/,0
https://www.bath.ac.uk/campaigns/bath-beacon-managing-antimicrobial-resistance-in-a-changing-world/,0
https://www.bath.ac.uk/case-studies/listening-to-icebergs-on-climate-change/,0
https://stories.bath.ac.uk/research-with-impact/working-with-communities-to-transform-existing-social-housing/,0
https://www.bath.ac.uk/case-studies/the-human-side-of-sustainability/,0
https://stories.bath.ac.uk/research-with-impact/how-bath-research-is-impacting-policy/,0
https://www.bath.ac.uk/locations/the-virgil-building/,0
https://www.bath.ac.uk/campaigns/the-east-building-event-space/,0
https://www.bath.ac.uk/corporate-information/pay-to-park-car-parking-prices/,0
https://www.bath.ac.uk/services/report-a-crime-or-incident/,0
https://www.bath.ac.uk/campaigns/the-edge-building-event-space/,0
https://www.bath.ac.uk/professional-services/guest-accommodation/,0
https://www.bath.ac.uk/guest-accommodation/booking-guest-accommodation/,0
https://www.bath.ac.uk/student-accommodation/polden-student-accommodation/,0
https://www.bath.ac.uk/student-accommodation/woodland-court-student-accommodation/,0
https://www.bath.ac.uk/locations/lime-tree/,0
https://www.bath.ac.uk/corporate-information/cctv-and-access-control/,0
https://www.bath.ac.uk/legal-information/group-accommodation-terms-and-conditions/,0
https://www.bath.ac.uk/professional-services/privately-rented-accommodation/,0
https://www.bath.ac.uk/announcements/make-sure-your-bicycle-is-securely-locked/,0
https://www.bath.ac.uk/guides/getting-to-and-staying-at-our-guest-accommodation/,0
https://www.bath.ac.uk/guides/recycling-in-university-accommodation,0
https://www.bath.ac.uk/announcements/food-outlet-monthly-opening-times/,0
https://www.bath.ac.uk/publications/student-accommodation-terms-and-conditions/,0
https://www.bath.ac.uk/corporate-information/visitor-car-parking-on-our-claverton-down-campus/,0
https://www.bath.ac.uk/campaigns/a-sustainable-food-commitment,0
https://www.bath.ac.uk/guides/community-larder-guidance/,0
https://www.bath.ac.uk/corporate-information/prices-of-parking-permits-for-students/,0
https://www.bath.ac.uk/publications/hospitality-outlets-map/attachments/hospitality-retail-outlets-map.pdf,0
https://www.bath.ac.uk/publications/waste-bins-on-campus,0
https://www.bath.ac.uk/services/report-a-pest-issue,0
https://www.bath.ac.uk/locations/green-park-house-reception/,0
https://www.bath.ac.uk/campaigns/the-chancellors-building-event-space/,0
https://www.bath.ac.uk/guides/get-help-when-you-are-locked-out-of-guest-accommodation/,0
https://www.bath.ac.uk/locations/the-market/,0
https://www.bath.ac.uk/locations/east-car-park-overflow/,0
https://www.bath.ac.uk/guides/receiving-mail-and-parcels-in-student-accommodation,0
https://www.bath.ac.uk/locations/west-car-park/,0
https://www.bath.ac.uk/locations/eastwood-lodge-parcel-room,0
https://www.bath.ac.uk/corporate-information/east-building-room-hire-price-list/,0
https://www.bath.ac.uk/locations/south-car-park/,0
https://www.bath.ac.uk/student-accommodation/eastwood-terrace-student-accommodation/,0
https://www.bath.ac.uk/services/book-a-secure-space-for-your-bicycle/,0
https://www.bath.ac.uk/legal-information/guest-accommodation-safeguarding-policy/,0
https://www.bath.ac.uk/locations/departmental-mail-services,0
https://www.bath.ac.uk/guides/using-the-laundry/,0
https://www.bath.ac.uk/campaigns/our-fairtrade-commitment/,0
https://www.bath.ac.uk/guides/applying-for-pre-sessional-student-accommodation/,0
https://www.bath.ac.uk/guides/managing-your-mental-health/,0
https://www.bath.ac.uk/guides/order-floral-displays-plants-and-flowers,0
https://www.bath.ac.uk/guides/the-accommodation-bursary-in-2024/,0
https://www.bath.ac.uk/student-accommodation/thornbank-gardens-student-accommodation/,0
https://www.bath.ac.uk/campaigns/the-students-guide-to-climate-action/,0
https://www.bath.ac.uk/guides/sending-mail-and-parcels-to-student-accommodation,0
https://www.bath.ac.uk/student-accommodation/clevelands-building-student-accommodation/,0
https://www.bath.ac.uk/student-accommodation/green-park-house-student-accommodation/,0
https://www.bath.ac.uk/guides/disposing-of-waste,0
https://www.bath.ac.uk/legal-information/guest-accommodation-terms-and-conditions/,0
https://www.bath.ac.uk/guides/donate-your-unwanted-items-to-charity-when-you-move-out-of-university-accommodation/,0
https://www.bath.ac.uk/legal-information/bicycle-storage-space-terms-and-conditions/,0
https://www.bath.ac.uk/corporate-information/the-chancellors-building-room-hire-price-list/,0
https://www.bath.ac.uk/forms/conferences-and-events-enquiry/,0
https://www.bath.ac.uk/student-accommodation/the-quads-student-accommodation/,0
https://www.bath.ac.uk/guides/where-to-eat-on-campus/,0
https://www.bath.ac.uk/student-accommodation/canal-wharf-student-accommodation/,0
https://www.bath.ac.uk/student-accommodation/pulteney-court-student-accommodation/,0
https://www.bath.ac.uk/guides/recycling-in-university-accommodation/,0
https://www.bath.ac.uk/guides/sending-and-receiving-mail-as-a-member-of-staff,0
https://www.bath.ac.uk/publications/food-direct-menu/,0
https://www.bath.ac.uk/locations/east-car-park/,0
https://www.bath.ac.uk/guides/contact-the-reslife-team/,0
https://www.bath.ac.uk/student-accommodation/marlborough-court-and-solsbury-court-student-accommodation/,0
https://www.bath.ac.uk/legal-information/parking-regulations/,0
https://www.bath.ac.uk/locations/north-car-park/,0
https://www.bath.ac.uk/guides/recycling-on-campus,0
https://www.bath.ac.uk/locations/4w-cafe/,0
https://www.bath.ac.uk/announcements/food-waste-recycling-launches-in-staff-kitchens/,0
https://www.bath.ac.uk/forms/private-sector-accommodation-support-enquiry-form/,0
https://www.bath.ac.uk/guides/request-help-with-cleaning-and-portering,0
https://www.bath.ac.uk/corporate-information/students-eligible-for-parking-permits/,0
https://www.bath.ac.uk/topics/bath-go/,0
https://www.bath.ac.uk/guides/conference-delegate-day-package/,0
https://www.bath.ac.uk/corporate-information/contents-insurance-for-students/,0
https://www.bath.ac.uk/topics/harassment-is-never-ok/,0
https://www.bath.ac.uk/professional-services/facilities-services/,0
https://www.bath.ac.uk/guides/host-your-conference-on-campus/,0
https://www.bath.ac.uk/guides/applying-for-university-accommodation-if-you-have-a-long-term-condition-or-disability/,0
https://www.bath.ac.uk/locations/fountain-canteen/,0
https://www.bath.ac.uk/locations/sports-cafe/,0
https://www.bath.ac.uk/guides/order-food-and-drink-for-your-event/,0
https://unihub.bath.ac.uk/students/login?ReturnUrl=%2f,0
https://www.bath.ac.uk/events/introduction-to-lab-sustainability-and-leaf/,0
https://www.bath.ac.uk/guides/disposing-of-waste/,0
https://www.bath.ac.uk/legal-information/safe-working-in-laboratories/,0
https://www.bath.ac.uk/campaigns/quick-guide-to-sustainable-working-practices/,0
https://www.bath.ac.uk/campaigns/get-involved-with-climate-action-as-a-member-of-staff/,0
https://www.bath.ac.uk/publications/guidance-on-how-to-book-or-cancel-your-place-on-a-course-using-employee-self-service-ess/,0
https://www.bath.ac.uk/campaigns/climate-literacy-course/,0
https://www.bath.ac.uk/professional-services/procurement/,0
https://www.bath.ac.uk/campaigns/what-is-sustainability,0
https://www.bath.ac.uk/services/research-bath-external-newsletter-opt-in/,0
http://www.bath.ac.uk/ris/news/research/optin.html,0
https://www.bath.ac.uk/guides/pure-user-guides/,0
https://www.bath.ac.uk/services/pure,0
https://www.bath.ac.uk/guides/editing-sdg-keywords-in-pure/,0
https://www.bath.ac.uk/guides/linking-to-organisations-in-pure/,0
https://www.bath.ac.uk/corporate-information/pure-terms-and-conditions/,0
https://www.bath.ac.uk/guides/adding-prizes-fellowships-learned-society-and-honorary-appointments-to-pure,0
https://www.bath.ac.uk/guides/researchfish/,0
https://www.bath.ac.uk/guides/getting-pure-reports/,0
https://www.bath.ac.uk/guides/adding-research-activities-to-pure/,0
https://www.bath.ac.uk/guides/visibility-settings-in-pure/,0
https://www.bath.ac.uk/guides/linking-content-in-pure/,0
https://www.bath.ac.uk/guides/personal-overview,0
https://www.bath.ac.uk/guides/overview-of-pure/,0
https://www.bath.ac.uk/guides/roles-and-permissions-in-pure/,0
https://www.bath.ac.uk/guides/adding-research-outputs-to-pure/,0
https://www.bath.ac.uk/guides/research-portal/,0
https://www.bath.ac.uk/guides/producing-your-research-activity-report-in-pure/,0
https://www.bath.ac.uk/guides/adding-projects-to-pure/,0
https://www.bath.ac.uk/guides/adding-your-orcid-to-pure/,0
https://www.bath.ac.uk/guides/adding-impact-records-to-pure/,0
https://preview.bath.ac.uk/guides/adding-press-and-media-content-to-pure/,0
https://www.bath.ac.uk/guides/updating-your-profile-on-pure-for-the-research-portal/,0
https://www.bath.ac.uk/guides/deposit-your-thesis-with-the-library/,0
https://www.bath.ac.uk/guides/what-to-add-to-your-pure-profile/,0
https://www.bath.ac.uk/guides/fingerprints-and-how-to-edit-them-in-pure/,0
https://www.bath.ac.uk/guides/logging-onto-pure-for-the-first-time/,0
https://www.bath.ac.uk/announcements/latest-pure-developments/,0
https://www.bath.ac.uk/guides/using-pure-if-you-are-a-doctoral-student/,0
https://www.bath.ac.uk/announcements/?f.Department+or+group%7CX=Research+%26+Innovation+Services,0
https://www.bath.ac.uk/professional-services/research-innovation-services-ris,0
https://www.bath.ac.uk/announcements/university-awarded-new-ktp-to-develop-software-for-knee-replacement-surgeries/www.orthoscape.uk,0
https://www.bath.ac.uk/guides/supporting-your-knowledge-exchange,0
https://www.bath.ac.uk/topics/research-integrity-and-ethics,0
https://www.bath.ac.uk/guides/using-our-proposal-to-award-management-pam-system,0
https://www.bath.ac.uk/guides/find-research-funding-and-equipment,0
https://www.bath.ac.uk/guides/trusted-research-protecting-you-and-your-research,0
https://www.bath.ac.uk/guides/impact-acceleration-accounts,0
https://www.bath.ac.uk/guides/applying-to-the-university-impact-fund,0
https://www.bath.ac.uk/guides/pure-user-guides,0
https://www.bath.ac.uk/topics/research-policy-and-governance,0
https://www.bath.ac.uk/campaigns/supporting-your-research-impact,0
http://www.bath.ac.uk/marketing/public-engagement/,0
https://www.bath.ac.uk/announcements/world-leading-and-internationally-excellent-research-recognised-at-the-university-of-bath/,0
https://www.bath.ac.uk/guides/research-proposal-development-and-submission,0
https://www.bath.ac.uk/guides/research-excellence-framework-ref,0
https://www.bath.ac.uk/guides/consultancy-services,0
https://www.bath.ac.uk/guides/fellowship-advice.bho,0
https://www.bath.ac.uk/corporate-information/our-results-in-the-research-excellence-framework-ref-2021/,0
https://www.bath.ac.uk/guides/researchfish,0
https://www.bath.ac.uk/guides/financial-administration-of-research-projects,0
https://www.bath.ac.uk/guides/employing-and-supporting-research-staff,0
https://www.bath.ac.uk/guides/commercialising-your-research,0
https://www.bath.ac.uk/guides/responding-to-tenders.bho,0
https://www.bath.ac.uk/guides/knowledge-transfer-partnerships,0
https://www.bath.ac.uk/teams/business-partnerships-and-knowledge-exchange/,0
https://researchportal.bath.ac.uk/en/persons/tom-fletcher,0
https://researchportal.bath.ac.uk/en/persons/mauro-carnevale,0
https://researchportal.bath.ac.uk/en/persons/samuel-bull,0
https://researchportal.bath.ac.uk/en/persons/carl-sangan,0
https://researchportal.bath.ac.uk/en/persons/charles-courtney,0
https://www.bath.ac.uk/professional-services/department-of-communications,0
https://www.bath.ac.uk/publications/management-knowledge-transfer-partnerships-mktps/attachments/management-knowledge-transfer-partnership-ktp.pdf,0
https://www.bath.ac.uk/services/?f.Department+or+group%7CX=Research+%26+Innovation+Services,0
https://blogs.bath.ac.uk/pvc-research/?ki-cf-botcl=1,0
https://www.bath.ac.uk/announcements/new-university-ktp-with-iomosaic/www.bath.ac.uk/guides/knowledge-transfer-partnerships/,0
https://www.bath.ac.uk/announcements/university-process-for-ams-springboard-scheme/,0
https://www.bath.ac.uk/professional-services/research-and-impact-services-ris,0
https://www.bath.ac.uk/publications/proposal-to-award-management-user-manuals/,0
https://www.bath.ac.uk/guides/research-proposal-development-and-submission/,0
https://www.bath.ac.uk/announcements/research-sustainability-changes-to-externally-funded-research-proposal-submission/,0
https://agresso.bath.ac.uk/BusinessWorld/Login/Login.aspx?ReturnUrl=%2fBusinessWorld,0
https://www.bath.ac.uk/teams/pre-award/,0
https://www.bath.ac.uk/publications/research-sustainability-and-recovery/,0
https://www.bath.ac.uk/teams/post-award/,0
https://www.bath.ac.uk/teams/research-excellence-and-impact/,0
https://www.bath.ac.uk/teams/research-development/,0
https://www.bath.ac.uk/teams/enterprise-and-regional-development/,0
https://www.bath.ac.uk/teams/ris-project-management-service/,0
https://www.bath.ac.uk/forms/research-innovation-services-ris-feedback/,0
https://www.bath.ac.uk/professional-services/public-engagement-unit,0
https://www.bath.ac.uk/teams/research-and-commercialisation-contracts/,0
http://www.bath.ac.uk/guides/how-research-and-innovation-services-can-help-new-academic-staff/,0
https://www.bath.ac.uk/teams/research-and-innovation-services-ris-management/,0
https://www.bath.ac.uk/teams/technology-transfer/,0
https://researchportal.bath.ac.uk/en/persons/tom-fincham-haines,0
https://researchportal.bath.ac.uk/en/persons/paul-shepherd,0
http://www.bath.ac.uk/corporate-information/disclaimer/,0
http://www.bath.ac.uk/locations/it-service-desk/,0
https://www.bath.ac.uk/guides/change-or-reset-your-university-password/,0
http://www.bath.ac.uk/foi/,0
http://www.bath.ac.uk/index,0
http://www.bath.ac.uk/corporate-information/copyright/,0
https://auth.bath.ac.uk/logout,0
http://www.bath.ac.uk/corporate-information/privacy-and-cookie-policy/,0
http://www.bath.ac.uk/,0
https://www.bath.ac.uk/announcements/two-university-of-bath-knowledge-transfer-partnerships-reach-finals-of-national-ktp-awards/mailto@partnerships@bath.ac.uk,0
https://www.bath.ac.uk/announcements/university-spin-out-company-bath-asu-receives-queens-award-for-enterprise-and-innovation/,0
https://researchportal.bath.ac.uk/en/persons/brian-squire,0
https://researchportal.bath.ac.uk/en/persons/iina-ikonen,0
https://blogs.bath.ac.uk/knowledge-exchange-and-research-impact/?ki-cf-botcl=1,0
https://researchportal.bath.ac.uk/en/organisations/?indexableKeyword=%2Fdk%2Fatira%2Fpure%2Fsustainabledevelopmentgoals%2Fpeace_justice_and_strong_institutions,0
https://researchportal.bath.ac.uk/en/publications/,0
https://researchportal.bath.ac.uk/en/organisations/?indexableKeyword=%2Fdk%2Fatira%2Fpure%2Fsustainabledevelopmentgoals%2Fsustainable_cities_and_communities,0
https://researchportal.bath.ac.uk/en/projects/?indexableKeyword=%2Fdk%2Fatira%2Fpure%2Fsustainabledevelopmentgoals%2Fsustainable_cities_and_communities,0
https://researchportal.bath.ac.uk/en/persons/?indexableKeyword=%2Fdk%2Fatira%2Fpure%2Fsustainabledevelopmentgoals%2Fresponsible_consumption_and_production,0
https://researchportal.bath.ac.uk/en/projects/?indexableKeyword=%2Fdk%2Fatira%2Fpure%2Fsustainabledevelopmentgoals%2Fpeace_justice_and_strong_institutions,0
https://researchportal.bath.ac.uk/en/projects/?indexableKeyword=%2Fdk%2Fatira%2Fpure%2Fsustainabledevelopmentgoals%2Fpartnerships,0
https://researchportal.bath.ac.uk/en/projects/?indexableKeyword=%2Fdk%2Fatira%2Fpure%2Fsustainabledevelopmentgoals%2Fno_poverty,0
https://researchportal.bath.ac.uk/en/publications/?indexableKeyword=%2Fdk%2Fatira%2Fpure%2Fsustainabledevelopmentgoals%2Fclean_water_and_sanitation,0
https://researchportal.bath.ac.uk/en/persons/?indexableKeyword=%2Fdk%2Fatira%2Fpure%2Fsustainabledevelopmentgoals%2Freduced_inequalities,0
https://researchportal.bath.ac.uk/en/studentTheses/,0
https://researchportal.bath.ac.uk/en/persons/?indexableKeyword=%2Fdk%2Fatira%2Fpure%2Fsustainabledevelopmentgoals%2Fno_poverty,0
https://researchportal.bath.ac.uk/en/activities/,0
https://researchportal.bath.ac.uk/en/web-accessibility/,0
https://researchportal.bath.ac.uk/en/publications/?indexableKeyword=%2Fdk%2Fatira%2Fpure%2Fsustainabledevelopmentgoals%2Findustry_innovation_and_infrastructure,0
https://researchportal.bath.ac.uk/en/projects/?indexableKeyword=%2Fdk%2Fatira%2Fpure%2Fsustainabledevelopmentgoals%2Freduced_inequalities,0
https://researchportal.bath.ac.uk/en/publications/?indexableKeyword=%2Fdk%2Fatira%2Fpure%2Fsustainabledevelopmentgoals%2Fzero_hunger,0
https://researchportal.bath.ac.uk/en/persons/?indexableKeyword=%2Fdk%2Fatira%2Fpure%2Fsustainabledevelopmentgoals%2Faffordable_and_clean_energy,0
https://researchportal.bath.ac.uk/en/,0
https://researchportal.bath.ac.uk/en/persons/?indexableKeyword=%2Fdk%2Fatira%2Fpure%2Fsustainabledevelopmentgoals%2Fpeace_justice_and_strong_institutions,0
https://researchportal.bath.ac.uk/en/publications/?indexableKeyword=%2Fdk%2Fatira%2Fpure%2Fsustainabledevelopmentgoals%2Fsustainable_cities_and_communities,0
https://researchportal.bath.ac.uk/en/projects/?indexableKeyword=%2Fdk%2Fatira%2Fpure%2Fsustainabledevelopmentgoals%2Flife_on_land,0
https://researchportal.bath.ac.uk/en/projects/?indexableKeyword=%2Fdk%2Fatira%2Fpure%2Fsustainabledevelopmentgoals%2Fclimate_action,0
https://researchportal.bath.ac.uk/en/organisations/?indexableKeyword=%2Fdk%2Fatira%2Fpure%2Fsustainabledevelopmentgoals%2Fclean_water_and_sanitation,0
https://researchportal.bath.ac.uk/en/persons/?indexableKeyword=%2Fdk%2Fatira%2Fpure%2Fsustainabledevelopmentgoals%2Fclimate_action,0
https://researchportal.bath.ac.uk/en/publications/?indexableKeyword=%2Fdk%2Fatira%2Fpure%2Fsustainabledevelopmentgoals%2Fclimate_action,0
https://researchportal.bath.ac.uk/en/persons/?indexableKeyword=%2Fdk%2Fatira%2Fpure%2Fsustainabledevelopmentgoals%2Fgender_equality,0
https://researchportal.bath.ac.uk/en/searchAll/advanced/,0
http://www.bath.ac.uk/business/,0
https://researchportal.bath.ac.uk/en/organisations/?indexableKeyword=%2Fdk%2Fatira%2Fpure%2Fsustainabledevelopmentgoals%2Flife_below_water,0
https://researchportal.bath.ac.uk/en/persons/?indexableKeyword=%2Fdk%2Fatira%2Fpure%2Fsustainabledevelopmentgoals%2Fsustainable_cities_and_communities,0
https://researchportal.bath.ac.uk/en/projects/?indexableKeyword=%2Fdk%2Fatira%2Fpure%2Fsustainabledevelopmentgoals%2Flife_below_water,0
https://researchportal.bath.ac.uk/en/organisations/,0
https://researchportal.bath.ac.uk/en/prizes/,0
https://researchportal.bath.ac.uk/en/persons/?indexableKeyword=%2Fdk%2Fatira%2Fpure%2Fsustainabledevelopmentgoals%2Flife_on_land,0
https://researchportal.bath.ac.uk/en/clippings/,0
https://researchportal.bath.ac.uk/en/publications/?indexableKeyword=%2Fdk%2Fatira%2Fpure%2Fsustainabledevelopmentgoals%2Flife_on_land,0
https://researchportal.bath.ac.uk/en/datasets/,0
https://researchportal.bath.ac.uk/en/projects/,0
https://researchportal.bath.ac.uk/en/publications/?indexableKeyword=%2Fdk%2Fatira%2Fpure%2Fsustainabledevelopmentgoals%2Fresponsible_consumption_and_production,0
https://researchportal.bath.ac.uk/en/projects/?indexableKeyword=%2Fdk%2Fatira%2Fpure%2Fsustainabledevelopmentgoals%2Fgender_equality,0
https://researchportal.bath.ac.uk/en/publications/?indexableKeyword=%2Fdk%2Fatira%2Fpure%2Fsustainabledevelopmentgoals%2Freduced_inequalities,0
https://researchportal.bath.ac.uk/en/projects/?indexableKeyword=%2Fdk%2Fatira%2Fpure%2Fsustainabledevelopmentgoals%2Fzero_hunger,0
https://researchportal.bath.ac.uk/en/publications/?indexableKeyword=%2Fdk%2Fatira%2Fpure%2Fsustainabledevelopmentgoals%2Flife_below_water,0
https://researchportal.bath.ac.uk/en/publications/?indexableKeyword=%2Fdk%2Fatira%2Fpure%2Fsustainabledevelopmentgoals%2Fpartnerships,0
https://researchportal.bath.ac.uk/en/persons/?indexableKeyword=%2Fdk%2Fatira%2Fpure%2Fsustainabledevelopmentgoals%2Fclean_water_and_sanitation,0
https://researchportal.bath.ac.uk/en/projects/?indexableKeyword=%2Fdk%2Fatira%2Fpure%2Fsustainabledevelopmentgoals%2Fquality_education,0
https://researchportal.bath.ac.uk/en/persons/?indexableKeyword=%2Fdk%2Fatira%2Fpure%2Fsustainabledevelopmentgoals%2Flife_below_water,0
https://researchportal.bath.ac.uk/en/projects/?indexableKeyword=%2Fdk%2Fatira%2Fpure%2Fsustainabledevelopmentgoals%2Fgood_health_and_well_being,0
https://researchportal.bath.ac.uk/en/persons/?indexableKeyword=%2Fdk%2Fatira%2Fpure%2Fsustainabledevelopmentgoals%2Fzero_hunger,0
https://researchportal.bath.ac.uk/en/persons/?indexableKeyword=%2Fdk%2Fatira%2Fpure%2Fsustainabledevelopmentgoals%2Fpartnerships,0
https://researchportal.bath.ac.uk/en/about/cookies/,0
https://researchportal.bath.ac.uk/en/persons/?indexableKeyword=%2Fdk%2Fatira%2Fpure%2Fsustainabledevelopmentgoals%2Fdecent_work_and_economic_growth,0
https://researchportal.bath.ac.uk/en/projects/?indexableKeyword=%2Fdk%2Fatira%2Fpure%2Fsustainabledevelopmentgoals%2Fclean_water_and_sanitation,0
https://researchportal.bath.ac.uk/en/projects/?indexableKeyword=%2Fdk%2Fatira%2Fpure%2Fsustainabledevelopmentgoals%2Findustry_innovation_and_infrastructure,0
https://researchportal.bath.ac.uk/en/organisations/?indexableKeyword=%2Fdk%2Fatira%2Fpure%2Fsustainabledevelopmentgoals%2Freduced_inequalities,0
https://researchportal.bath.ac.uk/en/organisations/?indexableKeyword=%2Fdk%2Fatira%2Fpure%2Fsustainabledevelopmentgoals%2Flife_on_land,0
https://www.bath.ac.uk/corporate-information/workforce-data-protection-and-privacy-statement/,0
https://researchportal.bath.ac.uk/en/publications/?indexableKeyword=%2Fdk%2Fatira%2Fpure%2Fsustainabledevelopmentgoals%2Fquality_education,0
https://researchportal.bath.ac.uk/en/projects/?indexableKeyword=%2Fdk%2Fatira%2Fpure%2Fsustainabledevelopmentgoals%2Faffordable_and_clean_energy,0
https://researchportal.bath.ac.uk/en/organisations/?indexableKeyword=%2Fdk%2Fatira%2Fpure%2Fsustainabledevelopmentgoals%2Fgood_health_and_well_being,0
https://researchportal.bath.ac.uk/en/projects/?indexableKeyword=%2Fdk%2Fatira%2Fpure%2Fsustainabledevelopmentgoals%2Fresponsible_consumption_and_production,0
https://researchportal.bath.ac.uk/en/publications/?indexableKeyword=%2Fdk%2Fatira%2Fpure%2Fsustainabledevelopmentgoals%2Fno_poverty,0
https://researchportal.bath.ac.uk/en/organisations/?indexableKeyword=%2Fdk%2Fatira%2Fpure%2Fsustainabledevelopmentgoals%2Fdecent_work_and_economic_growth,0
https://researchportal.bath.ac.uk/en/persons/,0
https://researchportal.bath.ac.uk/en/publications/?indexableKeyword=%2Fdk%2Fatira%2Fpure%2Fsustainabledevelopmentgoals%2Fgender_equality,0
https://researchportal.bath.ac.uk/en/publications/?indexableKeyword=%2Fdk%2Fatira%2Fpure%2Fsustainabledevelopmentgoals%2Faffordable_and_clean_energy,0
https://researchportal.bath.ac.uk/en/publications/?indexableKeyword=%2Fdk%2Fatira%2Fpure%2Fsustainabledevelopmentgoals%2Fgood_health_and_well_being,0
https://researchportal.bath.ac.uk/en/organisations/?indexableKeyword=%2Fdk%2Fatira%2Fpure%2Fsustainabledevelopmentgoals%2Fresponsible_consumption_and_production,0
https://researchportal.bath.ac.uk/en/persons/?indexableKeyword=%2Fdk%2Fatira%2Fpure%2Fsustainabledevelopmentgoals%2Fgood_health_and_well_being,0
https://researchportal.bath.ac.uk/en/publications/?indexableKeyword=%2Fdk%2Fatira%2Fpure%2Fsustainabledevelopmentgoals%2Fdecent_work_and_economic_growth,0
https://researchportal.bath.ac.uk/en/organisations/?indexableKeyword=%2Fdk%2Fatira%2Fpure%2Fsustainabledevelopmentgoals%2Findustry_innovation_and_infrastructure,0
https://researchportal.bath.ac.uk/en/organisations/?indexableKeyword=%2Fdk%2Fatira%2Fpure%2Fsustainabledevelopmentgoals%2Fclimate_action,0
https://researchportal.bath.ac.uk/en/persons/?indexableKeyword=%2Fdk%2Fatira%2Fpure%2Fsustainabledevelopmentgoals%2Fquality_education,0
https://researchportal.bath.ac.uk/en/persons/?indexableKeyword=%2Fdk%2Fatira%2Fpure%2Fsustainabledevelopmentgoals%2Findustry_innovation_and_infrastructure,0
https://researchportal.bath.ac.uk/en/projects/?indexableKeyword=%2Fdk%2Fatira%2Fpure%2Fsustainabledevelopmentgoals%2Fdecent_work_and_economic_growth,0
https://researchportal.bath.ac.uk/en/organisations/?indexableKeyword=%2Fdk%2Fatira%2Fpure%2Fsustainabledevelopmentgoals%2Fgender_equality,0
https://researchportal.bath.ac.uk/en/publications/?indexableKeyword=%2Fdk%2Fatira%2Fpure%2Fsustainabledevelopmentgoals%2Fpeace_justice_and_strong_institutions,0
https://researchportal.bath.ac.uk/en/persons/timothy-hill,0
https://researchportal.bath.ac.uk/en/persons/jeffrey-lambert,0
https://researchportal.bath.ac.uk/en/persons/joanne-hinds,0
https://researchportal.bath.ac.uk/en/persons/lukasz-piwek,0
https://www.bath.ac.uk/teams/?f.Department+or+group%7CX=Communications,0
https://researchportal.bath.ac.uk/en/persons/michael-richardson,0
https://researchportal.bath.ac.uk/en/persons/laura-g-e-smith,0
https://researchportal.bath.ac.uk/en/persons/benoit-dillet,0
https://researchportal.bath.ac.uk/en/persons/david-ellis,0
https://researchportal.bath.ac.uk/en/persons/catherine-hamilton-giachritsis,0
https://researchportal.bath.ac.uk/en/persons/brit-davidson,0
https://researchportal.bath.ac.uk/en/persons/max-western,0
https://researchportal.bath.ac.uk/en/persons/liv-brown,0
https://www.bath.ac.uk/teams/digital-technology-academic-experts/,0
https://researchportal.bath.ac.uk/en/persons/alicia-cork,0
https://www.bath.ac.uk/person/1731426,0
https://www.bath.ac.uk/person/1646416,0
https://www.bath.ac.uk/person/1707274,0
https://www.bath.ac.uk/person/1392667,0
https://www.bath.ac.uk/person/1389573,0
https://www.bath.ac.uk/person/503667,0
http://www.bath.ac.uk/person/503620,0
http://www.bath.ac.uk/person/1598103,0
https://www.bath.ac.uk/person/1599593,0
http://www.bath.ac.uk/person/505781,0
http://www.bath.ac.uk/person/1342666,0
https://www.bath.ac.uk/profiles/associate-director-communications-engagement-lynn-li/,0
http://www.bath.ac.uk/person/508813,0
https://www.bath.ac.uk/person/1419030,0
https://www.bath.ac.uk/person/1418355,0
https://www.bath.ac.uk/person/1439594,0
https://www.bath.ac.uk/announcements/bath-student-wins-at-europes-largest-student-hackathon/,0
https://researchportal.bath.ac.uk/en/persons/emma-emanuelsson-patterson/,0
https://www.bath.ac.uk/announcements/chemically-stapled-peptides-used-to-target-difficult-to-treat-cancers/,0
https://www.bath.ac.uk/guides/communicating-your-messages-to-students,0
https://www.bath.ac.uk/guides/guide-to-working-with-the-media,0
https://www.bath.ac.uk/guides/communicating-your-messages-to-colleagues-across-the-university,0
https://www.bath.ac.uk/topics/media-centre,0
https://www.bath.ac.uk/guides/how-the-press-office-can-help-you-with-news-and-media-enquiries,0
https://www.bath.ac.uk/announcements/media-training-from-the-university-of-bath-press-office,0
https://www.bath.ac.uk/guides/how-the-social-media-team-can-help-you,0
https://www.bath.ac.uk/legal-information/communications-protocol.bho,0
https://researchportal.bath.ac.uk/en/persons/christopher-pudney,0
https://stories.bath.ac.uk/stemming-the-flow-of-drugs-into-prisons/index.html,0
https://researchportal.bath.ac.uk/en/persons/christopher-pudney/network/,0
https://researchportal.bath.ac.uk/en/persons/tom-freeman/,0
https://researchportal.bath.ac.uk/en/persons/christopher-pudney/publications/?type=%2Fdk%2Fatira%2Fpure%2Fresearchoutput%2Fresearchoutputtypes%2Fcontributiontojournal%2Fsystematicreview,0
https://researchportal.bath.ac.uk/en/persons/beate-ehrhardt/,0
https://researchportal.bath.ac.uk/en/projects/rapid-detection-of-synthetic-opioid-an-operational-prototype/,0
https://researchportal.bath.ac.uk/en/persons/christopher-pudney/projects/,0
https://researchportal.bath.ac.uk/en/organisations/institute-of-sustainability-and-climate-change/,0
https://researchportal.bath.ac.uk/en/persons/christopher-pudney/prizes/,0
https://researchportal.bath.ac.uk/en/projects/flf-reducing-cannabis-harms-through-evidence-based-drug-policy/,0
https://researchportal.bath.ac.uk/en/persons/christopher-pudney/projects/?status=FINISHED,0
https://researchportal.bath.ac.uk/en/prizes/royal-society-of-chemistrys-analytical-science-horizon-prize-sir-/,0
https://researchportal.bath.ac.uk/en/persons/matthew-gardner/,0
https://researchportal.bath.ac.uk/en/publications/development-and-evaluation-of-a-washing-method-for-the-removal-of/,0
https://researchportal.bath.ac.uk/en/persons/christopher-pudney/activities/,0
https://researchportal.bath.ac.uk/en/prizes/royal-society-of-chemistry-analytical-science-horizon-prize-sir-g/,0
https://researchportal.bath.ac.uk/en/persons/rachel-lees-thorne/,0
https://researchportal.bath.ac.uk/en/projects/an-ultra-portable-device-for-the-instant-detection-of-synthetic-c-2/,0
https://researchportal.bath.ac.uk/en/organisations/centre-for-therapeutic-innovation/,0
https://researchportal.bath.ac.uk/en/persons/christopher-pudney/projects/?status=RUNNING,0
https://researchportal.bath.ac.uk/en/publications/field-portable-device-for-detection-of-controlled-and-psychoactiv/,0
https://researchportal.bath.ac.uk/en/projects/iaa-delivering-a-commercial-answer-to-the-problem-of-spice-enteri/,0
https://researchportal.bath.ac.uk/en/activities/agency-for-science-technology-and-research/,0
https://researchportal.bath.ac.uk/en/persons/christopher-pudney/similar/,0
https://researchportal.bath.ac.uk/en/persons/stephen-husbands/,0
https://researchportal.bath.ac.uk/en/publications/bromazolam-tablet-quantification-and-analysis-of-post-mortem-case/,0
https://researchportal.bath.ac.uk/en/persons/christopher-pudney/supervised/,0
https://researchportal.bath.ac.uk/en/persons/christopher-pudney/publications/?type=%2Fdk%2Fatira%2Fpure%2Fresearchoutput%2Fresearchoutputtypes%2Fcontributiontobookanthology%2Fchapter,0
https://researchportal.bath.ac.uk/en/activities/nanyang-technological-university/,0
https://researchportal.bath.ac.uk/en/persons/despina-moschou/,0
https://www.bath.ac.uk/announcements/bath-researchers-win-1-3m-funding-to-make-a-portable-device-to-detect-street-drug-spice/,0
https://researchportal.bath.ac.uk/en/persons/matt-grayson/,0
https://researchportal.bath.ac.uk/en/persons/hannah-leese/,0
https://researchportal.bath.ac.uk/en/persons/dave-elkins/,0
https://researchportal.bath.ac.uk/en/persons/christopher-pudney/publications/?type=%2Fdk%2Fatira%2Fpure%2Fresearchoutput%2Fresearchoutputtypes%2Fcontributiontojournal%2Farticle&type=%2Fdk%2Fatira%2Fpure%2Fresearchoutput%2Fresearchoutputtypes%2Fcontributiontoperiodical%2Farticle,0
https://researchportal.bath.ac.uk/en/publications/environmental-dipolar-relaxation-during-excited-state-proton-tran/,0
https://researchportal.bath.ac.uk/en/persons/christopher-pudney/fingerprints/,0
https://researchportal.bath.ac.uk/en/persons/lindsey-hines/,0
https://researchportal.bath.ac.uk/en/persons/tom-haines-fincham-haines/,0
https://researchportal.bath.ac.uk/en/persons/simon-lewis/,0
https://researchportal.bath.ac.uk/en/persons/christopher-pudney/publications/,0
https://researchportal.bath.ac.uk/en/persons/tristan-pryer/,0
https://researchportal.bath.ac.uk/cdn-cgi/l/email-protection,0
https://researchportal.bath.ac.uk/en/persons/christopher-pudney/publications/?type=%2Fdk%2Fatira%2Fpure%2Fresearchoutput%2Fresearchoutputtypes%2Fpatent%2Fpatent,0
https://researchportal.bath.ac.uk/en/organisations/innovation-bridge/,0
https://researchportal.bath.ac.uk/en/persons/pedro-estrela/,0
https://researchportal.bath.ac.uk/en/projects/a-portable-vape-detection-device/,0
https://researchportal.bath.ac.uk/en/persons/christopher-pudney/activities/?type=%2Fdk%2Fatira%2Fpure%2Factivity%2Factivitytypes%2Fvisitother%2Fvisiting_researcher,0
https://researchportal.bath.ac.uk/en/persons/gyles-cozier/,0
https://researchportal.bath.ac.uk/en/organisations/department-of-life-sciences/,0
https://researchportal.bath.ac.uk/en/organisations/centre-for-sustainable-and-chemical-technologies-csct/,0
https://researchportal.bath.ac.uk/en/publications/detection-and-quantification-of-synthetic-cannabinoids-in-seven-i/,0
https://researchportal.bath.ac.uk/en/persons/alexander-power/,0
https://researchportal.bath.ac.uk/en/organisations/centre-for-bioengineering-biomedical-technologies-cbio/,0
https://www.bath.ac.uk/guides/applying-to-bath-as-an-estranged-student/,0
https://www.bath.ac.uk/campaigns/lgbtq-connect/,0
https://www.bath.ac.uk/campaigns/be-well-talk-now/,0
https://www.bath.ac.uk/campaigns/be-well-app/,0
https://www.bath.ac.uk/guides/scholarships-for-international-undergraduate-students/,0
https://www.bath.ac.uk/campaigns/lgbtq-student-support-at-bath/,0
https://www.bath.ac.uk/guides/wellbeing-a-z,0
http://bath.ac.uk/guides/book-an-appointment-with-student-support,0
https://www.bath.ac.uk/guides/applying-to-bath-as-a-refugee-or-an-asylum-seeker/,0
https://www.bath.ac.uk/publications/guaranteed-conditional-offers-for-care-leavers-terms-and-conditions/,0
https://www.bath.ac.uk/person/1398751,0
https://unihub.bath.ac.uk/students/events?eventTypeIds=23&page=1,0
https://www.bath.ac.uk/corporate-information/wellbeing-support-out-of-hours/,0
https://www.bath.ac.uk/guides/hiring-or-buying-a-graduation-gown/,0
https://www.bath.ac.uk/guides/student-support-staff-training/,0
https://unihub.bath.ac.uk/s/myskills/appointments/app/topic/38?siteId=3,0
https://www.bath.ac.uk/guides/mental-health-wellbeing-service/,0
https://www.bath.ac.uk/guides/budgeting/,0
https://www.bath.ac.uk/campaigns/six-ways-to-be-well,0
https://www.bath.ac.uk/guides/sensory-room/,0
https://www.bath.ac.uk/guides/applying-to-bath-as-a-student-with-caring-responsibilities-young-adult-carer,0
https://www.bath.ac.uk/topics/academic-advising-guidance/,0
https://www.bath.ac.uk/guides/student-support-for-apprentices/,0
https://www.bath.ac.uk/topics/harassment-and-sexual-misconduct/,0
https://www.bath.ac.uk/campaigns/be-well/,0
https://www.bath.ac.uk/corporate-information/care-leavers-and-foyer-bursary-terms-and-conditions/,0
https://www.bath.ac.uk/guides/social-prescribing-at-bath/,0
https://www.bath.ac.uk/campaigns/social-networking-group/,0
https://www.bath.ac.uk/guides/therapeutic-service-at-the-university/,0
https://www.bath.ac.uk/guides/supported-social-groups,0
http://blogs.bath.ac.uk/students/category/estranged-students/,0
https://www.bath.ac.uk/guides/how-to-support-a-friend-feeling-suicidal/,0
https://www.bath.ac.uk/corporate-information/estranged-student-bursary-terms-and-conditions/,0
https://www.bath.ac.uk/guides/applying-to-bath-as-a-care-leaver/,0
https://www.bath.ac.uk/person/1306036,0
https://www.bath.ac.uk/campaigns/bereavement-social-group/,0
https://www.bath.ac.uk/campaigns/black-students-network/,0
https://www.bath.ac.uk/guides/sexual-violence-and-domestic-abuse-response-service,0
https://www.bath.ac.uk/guides/student-trusted-contact-guidance/,0
https://www.bath.ac.uk/campaigns/blackbullion/,0
https://www.bath.ac.uk/guides/finding-private-sector-accommodation/,0
https://www.bath.ac.uk/campaigns/autism-social-group/,0
https://www.bath.ac.uk/legal-information/young-adult-carers-undergraduate-bursary-terms-and-conditions/,0
https://www.bath.ac.uk/guides/student-parents/,0
https://www.bath.ac.uk/guides/making-an-appointment-or-attending-a-drop-in-session-with-student-money-advice/,0
https://www.bath.ac.uk/campaigns/short-term-pharmacy-clinical-placement-loans/,0
https://www.bath.ac.uk/publications/undergraduate-bursary-and-scholarship-terms-and-conditions-2026-27/attachments/bath-campus-terms-and-conditions-2026-7.pdf,0
https://www.bath.ac.uk/guides/campus-credit/,0
https://www.bath.ac.uk/corporate-information/historic-undergraduate-bursary-and-scholarship-terms-and-conditions/,0
https://www.bath.ac.uk/guides/household-income-assessment-without-taking-a-student-loan/,0
https://www.bath.ac.uk/guides/the-claverton-scholarship-programme/,0
https://www.bath.ac.uk/guides/funding-and-loans-for-us-students-studying-in-the-uk/,0
https://www.bath.ac.uk/guides/managing-your-money/,0
https://www.bath.ac.uk/announcements/new-access-and-participation-plan-published/,0
https://www.bath.ac.uk/publications/undergraduate-bursary-and-scholarship-terms-and-conditions-2024-25/attachments/campus-credit-terms-conditions-2024-25.pdf,0
https://www.bath.ac.uk/guides/extra-costs-in-addition-to-tuition-fees/,0
https://www.bath.ac.uk/publications/undergraduate-bursary-and-scholarship-terms-and-conditions-2026-27/attachments/placement-bursary-terms-and-conditions-2026-7(2).pdf,0
https://www.bath.ac.uk/guides/alumni-fund-placement-grants/,0
https://www.bath.ac.uk/guides/planning-your-finances-for-your-placement-year/,0
https://www.bath.ac.uk/campaigns/the-turing-scheme/,0
https://www.bath.ac.uk/campaigns/santander-scholarship/,0
https://www.bath.ac.uk/publications/financial-support-fund-terms-and-conditions/,0
https://www.bath.ac.uk/guides/supporting-you-to-access-technology/,0
https://www.bath.ac.uk/professional-services/it-purchasing/,0
https://www.bath.ac.uk/guides/applying-for-the-sanctuary-scholarship/,0
https://www.bath.ac.uk/publications/university-and-refugees/,0
https://www.bath.ac.uk/campaigns/the-bath-bursary/,0
https://www.bath.ac.uk/legal-information/refugee-undergraduate-bursary-terms-and-conditions/,0
https://www.bath.ac.uk/guides/applying-for-a-postgraduate-loan/,0
https://www.bath.ac.uk/campaigns/sanctuary-at-bath/,0
https://www.bath.ac.uk/campaigns/gold-scholarship-programme/,0
https://www.bath.ac.uk/publications/undergraduate-bursary-and-scholarship-terms-and-conditions-2026-27/attachments/international-scholarship-terms-and-conditions-2026-7.pdf,0
https://www.bath.ac.uk/services/application-tracker-for-undergraduate-courses/,0
https://www.bath.ac.uk/legal-information/contextual-data-used-for-undergraduate-admissions/,0
https://www.bath.ac.uk/publications/undergraduate-bursary-and-scholarship-terms-and-conditions-2026-27/attachments/gold-scholarship-programme-2026-7.pdf,0
https://www.bath.ac.uk/campaigns/supporting-the-university/,0
https://www.bath.ac.uk/guides/submission-pending-and-training-support-fees-for-postgraduate-research-students,0
https://www.bath.ac.uk/corporate-information/what-your-tuition-fees-pay-for,0
https://www.bath.ac.uk/legal-information/terms-and-conditions-for-tuition-fee-discounts-for-alumni,0
https://www.bath.ac.uk/corporate-information/fees-for-postgraduate-students-spending-part-of-the-year-at-bath,0
https://www.bath.ac.uk/corporate-information/faculty-of-humanities-social-sciences-taught-postgraduate-tuition-fees-2026-27,0
https://www.bath.ac.uk/corporate-information/?meta_label_and=pgrcurrentfees,0
https://search.bath.ac.uk/s/search.html?collection=bath~sp-cms-production-corporate-information&meta_label_and=taughtpostgraduate&meta_label_and=previousfees&start_rank=1,0
https://www.bath.ac.uk/corporate-information/faculty-of-humanities-social-sciences-postgraduate-research-tuition-fees-2026-27,0
https://www.bath.ac.uk/corporate-information/postgraduate-fees-for-occasional-students,0
https://www.bath.ac.uk/corporate-information/school-of-management-taught-postgraduate-tuition-fees-2026-27,0
https://www.bath.ac.uk/corporate-information/tuition-fees-for-undergraduate-students-who-started-in-2024,0
https://www.bath.ac.uk/corporate-information/faculty-of-science-taught-postgraduate-tuition-fees-2026-27,0
https://www.bath.ac.uk/corporate-information/?meta_label_and=pgrcontinuingfees,0
https://www.bath.ac.uk/guides/paying-your-tuition-fees,0
https://www.bath.ac.uk/legal-information/important-terms-and-conditions-for-applicants,0
https://www.bath.ac.uk/legal-information/terms-and-conditions-for-tuition-fee-payments-for-online-courses,0
https://www.bath.ac.uk/corporate-information/school-of-management-postgraduate-research-tuition-fees-2026-27,0
https://www.bath.ac.uk/corporate-information/tuition-fees-for-online-msc-courses-in-2026,0
https://www.bath.ac.uk/corporate-information/faculty-of-engineering-design-taught-postgraduate-tuition-fees-2026-27,0
https://www.bath.ac.uk/corporate-information/faculty-of-science-postgraduate-research-tuition-fees-2026-27,0
https://www.bath.ac.uk/corporate-information/fees-for-industrially-and-externally-based-postgraduate-students,0
https://www.bath.ac.uk/guides/understanding-your-tuition-fee-status,0
https://www.bath.ac.uk/corporate-information/faculty-of-engineering-design-postgraduate-research-tuition-fees-2026-27,0
https://www.bath.ac.uk/corporate-information/tuition-fees-for-undergraduate-students-who-started-in-2023,0
https://www.bath.ac.uk/guides/extra-costs-in-addition-to-tuition-fees,0
https://www.bath.ac.uk/corporate-information/tuition-fees-for-undergraduate-students-who-started-in-2025,0
https://www.bath.ac.uk/campaigns/alumni-discount-on-msc-applied-psychology-conversion-tuition-fees,0
https://www.bath.ac.uk/corporate-information/higher-doctorate-fee,0
https://www.bath.ac.uk/corporate-information/university-income-and-expenditure,0
https://www.bath.ac.uk/corporate-information/tuition-fees-for-undergraduate-students-starting-in-2026,0
https://www.bath.ac.uk/corporate-information/tuition-fees-for-undergraduate-students-who-started-in-2022,0
https://www.bath.ac.uk/campaigns/?meta_label_and=managementfunding&?f.Department+or+group%7CX=Doctoral+College,0
https://www.bath.ac.uk/campaigns/?meta_label_and=sciencefunding&?f.Department+or+group%7CX=Doctoral+College,0
https://www.bath.ac.uk/corporate-information/school-of-management-postgraduate-research-tuition-fees-2026-27/,0
https://www.bath.ac.uk/campaigns/the-vice-chancellors-international-scholarships/,0
https://www.bath.ac.uk/campaigns/funding-opportunities-for-new-doctoral-students-from-china,0
https://www.bath.ac.uk/campaigns/funding-opportunities-for-new-doctoral-students-from-commonwealth-countries,0
https://www.bath.ac.uk/corporate-information/faculty-of-science-postgraduate-research-tuition-fees-2026-27/,0
https://www.bath.ac.uk/teams/doctoral-college-recruitment-and-programmes-team/,0
https://www.bath.ac.uk/campaigns/funding-opportunities-for-new-doctoral-students-from-turkey,0
https://www.bath.ac.uk/campaigns/?meta_label_and=engineeringfunding&?f.Department+or+group%7CX=Doctoral+College,0
https://www.bath.ac.uk/campaigns/funding-opportunities-for-new-doctoral-students-from-canada,0
https://www.bath.ac.uk/campaigns/?meta_label_and=humanitiesfunding&?f.Department+or+group%7CX=Doctoral+College,0
https://www.bath.ac.uk/corporate-information/faculty-of-engineering-design-postgraduate-research-tuition-fees-2026-27/,0
https://www.bath.ac.uk/campaigns/find-funding-for-doctoral-research/corporate-information/postgraduate-research-degrees-english-language-requirements-for-international-students,0
https://www.bath.ac.uk/corporate-information/faculty-of-humanities-social-sciences-postgraduate-research-tuition-fees-2026-27/,0
https://www.bath.ac.uk/corporate-information/types-of-research-degrees/,0
https://www.bath.ac.uk/campaigns/funding-opportunities-for-new-doctoral-students-from-the-americas/,0
https://www.bath.ac.uk/campaigns/research-with-impact-phd-scholarships/,0
https://www.bath.ac.uk/publications/undergraduate-bursary-and-scholarship-terms-and-conditions-2025-26/attachments/cowrie-foundation-scholarship-terms-and-conditions-2025-26.pdf,0
https://www.bath.ac.uk/publications/undergraduate-bursary-and-scholarship-terms-and-conditions-2025-26/attachments/accommodation-bursary-bath-campus-2025-6.pdf,0
https://www.bath.ac.uk/publications/undergraduate-bursary-and-scholarship-terms-and-conditions-2025-26/attachments/placement-bursary-terms-conditions-2025-26.pdf,0
https://www.bath.ac.uk/publications/undergraduate-bursary-and-scholarship-terms-and-conditions-2025-26/attachments/accommodation-bursary-plymouth-campus-2025-6.pdf,0
https://www.bath.ac.uk/publications/undergraduate-bursary-and-scholarship-terms-and-conditions-2025-26/attachments/arts-scholarships-terms-and-conditions-2025-26.pdf,0
https://www.bath.ac.uk/publications/undergraduate-bursary-and-scholarship-terms-and-conditions-2025-26/attachments/plymouth-undergraduate-bursaries-scholarships-terms-conditions-2025-26.pdf,0
https://www.bath.ac.uk/publications/undergraduate-bursary-and-scholarship-terms-and-conditions-2025-26/attachments/campus-credit-terms-conditions-2025-26.pdf,0
https://www.bath.ac.uk/publications/undergraduate-bursary-and-scholarship-terms-and-conditions-2025-26/attachments/international-scholarships-terms-conditions-2025-26.pdf,0
https://www.bath.ac.uk/publications/undergraduate-bursary-and-scholarship-terms-and-conditions-2025-26/attachments/claverton-scholarship-programme-terms-and-conditions-2025-6(2).pdf,0
https://www.bath.ac.uk/publications/undergraduate-bursary-and-scholarship-terms-and-conditions-2025-26/attachments/gold-scholarship-programme-terms-conditions_2025-6.pdf,0
https://www.bath.ac.uk/publications/undergraduate-bursary-and-scholarship-terms-and-conditions-2025-26/attachments/arts-scholarships-calendar-2025-26.pdf,0
https://www.bath.ac.uk/publications/undergraduate-bursary-and-scholarship-terms-and-conditions-2025-26/attachments/undergraduate-bursaries-scholarships-terms-conditions-2025-26.pdf,0
https://bath.ac.uk/corporate-information/?meta_label_and=ugcontinuingfees,0
https://www.bath.ac.uk/guides/money-advice-for-postgraduate-students,0
https://www.bath.ac.uk/guides/money-advice-for-international-and-eu-students,0
https://www.bath.ac.uk/guides/money-advice-for-graduating-students,0
https://www.bath.ac.uk/guides/discretionary-internship-bursary,0
https://www.bath.ac.uk/teams/student-money-advice/,0
https://www.bath.ac.uk/guides/making-an-appointment-or-attending-a-drop-in-session-with-student-money-advice,0
https://www.bath.ac.uk/guides/student-parents,0
https://www.bath.ac.uk/guides/planning-your-finances-for-your-placement-year,0
https://www.bath.ac.uk/guides/compelling-personal-reasons-cpr-student-finance,0
https://www.bath.ac.uk/campaigns/beware-of-phishing-and-fraud,0
https://www.bath.ac.uk/publications/undergraduate-bursary-and-scholarship-terms-and-conditions-2026-27/attachments/plymouth-campus-terms-and-conditions-2026-7.pdf,0
https://www.bath.ac.uk/publications/undergraduate-bursary-and-scholarship-terms-and-conditions-2026-27/attachments/accommodation-bursary-bath-campus-2026-7.pdf,0
https://www.bath.ac.uk/publications/undergraduate-bursary-and-scholarship-terms-and-conditions-2026-27/,0
https://www.bath.ac.uk/publications/undergraduate-bursary-and-scholarship-terms-and-conditions-2026-27/attachments/placement-bursary-terms-and-conditions-2026-7.pdf,0
https://www.bath.ac.uk/publications/undergraduate-bursary-and-scholarship-terms-and-conditions-2026-27/attachments/accommodation-bursary-plymouth-campus-2026-7(2).pdf,0
https://www.bath.ac.uk/publications/procurement-policy/,0
https://www.bath.ac.uk/teams/audit-and-risk-assurance-committee/,0
https://www.bath.ac.uk/corporate-information/facts-and-figures/,0
https://www.bath.ac.uk/legal-information/charitable-status/,0
https://www.bath.ac.uk/corporate-information/university-income-and-expenditure/,0
https://www.bath.ac.uk/professional-services/student-accommodation,0
https://www.bath.ac.uk/campaigns/discounts-for-students/,0
https://www.bath.ac.uk/locations/4-west/,0
https://www.bath.ac.uk/corporate-information/undergraduate-subjects-2026/,0
https://library.bath.ac.uk/pressreader,0
http://www.bath.ac.uk/guides/understanding-your-tuition-fee-status/,0
https://www.bath.ac.uk/campaigns/undergraduate-offer-holder-events/,0
https://www.bath.ac.uk/topics/undergraduate-open-days/,0
https://www.bath.ac.uk/publications/travel-bursary-application-form-and-terms-and-conditions/,0
https://www.bath.ac.uk/guides/applicant-travel-bursaries/travelbursaries@bath.ac.uk,0
https://www.bath.ac.uk/guides/undergraduate-applicant-interviews/,0
https://www.bath.ac.uk/publications/family-budget/,0
https://www.bath.ac.uk/publications/postgraduate-budget/,0
https://www.bath.ac.uk/publications/undergraduate-budget/,0
https://www.bath.ac.uk/guides/funding-and-loans-for-canadian-students-studying-in-the-uk/,0
https://www.bath.ac.uk/guides/opening-a-uk-bank-account/,0
https://library.bath.ac.uk/pressreader/,0
https://blogs.bath.ac.uk/students/2022/03/30/part-time-work-whilst-studying-how-to-find-jobs-the-benefits-and-the-challenges/,0
https://reslife.bath.ac.uk/eatdrinkshop/recipes,0
https://www.bath.ac.uk/staff,0
https://www.bath.ac.uk/guides/cost-of-living-support-and-advice-for-staff,0
https://www.bath.ac.uk/guides/borrowing-from-the-university-library/,0
https://www.bath.ac.uk/corporate-information/showers-on-campus/,0
https://www.bath.ac.uk/announcements/free-emergency-period-products-for-staff-and-students/,0
https://www.bath.ac.uk/campaigns/ab-inbev-scholarship/,0
https://blogs.bath.ac.uk/students/,0
https://www.bath.ac.uk/campaigns/widening-access-outreach/,0
https://www.bath.ac.uk/teams/undergraduate-admissions-team/,0
https://www.bath.ac.uk/corporate-information/terms-and-conditions-for-tuition-fee-payment/,0
https://www.bath.ac.uk/guides/guide-to-mathematics-tests-for-undergraduate-admissions/,0
https://www.bath.ac.uk/campaigns/outreach-programmes/,0
https://www.bath.ac.uk/teams/learning-partnerships-office-lpo/,0
https://www.bath.ac.uk/guides/uk-qualification-guidance/,0
https://www.bath.ac.uk/groups/undergraduate-admissions-office/,0
https://www.bath.ac.uk/teams/scholarships-and-bursaries/,0
https://www.bath.ac.uk/forms/eligibility-checker-for-contextual-offers/,0
https://www.bath.ac.uk/topics/information-for-parents/,0
https://www.bath.ac.uk/locations/student-finance-office/,0
https://www.bath.ac.uk/guides/alternative-offers-for-undergraduate-applicants/,0
https://www.bath.ac.uk/topics/the-uks-exit-from-the-eu/,0
https://www.bath.ac.uk/teams/widening-participation/,0
https://www.bath.ac.uk/teams/uk-and-international-undergraduate-student-recruitment/,0
https://www.bath.ac.uk/teams/?f.Department+or+group%7CX=Undergraduate+Admissions+%26+Outreach&f.Department+or+group%7CX=Student+Immigration+Service&f.Department+or+group%7CX=Widening+Participation,0
https://www.bath.ac.uk/teams/admissions-progression/,0
https://www.bath.ac.uk/publications/undergraduate-bursary-and-scholarship-terms-and-conditions-2025-26/attachments/arts-scholarships-terms-and-conditions-2025-26(2).pdf,0
https://blogs.bath.ac.uk/arts-scholarships/,0
https://www.bath.ac.uk/teams/?f.Department+or+group%7CX=Student+Finance,0
http://www.bath.ac.uk/person/164068,0
https://www.bath.ac.uk/person/1521658,0
https://www.bath.ac.uk/professional-services/student-finance,0
https://www.bath.ac.uk/person/509107,0
https://www.bath.ac.uk/person/506213,0
http://www.bath.ac.uk/person/196790,0
https://www.bath.ac.uk/courses/undergraduate-2025/pharmacy/mpharm-pharmacy-with-preparatory-year-at-the-university-of-plymouth/,0
https://www.bath.ac.uk/services/samis/,0
https://www.bath.ac.uk/courses/undergraduate-2024/pharmacy/mpharm-pharmacy-at-the-university-of-plymouth/,0
https://www.bath.ac.uk/guides/additional-requirements-financial-support-fund/,0
https://www.bath.ac.uk/publications/placement-bursary-terms-and-conditions-2020-21/attachments/Placement-Bursary-Terms-Conditions-2020-21.pdf,0
https://www.bath.ac.uk/publications/undergraduate-bursary-and-scholarship-terms-and-conditions-2023-24/attachments/accommodation-bursary-terms-and-conditions_2023-24.pdf,0
https://www.bath.ac.uk/publications/undergraduate-bursaries-and-scholarships-terms-and-conditions-2022-23/attachments/Undergraduate-bursaries-scholarships-terms-conditions-2022-23.pdf,0
https://www.bath.ac.uk/publications/undergraduate-bursary-and-scholarship-terms-and-conditions-2023-24/attachments/gold-scholarship-programme-terms-conditions_2023-24.pdf,0
https://www.bath.ac.uk/publications/undergraduate-bursaries-and-scholarships-terms-and-conditions-2020-21/attachments/UG-funding-terms-conditions_2020-21.pdf,0
https://www.bath.ac.uk/publications/undergraduate-bursaries-and-scholarships-terms-and-conditions-2022-23/attachments/Cowrie_Foundation_Scholarship_terms_and_conditions_2022-2023.pdf,0
https://www.bath.ac.uk/publications/undergraduate-bursaries-and-scholarships-guidelines-2012-13/,0
https://www.bath.ac.uk/publications/undergraduate-bursaries-and-scholarships-terms-and-conditions-2015-16/attachments/undergraduate-bursaries-scholarships-terms-conditions-2015-16.pdf,0
https://www.bath.ac.uk/publications/undergraduate-bursary-and-scholarship-terms-and-conditions-2024-25/attachments/gold-scholarship-programme-terms-conditions-2024-5.pdf,0
https://www.bath.ac.uk/publications/undergraduate-bursaries-and-scholarships-terms-and-conditions-2020-21/attachments/Gold-Scholarship-Programme-terms-conditions-2020-21.pdf,0
https://www.bath.ac.uk/publications/undergraduate-bursary-and-scholarship-terms-and-conditions-2024-25/attachments/placement-bursary-terms-conditions-2024-25.pdf,0
https://www.bath.ac.uk/publications/undergraduate-bursaries-and-scholarships-terms-and-conditions-2022-23/attachments/International-Scholarships-terms-conditions-2022-23.pdf,0
https://www.bath.ac.uk/publications/undergraduate-bursary-and-scholarship-terms-and-conditions-2023-24/attachments/undergraduate-bursaries-scholarships-terms-conditions-2023-24.pdf,0
https://www.bath.ac.uk/publications/undergraduate-bursaries-and-scholarships-guidelines-2014-15/,0
https://www.bath.ac.uk/publications/undergraduate-bursaries-and-scholarships-terms-and-conditions-2022-23/attachments/Placement-Bursary-Terms-Conditions-2022-23.pdf,0
https://www.bath.ac.uk/publications/scholarships-for-international-undergraduate-students-terms-and-conditions-2020-21/attachments/UG-International-Scholarships-Terms-Conditions-2020.pdf,0
https://www.bath.ac.uk/publications/undergraduate-bursaries-and-scholarships-terms-and-conditions-2012-13/attachments/undergraduate-bursaries-scholarships-terms-conditions-2012-13.pdf,0
https://www.bath.ac.uk/publications/undergraduate-bursaries-and-scholarships-terms-and-conditions-2019-20/attachments/gold-scholarship-programme-terms-and-conditions-2019-20.pdf,0
https://www.bath.ac.uk/publications/undergraduate-bursary-and-scholarship-terms-and-conditions-2024-25/attachments/accommodation-bursary-plymouth-campus_2024-5.pdf,0
https://www.bath.ac.uk/publications/undergraduate-bursary-and-scholarship-terms-and-conditions-2024-25/attachments/accommodation-bursary-bath-campus-2024-5.pdf,0
https://www.bath.ac.uk/publications/undergraduate-bursaries-and-scholarships-terms-and-conditions-2021-22/attachments/Gold-scholarship-programme-terms-conditions-2021-22.pdf,0
https://www.bath.ac.uk/publications/undergraduate-bursaries-and-scholarships-terms-and-conditions-2014-15/attachments/undergraduate-bursaries-scholarships-terms-conditions-2014-15.pdf,0
https://www.bath.ac.uk/publications/undergraduate-bursaries-and-scholarships-guidelines-2013-14/,0
https://www.bath.ac.uk/publications/undergraduate-bursaries-and-scholarships-terms-and-conditions-2013-14/attachments/undergraduate-bursaries-scholarships-terms-conditions-2013-14.pdf,0
https://www.bath.ac.uk/publications/undergraduate-bursaries-and-scholarships-terms-and-conditions-2022-23/attachments/Accommodation-Bursary-terms-and-conditions_2022-23.pdf,0
https://www.bath.ac.uk/publications/undergraduate-bursaries-and-scholarships-guidelines-2016-17/,0
https://www.bath.ac.uk/publications/undergraduate-bursary-and-scholarship-terms-and-conditions-2024-25/attachments/undergraduate-bursaries-scholarships-terms-conditions-2024-25(2).pdf,0
https://www.bath.ac.uk/publications/undergraduate-bursary-and-scholarship-terms-and-conditions-2023-24/attachments/international-scholarships-terms-conditions-2023-24.pdf,0
https://www.bath.ac.uk/publications/undergraduate-bursaries-and-scholarships-terms-and-conditions-2018-19/attachments/ug-funding-terms-conditions-2018.pdf,0
https://www.bath.ac.uk/publications/undergraduate-bursaries-and-scholarships-terms-and-conditions-2021-22/attachments/Placement-Bursary-Terms-Conditions-2021-22.pdf,0
https://www.bath.ac.uk/publications/undergraduate-bursary-and-scholarship-terms-and-conditions-2023-24/attachments/placement-bursary-terms-conditions-2023-24.pdf,0
https://www.bath.ac.uk/publications/undergraduate-bursaries-and-scholarships-terms-and-conditions-2021-22/attachments/undergraduate-bursaries-scholarships-terms-conditions-2021-22.pdf,0
https://www.bath.ac.uk/publications/undergraduate-bursary-and-scholarship-terms-and-conditions-2024-25/attachments/claverton-scholarship-programme-terms-and-conditions-2024-5---november-2025-updated.pdf,0
https://www.bath.ac.uk/publications/undergraduate-bursaries-and-scholarships-terms-and-conditions-2021-22/attachments/International-scholarships-terms-conditions-2021-22.pdf,0
https://www.bath.ac.uk/publications/undergraduate-bursaries-and-scholarships-terms-and-conditions-2017-18/attachments/ug-gold-scholarship-programme-terms-and-conditions-2017-18.pdf,0
https://www.bath.ac.uk/publications/undergraduate-bursary-and-scholarship-terms-and-conditions-2024-25/attachments/plymouth-undergraduate-bursaries-scholarships-terms-conditions-2024-25.pdf,0
https://www.bath.ac.uk/publications/undergraduate-bursary-and-scholarship-terms-and-conditions-2024-25/attachments/international-scholarships-terms-conditions-2024-5.pdf,0
https://www.bath.ac.uk/publications/undergraduate-bursaries-and-scholarships-terms-and-conditions-2022-23/attachments/Gold-Scholarship-Programme-terms-conditions_2022-23.pdf,0
https://www.bath.ac.uk/publications/undergraduate-bursaries-and-scholarships-terms-and-conditions-2017-18/attachments/ug-funding-terms-and-conditions-2017-18.pdf,0
https://www.bath.ac.uk/publications/undergraduate-bursaries-and-scholarships-terms-and-conditions-2018-19/attachments/gsp-terms-and-conditions-2018.pdf,0
https://www.bath.ac.uk/publications/undergraduate-bursaries-and-scholarships-guidelines-2015-16/,0
https://www.bath.ac.uk/publications/undergraduate-bursaries-and-scholarships-terms-and-conditions-2021-22/attachments/Accommodation-bursary-terms-and-conditions.pdf,0
https://www.bath.ac.uk/publications/international-undergraduates-scholarships-terms-and-conditions-2019-20/attachments/UG-International-Scholarships-Terms-Conditions-2019-20.pdf,0
https://www.bath.ac.uk/publications/undergraduate-bursaries-and-scholarships-terms-and-conditions-2019-20/attachments/UG_funding_terms_and_conditions_2019-20.pdf,0
https://www.bath.ac.uk/publications/undergraduate-bursaries-and-scholarships-terms-and-conditions-2016-17/attachments/undergraduate-bursaries-scholarships-terms-conditions-2016-17.pdf,0
https://www.bath.ac.uk/guides/undergraduate-scholarship-and-bursary-payment-dates-if-you-joined-bath-from-september-2024-onwards/,0
https://www.bath.ac.uk/guides/how-to-read-magazines-and-newspapers-via-press-reader/,0
https://www.bath.ac.uk/guides/identifying-phishing-scams-and-fake-emails/,0
https://www.bath.ac.uk/teams/?f.Department+or+group%7CX=Finance+%26+Procurement&f.Department+or+group%7CX=Pensions&f.Department+or+group%7CX=Payroll&f.Department+or+group%7CX=Student-Finance&f.Department+or+group%7CX=Procurement,0
https://www.bath.ac.uk/publications/?f.Department+or+group%7CX=Finance+%26+Procurement&f.Type%7CY=Form&start_rank=1,0
https://www.bath.ac.uk/campaigns/postgraduate-masters-loans/,0
https://www.bath.ac.uk/professional-services/payroll/,0
https://www.bath.ac.uk/professional-services/finance-and-procurement/,0
https://www.bath.ac.uk/campaigns/sanctuary-scholarship/,0
https://www.bath.ac.uk/guides/pay-your-tuition-fees-by-direct-debit,0
https://www.bath.ac.uk/publications/regulations-for-students-2024-25/,0
https://www.bath.ac.uk/guides/pay-your-tuition-fees-using-flywire,0
https://www.bath.ac.uk/guides/be-more-scam-aware-at-university/,0
https://www.bath.ac.uk/guides/pay-your-tuition-fee-by-domestic-bank-transfer-via-flywire,0
https://www.bath.ac.uk/guides/arrange-a-sponsor-to-pay-your-tuition-fees/,0
https://www.bath.ac.uk/guides/pay-your-tuition-fees-by-direct-debit/,0
https://www.bath.ac.uk/legal-information/terms-and-conditions-for-tuition-fee-payment/,0
https://www.bath.ac.uk/guides/arrange-a-sponsor-to-pay-your-tuition-fees,0
https://www.bath.ac.uk/guides/paying-your-student-accommodation-fees,0
https://www.bath.ac.uk/guides/pay-your-tuition-fee-by-domestic-bank-transfer-via-flywire/,0
https://www.bath.ac.uk/guides/pay-your-tuition-fees-using-flywire/,0
https://www.bath.ac.uk/professional-services/international-support-service,0
https://www.bath.ac.uk/legal-information/undergraduate-applicant-privacy-notice,0
https://www.bath.ac.uk/guides/your-ucas-personal-statement,0
https://www.bath.ac.uk/guides/applying-for-an-undergraduate-course,0
https://www.bath.ac.uk/professional-services/arts-and-culture,0
http://go.bath.ac.uk/food-and-drink,0
http://go.bath.ac.uk/sports,0
https://www.bath.ac.uk/guides/understanding-contextual-admissions-for-undergraduate-applicants,0
http://go.bath.ac.uk/visas,0
https://www.bath.ac.uk/publications/undergraduate-prospectus-archive/,0
https://www.bath.ac.uk/legal-information/undergraduate-offer-terms-and-conditions,0
https://www.bath.ac.uk/campaigns/facilities-and-learning-resources-to-support-your-studies,0
https://www.bath.ac.uk/guides/guidance-and-advice-on-eu-settlement-scheme,0
http://go.bath.ac.uk/chat-with-students,0
http://go.bath.ac.uk/undergraduate-funding,0
https://www.bath.ac.uk/campaigns/skills-for-success-at-bath-and-beyond,0
https://www.bath.ac.uk/professional-services/student-money-advice,0
https://www.bath.ac.uk/legal-information/admissions-policy,0
https://www.bath.ac.uk/campaigns/your-degree-your-choice,0
https://www.bath.ac.uk/case-studies/seizing-opportunities-my-scholarship-journey-at-bath,0
https://www.bath.ac.uk/campaigns/safety-and-security-at-the-university,0
https://www.bath.ac.uk/campaigns/supporting-you-during-your-studies,0
http://go.bath.ac.uk/undergraduate-virtual-experience,0
https://www.bath.ac.uk/campaigns/things-to-do-in-bath-and-beyond,0
https://www.bath.ac.uk/campaigns/taking-the-epq-to-strengthen-your-application,0
http://go.bath.ac.uk/open-days-visits-and-campus-tours,0
https://www.bath.ac.uk/professional-services/disability-service,0
https://www.bath.ac.uk/case-studies/you-dont-have-to-be-great-to-start-you-just-have-to-start,0
https://www.bath.ac.uk/topics/undergraduate-study-2027,0
https://www.bath.ac.uk/guides/cancelling-your-place-after-accepting-an-offer,0
https://www.bath.ac.uk/case-studies/how-i-help-students-with-their-maths-skills,0
https://www.bath.ac.uk/case-studies/?f.Department+or+group%7CX=Marketing&f.Type%7CY=Student+case+study,0
https://www.bath.ac.uk/professional-services/student-immigration-service,0
https://www.bath.ac.uk/campaigns/make-the-most-of-your-university-experience,0
https://www.bath.ac.uk/campaigns/learn-from-the-experts,0
https://www.bath.ac.uk/campaigns/study-at-bath-after-a-break-from-education,0
https://www.bath.ac.uk/campaigns/prepare-for-your-career-with-an-undergraduate-degree-at-bath,0
https://www.bath.ac.uk/campaigns/step-into-bath,0
https://www.bath.ac.uk/campaigns/studying-abroad-as-part-of-your-undergraduate-degree,0
https://www.bath.ac.uk/campaigns/peer-support-for-new-students,0
https://www.bath.ac.uk/campaigns/your-learning,0
https://www.bath.ac.uk/professional-services/careers,0
https://www.bath.ac.uk/publications/student-protection-plan-spp,0
https://www.bath.ac.uk/student-accommodation/choose-your-undergraduate-student-accommodation-options,0
https://www.bath.ac.uk/legal-information/student-transfer-arrangements,0
https://www.bath.ac.uk/guides/applying-for-undergraduate-student-accommodation,0
https://blogs.bath.ac.uk/students/category/placements/?ki-cf-botcl=1,0
https://www.bath.ac.uk/publications/study-abroad-destinations/,0
https://moodle.bath.ac.uk/course/view.php?id=59887,0
https://www.bath.ac.uk/corporate-information/mobility-funding-sources/,0
https://www.bath.ac.uk/teams/international-mobility/,0
https://www.bath.ac.uk/professional-services/foreign-languages/,0
https://www.bath.ac.uk/publications/departmental-exchange-coordinators/,0
https://www.bath.ac.uk/guides/travelling-abroad,0
https://www.bath.ac.uk/campaigns/school-of-management-courses/,0
https://www.bath.ac.uk/campaigns/school-of-management-rankings-and-accreditations/,0
https://www.bath.ac.uk/research-centres/the-international-centre-for-higher-education-management-ichem,0
https://www.bath.ac.uk/campaigns/study-abroad-during-your-school-of-management-undergraduate-degree/,0
https://www.bath.ac.uk/research-groups/centre-for-governance-regulation-and-industrial-strategy-cgr-is,0
https://www.bath.ac.uk/campaigns/undergraduate-courses-in-the-school-of-management/,0
https://www.bath.ac.uk/campaigns/develop-your-leadership-skills-with-the-help-to-grow-management-programme/,0
https://www.bath.ac.uk/campaigns/phd-programmes-in-the-school-of-management/,0
https://www.bath.ac.uk/campaigns/work-with-our-undergraduate-students-on-a-business-project/,0
https://www.bath.ac.uk/teams/school-of-management-employability-team/,0
https://www.bath.ac.uk/campaigns/career-support-on-your-school-of-management-msc/,0
https://www.bath.ac.uk/campaigns/partner-with-the-school-of-management/,0
https://blogs.bath.ac.uk/business-and-society/,0
https://www.bath.ac.uk/teams/school-of-management-research-associates/,0
https://www.bath.ac.uk/courses/postgraduate-research/phd-management-full-time/,0
https://www.bath.ac.uk/teams/school-of-management-faculty/,0
https://www.bath.ac.uk/campaigns/school-of-management-people/,0
https://researchportal.bath.ac.uk/en/organisations/management/publications/,0
https://www.bath.ac.uk/campaigns/msc-courses-in-the-school-of-management/,0
https://www.bath.ac.uk/guides/travelling-to-the-school-of-management/,0
https://www.bath.ac.uk/research-centres/centre-for-research-on-entrepreneurship-and-innovation-crei,0
https://www.bath.ac.uk/campaigns/our-community-find-your-way-with-the-school-of-management/,0
https://www.bath.ac.uk/publications/?f.Type%7CY=Brochure&f.Department+or+group%7CX=School+of+Management,0
https://www.bath.ac.uk/campaigns/dba-in-higher-education-management/,0
https://www.bath.ac.uk/teams/school-of-management-external-relations-and-marketing-team/,0
https://www.bath.ac.uk/campaigns/school-of-management-masters-courses-explore-and-connect/,0
https://www.bath.ac.uk/departments/marketing-business-and-society-division,0
https://www.bath.ac.uk/teams/school-of-management-undergraduate-team/,0
https://www.bath.ac.uk/research-centres/centre-for-smart-warehousing-and-logistics-systems/,0
https://www.bath.ac.uk/teams/school-of-management-mba-team/,0
https://www.bath.ac.uk/research-centres/centre-for-healthcare-innovation-and-improvement-chi2,0
https://www.bath.ac.uk/campaigns/research4good-making-a-positive-difference-through-management-research,0
https://www.bath.ac.uk/campaigns/improve-your-employability-with-a-school-of-management-work-placement/,0
https://www.bath.ac.uk/departments/accounting-finance-and-law-division,0
https://www.bath.ac.uk/campaigns/school-of-managements-recruitment-fairs-and-international-visits/,0
https://www.bath.ac.uk/schools/school-of-management/,0
https://www.bath.ac.uk/campaigns/recruit-a-school-of-management-student-for-a-work-placement-or-internship/,0
https://www.bath.ac.uk/case-studies/?f.Department+or+group%7CX=School+of+Management&f.Type%7CY=Research+case+study,0
https://www.bath.ac.uk/campaigns/school-of-management-alumni-community/,0
https://www.bath.ac.uk/courses/postgraduate-research/phd-management-part-time/,0
https://www.bath.ac.uk/teams/school-of-management-assessment-and-timetabling-office/,0
https://www.bath.ac.uk/research-centres/future-of-work-fow-research-centre,0
https://www.bath.ac.uk/campaigns/the-school-of-managements-home/,0
https://www.bath.ac.uk/campaigns/spend-time-abroad-during-your-school-of-management-degree/,0
https://www.bath.ac.uk/campaigns/work-with-our-postgraduate-students-on-a-consultancy-project/,0
https://www.bath.ac.uk/research-groups/information-decisions-and-operations-division,0
https://www.bath.ac.uk/courses/undergraduate-2027/business-and-management/bsc-business-with-two-six-month-work-placements/,0
https://www.bath.ac.uk/guides/how-to-apply-for-a-school-of-management-msc/,0
https://www.bath.ac.uk/teams/school-of-management-dba-in-higher-education-management-team/,0
https://www.bath.ac.uk/campaigns/excell-executive-and-continuing-education-for-lifelong-learning/,0
https://www.bath.ac.uk/corporate-information/the-school-of-managements-visiting-lecturers-fellows-and-professors/,0
https://www.bath.ac.uk/corporate-information/school-of-management-msc-funding-and-scholarships/,0
https://www.bath.ac.uk/research-centres/identities-in-organisations-research-centre/,0
https://www.bath.ac.uk/campaigns/research4good-podcast/,0
https://www.bath.ac.uk/campaigns/your-year-studying-a-school-of-management-msc/,0
https://www.bath.ac.uk/teams/school-of-management-finance-team/,0
https://mba.bath.ac.uk/,0
https://www.bath.ac.uk/teams/school-of-management-msc-team/,0
https://www.bath.ac.uk/jobs/vacancies.aspx?type=6&cat=382,0
https://www.bath.ac.uk/departments/strategy-and-organisation-division,0
https://www.bath.ac.uk/campaigns/join-our-faculty/,0
https://www.bath.ac.uk/research-centres/centre-for-business-organisations-and-society-cbos,0
https://www.bath.ac.uk/events/?meta_label_and=managementresearch,0
https://www.bath.ac.uk/teams/school-of-management-deans-office/,0
https://mba.bath.ac.uk/full-time-mba/,0
https://www.bath.ac.uk/forms/contact-the-school-of-management-msc-team/,0
https://www.bath.ac.uk/legal-information/postgraduate-offer-terms-and-conditions,0
https://www.bath.ac.uk/case-studies/how-an-interdisciplinary-masters-kickstarted-my-research-on-sustainable-food-choices,0
https://www.bath.ac.uk/guides/vertically-integrated-projects,0
http://go.bath.ac.uk/international-students,0
https://www.bath.ac.uk/corporate-information/postgraduate-applicant-privacy-notice,0
https://www.bath.ac.uk/guides/applying-for-a-taught-postgraduate-course,0
https://www.bath.ac.uk/professional-services/chaplaincy,0
https://www.bath.ac.uk/campaigns/explore-the-university-at-a-postgraduate-event,0
https://www.bath.ac.uk/topics/postgraduate-virtual-experience,0
https://www.bath.ac.uk/case-studies/behind-the-scenes-at-tripadvisor,0
https://www.bath.ac.uk/guides/writing-a-personal-statement-to-apply-for-a-masters-course,0
https://www.bath.ac.uk/campaigns/experience-the-university-at-a-postgraduate-virtual-open-day,0
https://www.bath.ac.uk/case-studies/becoming-a-career-ready-graduate-with-support-from-bath,0
https://www.bath.ac.uk/guides/finding-private-sector-accommodation,0
https://www.bath.ac.uk/corporate-information/international-agents,0
https://www.bath.ac.uk/campaigns/enhance-your-masters-with-a-work-placement-or-internship,0
https://www.bath.ac.uk/courses/postgraduate-2026/taught-postgraduate-courses/,0
https://www.bath.ac.uk/campaigns/come-to-a-postgraduate-discovery-day,0
http://go.bath.ac.uk/taught-postgraduate-funding,0
https://www.bath.ac.uk/guides/careers-events-and-fairs,0
https://blogs.bath.ac.uk/on-parade/2024/01/02/parade-profile-niloufar-saffari-meng-integrated-mechanical-and-electrical-engineering-2023/,0
https://www.bath.ac.uk/forms/register-for-postgraduate-updates/,0
https://www.bath.ac.uk/guides/applying-for-postgraduate-student-accommodation,0
https://www.bath.ac.uk/guides/careers-support-for-international-students,0
https://www.bath.ac.uk/campaigns/come-to-a-postgraduate-discovery-day/,0
https://www.bath.ac.uk/case-studies/succeeding-in-baths-international-environment,0
https://blogs.bath.ac.uk/on-parade/2023/07/10/parade-profile-sherifat-adeniyi-bsc-economics-2021-msc-international-development-with-economics-2022/,0
http://go.bath.ac.uk/tuition-fees,0
https://www.bath.ac.uk/student-accommodation/choose-your-postgraduate-student-accommodation-options,0
https://www.bath.ac.uk/professional-services/foreign-languages,0
https://www.bath.ac.uk/campaigns/go-further-in-your-career-with-a-masters-at-bath,0
https://www.bath.ac.uk/corporate-information/types-of-research-degrees,0
https://www.bath.ac.uk/case-studies/from-undergraduate-to-postgraduate-why-tamsyn-chose-bath-for-each-stage-of-her-studies,0
https://www.bath.ac.uk/guides/commonwealth-split-site-scholarship,0
https://www.bath.ac.uk/departments/doctoral-college,0
https://www.bath.ac.uk/case-studies/bath-has-a-great-reputation-ive-known-for-years-that-it-would-be-the-place-i-would-apply-to,0
https://www.bath.ac.uk/case-studies/we-produce-papers-and-patents-but-the-real-products-of-our-work-are-the-students,0
https://www.bath.ac.uk/campaigns/visiting-postgraduate-scholars,0
https://www.bath.ac.uk/case-studies/a-fascination-with-chemistry,0
https://www.bath.ac.uk/case-studies/syrian-researcher-opening-doors-to-a-new-life-through-architecture-phd,0
https://www.bath.ac.uk/case-studies/from-world-heritage-city-to-the-one-of-the-coldest-places-on-earth,0
http://go.bath.ac.uk/pg-virtual-experience,0
https://www.bath.ac.uk/guides/how-to-apply-for-doctoral-study,0
https://www.bath.ac.uk/corporate-information/doctoral-training-partnerships-and-centres-for-doctoral-training,0
https://www.bath.ac.uk/corporate-information/undergraduate-subjects-2027,0
https://www.bath.ac.uk/campaigns/outreach-programmes,0
https://www.bath.ac.uk/guides/how-to-apply-for-a-student-visa/,0
https://www.bath.ac.uk/guides/applying-to-the-academic-technology-approval-scheme-atas/,0
https://www.bath.ac.uk/support/chat-with-our-students/,0
https://www.bath.ac.uk/case-studies/pursuing-my-passion-for-economics-a-journey-from-hong-kong-to-bath,0
https://www.bath.ac.uk/campaigns/?meta_label_and=cityaccommodation,0
https://www.bath.ac.uk/corporate-information/agents-representing-the-university-of-bath-in-the-americas,0
https://www.bath.ac.uk/corporate-information/agents-representing-the-university-of-bath-in-asia,0
https://www.bath.ac.uk/professional-services/pre-sessional-programme,0
https://www.bath.ac.uk/corporate-information/agents-representing-the-university-of-bath-in-europe,0
https://www.bath.ac.uk/guides/standard-visitor-visa/,0
https://www.bath.ac.uk/guides/getting-healthcare-in-the-uk-as-an-international-student/,0
https://www.bath.ac.uk/campaigns/?meta_label_and=campusaccommodation,0
https://www.bath.ac.uk/corporate-information/agents-representing-the-university-of-bath-in-the-middle-east,0
https://www.bath.ac.uk/case-studies/career-aspirations-and-campus-life-my-undergraduate-experience-at-bath,0
https://www.bath.ac.uk/corporate-information/agents-representing-the-university-of-bath-in-africa,0
https://www.bath.ac.uk/case-studies/studying-at-bath-the-cradle-for-top-interpreters,0
https://www.bath.ac.uk/guides/applying-to-study-at-bath-as-a-visiting-student,0
https://www.bath.ac.uk/forms/register-your-interest-in-our-postgraduate-virtual-open-days/,0
https://www.bath.ac.uk/guides/living-in-the-uk/,0
https://www.bath.ac.uk/guides/applying-to-study-at-bath-as-an-exchange-student,0
https://www.bath.ac.uk/corporate-information/important-dates-for-undergraduate-applicants-starting-in-2026/,0
https://www.bath.ac.uk/case-studies/making-amputees-feel-again,0
https://www.bath.ac.uk/corporate-information/country-specific-information-for-international-students/,0
https://www.bath.ac.uk/campaigns/international-summer-school,0
https://www.bath.ac.uk/case-studies/making-use-of-university-support-made-all-the-difference,0
https://www.bath.ac.uk/guides/data-security-on-and-off-campus/,0
https://www.bath.ac.uk/corporate-information/data-security/,0
https://www.bath.ac.uk/guides/request-personal-information/,0
https://www.bath.ac.uk/legal-information/data-protection-policy/,0
https://www.bath.ac.uk/legal-information/data-protection-act/,0
https://www.bath.ac.uk/guides/disclosing-data-in-compliance-with-the-data-protection-act/,0
https://www.bath.ac.uk/topics/information-management/,0
https://www.bath.ac.uk/guides/working-after-your-studies,0
https://www.bath.ac.uk/guides/conducting-right-to-work-checks/,0
https://www.bath.ac.uk/professional-services/careers-service/,0
https://www.bath.ac.uk/guides/graduate-visa,0
https://unihub.bath.ac.uk/students/login?ReturnUrl=%2fs%2fmyfuture,0
https://www.bath.ac.uk/guides/placements-as-a-full-time-student-visa-holder/,0
https://samis.bath.ac.uk/urd/sits.urd/run/siw_lgn,0
https://www.bath.ac.uk/guides/careers-vacancy-advertising-policy/,0
https://www.bath.ac.uk/guides/careers-policy-regarding-recruitment-intermediaries/,0
https://www.bath.ac.uk/legal-information/university-of-bath-careers-internships-policy/,0
https://www.bath.ac.uk/legal-information/university-of-bath-careers-sustainability-policy/,0
https://www.bath.ac.uk/publications/employability-and-student-success-strategy/,0
https://www.bath.ac.uk/legal-information/university-of-bath-employer-engagement-statement/,0
https://unihub.bath.ac.uk/students/login?ReturnUrl=%2fs%2fmyfuture%2fworkflows%2fdetail%2f23,0
https://unihub.bath.ac.uk/providers/saml/SsoPostRedirect/1?returnUrl=%2Fs%2Fmyfuture%2Fworkflows%2Fdetail%2F23,0
https://unihub.bath.ac.uk/students/who?ReturnUrl=%2Fs%2Fmyfuture%2Fworkflows%2Fdetail%2F23,0
https://www.bath.ac.uk/services/myfuture/,0
https://www.bath.ac.uk/guides/creating-a-ukvi-account-to-access-your-evisa,0
https://www.bath.ac.uk/announcements/new-online-visa-advice-appointments-for-applicants-now-available,0
https://www.bath.ac.uk/guides/lost-passports-or-biometric-residence-permits-brp,0
https://www.bath.ac.uk/campaigns/student-immigration-basics-a-training-course-for-students,0
https://www.bath.ac.uk/guides/course-changes-and-periods-of-absence-for-student-visa-holders,0
https://www.bath.ac.uk/guides/working-with-your-student-visa,0
https://www.bath.ac.uk/announcements/upcoming-changes-affecting-the-student-visa-and-graduate-visa,0
https://www.bath.ac.uk/guides/your-confirmation-of-acceptance-for-studies,0
https://www.bath.ac.uk/corporate-information/immigration-information-for-prospective-and-current-students-about-the-uk-leaving-the-eu,0
https://www.bath.ac.uk/guides/student-visa-holder-essential-information,0
https://www.bath.ac.uk/guides/academic-engagement-monitoring-for-student-visa-holders,0
https://www.bath.ac.uk/guides/general-information-for-staff-about-student-visas,0
https://www.bath.ac.uk/guides/right-to-study-checks-for-international-students,0
https://www.bath.ac.uk/guides/electronic-travel-authorisation,0
https://www.bath.ac.uk/guides/visas-for-your-family,0
https://www.bath.ac.uk/guides/student-visa-errors,0
https://www.bath.ac.uk/guides/standard-visitor-visa,0
https://www.bath.ac.uk/guides/student-immigration-appointments-and-drop-in-sessions,0
https://www.bath.ac.uk/campaigns/student-immigration-basics-a-training-course-for-staff,0
https://www.bath.ac.uk/announcements/student-route-visa-brake-for-specific-nationalities,0
https://www.bath.ac.uk/guides/how-to-apply-for-a-student-visa,0
https://www.bath.ac.uk/legal-information/student-immigration-service-terms-and-conditions,0
https://www.bath.ac.uk/publications/overview-of-student-immigration-policies-and-procedures-to-ensure-compliance-with-ukvi-requirements,0
https://www.bath.ac.uk/guides/guidance-for-staff-on-standard-visitor-and-short-term-study-visas,0
https://www.bath.ac.uk/guides/financial-evidence-for-your-visa,0
https://blogs.bath.ac.uk/careers/?ki-cf-botcl=1,0
https://unihub.bath.ac.uk/students/who?ReturnUrl=%2Fs%2Fmyfuture,0
https://unihub.bath.ac.uk/providers/saml/SsoPostRedirect/1?returnUrl=%2Fs%2Fmyfuture,0
https://www.bath.ac.uk/professional-services/careers-service,0
https://myfuture.bath.ac.uk/,0
https://www.bath.ac.uk/services/?f.Department+or+group%7CX=Careers+Service,0
https://www.bath.ac.uk/guides/biology-graduate-outcomes,0
https://www.bath.ac.uk/guides/biochemistry-graduate-outcomes,0
https://www.bath.ac.uk/guides/chemical-engineering-graduate-outcomes,0
https://www.bath.ac.uk/guides/management-graduate-outcomes,0
https://www.bath.ac.uk/guides/politics-graduate-outcomes,0
https://www.bath.ac.uk/guides/international-development-graduate-outcomes,0
https://www.bath.ac.uk/guides/accounting-and-finance-graduate-outcomes,0
https://www.bath.ac.uk/guides/economics-graduate-outcomes,0
https://www.bath.ac.uk/guides/education-with-psychology-graduate-outcomes,0
https://www.bath.ac.uk/guides/mechanical-engineering-graduate-outcomes,0
https://www.bath.ac.uk/guides/sport-health-and-exercise-science-graduate-outcomes,0
https://www.bath.ac.uk/guides/modern-languages-graduate-outcomes,0
https://www.bath.ac.uk/guides/natural-sciences-graduate-outcomes,0
https://www.bath.ac.uk/guides/computer-science-graduate-outcomes,0
https://www.bath.ac.uk/guides/chemistry-graduate-outcomes,0
https://www.bath.ac.uk/guides/sports-performance-management-and-coaching-graduate-outcomes,0
https://www.bath.ac.uk/guides/psychology-graduate-outcomes,0
https://www.bath.ac.uk/guides/electronic-and-electrical-engineering-graduate-outcomes,0
https://www.bath.ac.uk/guides/sociology-social-policy-and-social-sciences-graduate-outcomes,0
https://www.bath.ac.uk/guides/biomedical-sciences-graduate-outcomes,0
https://www.bath.ac.uk/guides/social-work-graduate-outcomes,0
https://www.bath.ac.uk/guides/pharmacology-graduate-outcomes,0
https://www.bath.ac.uk/guides/international-management-and-modern-languages-graduate-outcomes,0
https://www.bath.ac.uk/guides/civil-engineering-graduate-outcomes,0
https://www.bath.ac.uk/guides/pharmacy-graduate-outcomes,0
https://www.bath.ac.uk/guides/architecture-graduate-outcomes,0
https://www.bath.ac.uk/guides/business-administration-graduate-outcomes,0
https://www.bath.ac.uk/guides/mathematical-sciences-graduate-outcomes,0
https://www.bath.ac.uk/guides/physics-graduate-outcomes,0
https://www.bath.ac.uk/guides/integrated-mechanical-and-electrical-engineering-and-robotics-engineering-graduate-outcomes,0
http://blogs.bath.ac.uk/careers/2019/03/18/careers-panel-being-lgbt-at-work-part-1/,0
https://www.bath.ac.uk/guides/equality-diversity-and-your-career,0
https://unihub.bath.ac.uk/s/myfuture/resources,0
http://blogs.bath.ac.uk/kaleidoscope/,0
https://www.bath.ac.uk/guides/equality-diversity-and-your-career-race-and-ethnicity,0
https://www.bath.ac.uk/guides/studying-or-working-abroad-as-an-lgbtq-student/,0
http://www.bath.ac.uk/careers,0
https://www.bath.ac.uk/campaigns/read-well,0
https://www.bath.ac.uk/guides/getting-support-if-you-or-someone-else-is-feeling-lonely-or-isolated,0
https://www.bath.ac.uk/guides/sexual-assault-or-harassment,0
https://www.bath.ac.uk/campaigns/social-networking-group,0
https://www.bath.ac.uk/professional-services/mental-health-wellbeing-service/,0
https://www.bath.ac.uk/campaigns/autism-social-group,0
https://www.bath.ac.uk/guides/social-prescribing-at-bath,0
https://www.bath.ac.uk/campaigns/bereavement-social-group,0
https://www.bath.ac.uk/campaigns/lgbtq-student-support-at-bath,0
https://www.bath.ac.uk/teams/wellbeing-advisers/,0
https://www.bath.ac.uk/guides/mental-health-wellbeing-service,0
https://www.bath.ac.uk/case-studies/?meta_label_and=pgtemployability,0
https://www.bath.ac.uk/case-studies/from-msc-to-mercedes-my-journey-to-working-on-formula-1-power-units/,0
https://www.bath.ac.uk/case-studies/a-transformative-experience-from-msc-to-senior-associate-at-pwc/,0
https://www.bath.ac.uk/campaigns/enhance-your-masters-with-a-work-placement-or-internship/,0
https://www.bath.ac.uk/guides/graduate-visa/,0
https://www.bath.ac.uk/case-studies/a-life-changing-course-progressing-my-career-and-joining-who/,0
https://www.bath.ac.uk/locations/?f.Department+or+group%7CX=Careers,0
https://www.bath.ac.uk/guides/drop-in-and-other-1-1-support-from-careers/,0
https://www.bath.ac.uk/guides/meet-the-careers-team/,0
https://www.bath.ac.uk/guides/get-cv-feedback-and-applications-advice/,0
https://www.bath.ac.uk/guides/your-visit-to-the-careers-centre,0
https://unihub.bath.ac.uk/s/myfuture/workflows/detail/16,0
https://www.bath.ac.uk/guides/work-experience-options-in-your-first-year,0
https://www.bath.ac.uk/guides/work-experience-options-in-your-final-year,0
https://www.bath.ac.uk/guides/work-experience-options-in-your-middle-years,0
https://www.bath.ac.uk/guides/work-experience-options-for-international-students,0
https://www.bath.ac.uk/campaigns/myfuture,0
https://www.bath.ac.uk/guides/the-pop-up-shop-programme,0
https://www.bath.ac.uk/guides/work-experience-options-during-your-masters-course,0
https://www.bath.ac.uk/guides/discretionary-internship-bursary/,0
https://www.bath.ac.uk/campaigns/code-first-girls/,0
https://www.bath.ac.uk/campaigns/engaging-critically-with-genai-tools-for-your-work/,0
https://unihub.bath.ac.uk/students/infopages/detail/454,0
https://www.bath.ac.uk/guides/feedback-on-your-assignments-what-it-is-and-how-to-use-it/,0
https://www.bath.ac.uk/guides/supporting-your-students-with-academic-skills/,0
https://www.bath.ac.uk/guides/preparing-for-exams/,0
https://unihub.bath.ac.uk/students/workflows/Detail/143,0
https://www.bath.ac.uk/campaigns/skills-for-success-programme/,0
https://blogs.bath.ac.uk/academic-and-employability-skills/,0
https://unihub.bath.ac.uk/s/myskills/resources/search/?order=Relevance&topicsUseAnd=true,0
https://unihub.bath.ac.uk/students/infopages/detail/154,0
https://www.bath.ac.uk/professional-services/academic-skills/,0
https://unihub.bath.ac.uk/s/myskills/appointments/app/topic/162?siteId=3,0
https://www.bath.ac.uk/guides/skills-support-for-international-students/,0
https://www.bath.ac.uk/teams/digital-and-academic-skills-team,0
https://www.bath.ac.uk/guides/support-to-prepare-you-for-exams/,0
https://www.bath.ac.uk/topics/skillspark/,0
https://www.bath.ac.uk/guides/careers-information-for-graduates-of-other-universities/,0
https://unihub.bath.ac.uk/s/myfuture/events,0
http://www.bath.ac.uk/management/courses/mba/careers/,0
https://unihub.bath.ac.uk/s/myfuture/infoPages/detail/165/stay-connected-subscribe-to-ca,0
https://www.bath.ac.uk/guides/careers-information-for-graduating-students/,0
https://www.bath.ac.uk/publications/additional-careers-support-for-disabled-students-careers-helpsheet/,0
https://unihub.bath.ac.uk/s/myfuture/infoPages/detail/146/book-appointment,0
https://unihub.bath.ac.uk/s/myfuture/videos/detail/200/to-disclose-or-not-to-disclose,0
https://unihub.bath.ac.uk/s/myfuture/workflows/detail/46,0
https://www.bath.ac.uk/guides/careers-tips-on-providing-autism-friendly-advice/,0
https://www.bath.ac.uk/person/509220,0
https://www.bath.ac.uk/person/1289182,0
https://www.bath.ac.uk/person/1589354,0
https://www.bath.ac.uk/person/1193739,0
https://www.bath.ac.uk/person/502002,0
https://www.bath.ac.uk/person/1490447,0
https://www.bath.ac.uk/publications/overview-of-student-immigration-policies-and-procedures-to-ensure-compliance-with-ukvi-requirements/,0
https://www.bath.ac.uk/teams/?f.Department+or+group%7CX=Student+Immigration+Service,0
https://www.bath.ac.uk/person/1202298,0
https://www.bath.ac.uk/guides/general-information-for-staff-about-student-visas/,0
https://www.bath.ac.uk/guides/student-immigration-appointments-and-drop-in-sessions/,0
https://www.bath.ac.uk/person/508043,0
https://www.bath.ac.uk/professional-services/employability-and-student-success/,0
https://www.bath.ac.uk/guides/careers-information-about-conventions-de-stage,0
https://www.bath.ac.uk/announcements/careers-quiet-hour,0
https://www.bath.ac.uk/campaigns/mapping-your-employability-journey,0
https://www.bath.ac.uk/topics/employing-our-students,0
https://www.bath.ac.uk/guides/the-bath-award,0
https://www.bath.ac.uk/locations/careers-centre,0
https://www.bath.ac.uk/guides/ai-and-job-applications-a-guide-for-university-students,0
https://www.bath.ac.uk/guides/careers-support-for-changing-or-leaving-your-course,0
https://www.bath.ac.uk/guides/information-for-staff-on-services-offered-by-careers,0
https://www.bath.ac.uk/announcements/introducing-the-student-success-stories-linkedin-page,0
https://www.bath.ac.uk/guides/graduate-outcomes-information-for-staff,0
https://www.bath.ac.uk/guides/careers-strategy,0
https://www.bath.ac.uk/topics/work-experience-opportunities-for-current-students,0
https://www.bath.ac.uk/guides/meet-the-careers-team,0
https://www.bath.ac.uk/guides/careers-information-for-prospective-students,0
https://www.bath.ac.uk/guides/careers-advice-for-staff,0
https://www.bath.ac.uk/guides/get-careers-advice/,0
https://unihub.bath.ac.uk/providers/saml/SsoPostRedirect/1?returnUrl=%2Fs%2Fmyfuture%2Fworkflows%2FDetail%2F136,0
https://unihub.bath.ac.uk/students/login?ReturnUrl=%2fs%2fmyfuture%2fworkflows%2fDetail%2f136,0
https://unihub.bath.ac.uk/students/who?ReturnUrl=%2Fs%2Fmyfuture%2Fworkflows%2FDetail%2F136,0
https://unihub.bath.ac.uk/s/myfuture/infopages/detail/401,0
https://unihub.bath.ac.uk/s/myfuture/workflows/detail/103,0
https://unihub.bath.ac.uk/s/myfuture/jobs,0
https://www.bath.ac.uk/announcements/?f.Department+or+group%7CX=Careers,0
https://unihub.bath.ac.uk/s/myfuture/resources/search/?order=Relevance&topicsUseAnd=true,0
https://www.bath.ac.uk/guides/your-visit-to-the-careers-centre/guides/your-visit-to-the-careers-centre/announcements/careers-planned-closures/,0
https://www.bath.ac.uk/teams/list-of-directors-of-studies-by-department/,0
http://www.bath.ac.uk/guides/suspending-your-studies-or-leaving-the-university/,0
https://www.bath.ac.uk/guides/suspending-your-studies-or-leaving-the-university/,0
https://www.bath.ac.uk/locations/admissions-office/,0
http://www.bath.ac.uk/topics/visas/index.html,0
http://www.bath.ac.uk/publications/guide-to-suspending-study/,0
https://www.bath.ac.uk/guides/career-options-for-researchers/,0
https://www.bath.ac.uk/legal-information/obtaining-and-providing-references-for-existing-or-former-staff-and-students/,0
https://unihub.bath.ac.uk/s/myfuture/workflows/detail/18,0
https://blogs.bath.ac.uk/careers/2018/01/18/marketing-yourself-as-a-mature-student/,0
https://blogs.bath.ac.uk/careers/,0
https://unihub.bath.ac.uk/s/myfuture/workflows/detail/124,0
https://unihub.bath.ac.uk/s/myfuture/workflows/detail/59,0
https://unihub.bath.ac.uk/s/myfuture/infoPages/detail/204/careers-support-for-degree-app,0
https://www.bath.ac.uk/guides/careers-support-for-student-apprentices/,0
https://www.bath.ac.uk/guides/how-to-employ-our-students-for-a-placement,0
https://www.bath.ac.uk/guides/showcasing-your-organisation-at-a-careers-fair/,0
https://www.bath.ac.uk/guides/careers-vacancy-advertising-policy,0
https://www.bath.ac.uk/guides/hosting-an-intern,0
https://www.bath.ac.uk/guides/careers-employer-guide-to-ensuring-inclusivity-at-events,0
https://www.bath.ac.uk/guides/employing-international-students,0
https://www.bath.ac.uk/guides/offering-a-micro-internship,0
https://www.bath.ac.uk/guides/advertising-graduate-roles,0
https://www.bath.ac.uk/campaigns/work-with-our-postgraduate-students-on-a-consultancy-project,0
https://www.bath.ac.uk/guides/employer-led-workshops-and-events,0
https://www.bath.ac.uk/guides/presentations-and-stands,0
https://www.bath.ac.uk/guides/careers-policy-regarding-recruitment-intermediaries,0
https://www.bath.ac.uk/guides/advertising-and-event-sponsorship,0
https://www.bath.ac.uk/campaigns/your-digital-skills-and-capabilities,0
https://www.bath.ac.uk/professional-services/academic-skills,0
https://blogs.bath.ac.uk/academic-and-employability-skills/2026/02/02/marx-musk-and-the-year-of-the-horse-%E9%A9%AC%E5%B9%B4ma-nian-notes-on-language-and-culture/,0
https://blogs.bath.ac.uk/academic-and-employability-skills/2026/02/05/celebrating-our-2026-bath-languages-interns/,0
https://www.bath.ac.uk/events/careers-in-using-languages-panel-webinar/,0
https://www.bath.ac.uk/guides/discussion-skills,0
https://www.bath.ac.uk/guides/english-language-skills,0
https://www.bath.ac.uk/announcements/get-help-completing-the-bath-award-or-using-my-employability-profile,0
https://www.bath.ac.uk/professional-services/mathematics-resources-centre-mash,0
https://www.bath.ac.uk/professional-services/pre-sessional-programme/,0
https://www.bath.ac.uk/professional-services/pre-sessional-and-english-language/,0
https://www.bath.ac.uk/topics/british-studies,0
https://unihub.bath.ac.uk/,0
https://blogs.bath.ac.uk/academic-and-employability-skills/2026/01/16/collaborate-for-success/,0
https://www.bath.ac.uk/professional-services/mathematics-resources-centre-mash/,0
https://www.bath.ac.uk/guides/graduate-outcomes-survey-data-usage-statement-main/,0
https://www.bath.ac.uk/departments/department-of-architecture-civil-engineering/,0
https://www.bath.ac.uk/faculties/faculty-of-science/,0
https://www.bath.ac.uk/departments/marketing-business-and-society-division/,0
https://www.bath.ac.uk/departments/accounting-finance-and-law-division/,0
https://www.bath.ac.uk/departments/department-of-mathematical-sciences/,0
https://www.bath.ac.uk/faculties/faculty-of-engineering-design/,0
https://www.bath.ac.uk/departments/department-of-chemical-engineering/,0
https://www.bath.ac.uk/departments/department-of-physics/,0
https://www.bath.ac.uk/topics/natural-sciences/,0
https://www.bath.ac.uk/research-groups/information-decisions-and-operations-division/,0
https://www.bath.ac.uk/departments/strategy-and-organisation-division/,0
https://www.bath.ac.uk/departments,0
https://www.bath.ac.uk/research-centres/centre-for-photonics-and-photonic-materials/,0
http://www.bath.ac.uk/ichem/,0
https://www.bath.ac.uk/projects/interfaces/,0
https://www.bath.ac.uk/research-groups/condensed-matter-and-quantum-materials/,0
https://www.bath.ac.uk/research-groups/education-work-and-social-change-research-group/,0
https://www.bath.ac.uk/research-groups/mathematical-foundations-of-computation/,0
https://www.bath.ac.uk/research-groups/sustainable-development-research-group,0
https://www.bath.ac.uk/research-centres/iaaps-research/,0
https://www.bath.ac.uk/research-centres/centre-for-bioengineering-biomedical-technologies/,0
https://www.bath.ac.uk/research-centres/centre-for-sport-physical-activity-and-health-equality-sphere/,0
https://www.bath.ac.uk/projects/materials/,0
https://www.bath.ac.uk/research-groups/human-computer-interaction-the-create-lab/,0
https://www.bath.ac.uk/research-centres/centre-for-nonlinear-mechanics/,0
https://www.bath.ac.uk/research-groups/social-and-cultural-cognition-scc,0
http://www.bath.ac.uk/cgris/,0
https://www.bath.ac.uk/research-centres/centre-for-the-study-of-violence/,0
https://www.bath.ac.uk/research-centres/centre-for-artificial-intelligence/,0
https://www.bath.ac.uk/research-groups/child-mental-health-and-development/,0
https://www.bath.ac.uk/research-groups/identities-communities-and-wellbeing-research-group/,0
https://www.bath.ac.uk/research-centres/centre-for-death-society,0
https://www.bath.ac.uk/research-centres/centre-for-nutrition-exercise-and-metabolism/,0
https://www.bath.ac.uk/research-groups/international-education-curriculum-assessments-and-leadership-research-group/,0
https://www.bath.ac.uk/research-groups/applied-economics-labour-education-and-health-research-group/,0
https://www.bath.ac.uk/research-centres/water-innovation-research-consortium-wirc-bath/,0
https://www.bath.ac.uk/research-groups/international-relations-research-group/,0
https://www.bath.ac.uk/research-groups/neuroscience-network/,0
https://www.bath.ac.uk/research-groups/collaborative-research-in-education-in-asia-network-crean/,0
https://www.bath.ac.uk/research-groups/environment-transport-and-sustainability-ents-research-group/,0
https://www.bath.ac.uk/research-groups/algebra-geometry-and-number-theory/,0
https://www.bath.ac.uk/research-centres/centre-for-mathematical-biology/,0
https://www.bath.ac.uk/projects/food-security/,0
https://www.bath.ac.uk/research-centres/centre-for-sustainable-energy-systems/,0
https://www.bath.ac.uk/research-groups/gender-politics-and-society-research-group/,0
https://www.bath.ac.uk/research-groups/nanobiophotonics/,0
https://www.bath.ac.uk/research-groups/bath-anxiety-and-mood-disorders-research-group/,0
https://www.bath.ac.uk/research-groups/microeconomic-theory-research-group/,0
http://www.bath.ac.uk/fow/,0
https://www.bath.ac.uk/research-groups/digital-lives-research-group/,0
https://www.bath.ac.uk/research-groups/public-and-political-economy-research-group/,0
https://www.bath.ac.uk/research-centres/centre-for-spatial-intelligence/,0
https://www.bath.ac.uk/research-groups/optical-fibres/,0
http://www.bath.ac.uk/management/larg/,0
https://www.bath.ac.uk/research-centres/centre-for-pain-research-cpr/,0
https://www.bath.ac.uk/projects/health,0
https://www.bath.ac.uk/research-groups/bath-babylab,0
https://www.bath.ac.uk/projects/transformations/,0
https://www.bath.ac.uk/research-centres/probability-laboratory-at-bath/,0
https://www.bath.ac.uk/research-groups/analysis/,0
https://www.bath.ac.uk/research-groups/applied-and-interdisciplinary-mathematics/,0
https://www.bath.ac.uk/research-groups/addiction-and-mental-health-group-aim/,0
https://www.bath.ac.uk/research-groups/nanobioelectronics/,0
https://www.bath.ac.uk/research-centres/centre-for-qualitative-research/,0
https://www.bath.ac.uk/research-centres/the-foundry-centre-for-digital-manufacturing-design/,0
https://www.bath.ac.uk/research-groups/neuroimaging-and-brain-stimulation-group-neurostim,0
https://www.bath.ac.uk/research-groups/reactionary-politics-research-group/,0
https://www.bath.ac.uk/research-groups/democracy-contention-research-group,0
http://www.bath.ac.uk/crei/,0
https://www.bath.ac.uk/projects/infection-and-antimicrobial-resistance/,0
https://www.bath.ac.uk/research-groups/statistics/,0
https://www.bath.ac.uk/teams/clinical-rehabilitation-and-exercise-medicine-crem-research-group-members,0
http://www.bath.ac.uk/chi2/,0
https://www.bath.ac.uk/research-groups/wellbeing-inclusion-and-relationality-in-education-wired-research-group/,0
https://www.bath.ac.uk/projects/evolution/,0
https://www.bath.ac.uk/research-centres/bath-centre-for-mindfulness-and-community,0
https://www.bath.ac.uk/research-groups/human-computer-interaction/,0
https://www.bath.ac.uk/research-groups/disorders-of-eating-and-body-image-debi-research-group/,0
https://www.bath.ac.uk/research-groups/crossmodal-cognition-lab/,0
https://www.bath.ac.uk/research-groups/future-politics-research-group/,0
https://www.bath.ac.uk/research-groups/reimagining-education-for-better-futures-research-group/,0
https://www.bath.ac.uk/projects/life-course/,0
https://www.bath.ac.uk/research-centres/centre-for-regenerative-design-engineering-for-a-net-positive-world,0
https://www.bath.ac.uk/projects/biodiversity/,0
https://www.bath.ac.uk/research-groups/visual-computing/,0
https://www.bath.ac.uk/research-groups/cancer-research-at-bath/,0
https://www.bath.ac.uk/research-groups/stress-anxiety-resilience-and-thriving-start/,0
https://www.bath.ac.uk/projects/analytical,0
https://www.bath.ac.uk/research-groups/astrophysics/,0
https://www.bath.ac.uk/research-centres/centre-for-applied-autism-research,0
https://www.bath.ac.uk/research-groups/macro-money-and-finance-research-group/,0
https://www.bath.ac.uk/research-centres/centre-for-nanoscience-and-nanotechnology/,0
https://www.bath.ac.uk/research-centres/centre-for-health-and-injury-illness-prevention-in-sport-chi2ps/,0
https://www.bath.ac.uk/research-groups/decolonising-knowledge-in-teaching-research-and-practice-deckno,0
http://www.bath.ac.uk/cbos/,0
http://www.bath.ac.uk/health/research/tobacco-control/,0
https://www.bath.ac.uk/research-groups/language-in-and-for-education-life-research-group/,0
https://www.bath.ac.uk/research-centres/centre-for-motivation-and-behaviour-change,0
https://www.bath.ac.uk/research-centres/centre-for-climate-adaptation-environment-research,0
https://www.bath.ac.uk/research-centres/centre-for-development-studies/,0
https://library.bath.ac.uk/,0
https://www.bath.ac.uk/guides/westwood-nursery/,0
http://www.bath.ac.uk/chaplaincy/,0
https://www.bath.ac.uk/teams/?f.Department+or+group%7CX=Doctoral+College,0
https://www.bath.ac.uk/campaigns/an-inclusive-phd-experience/,0
https://www.bath.ac.uk/topics/doctoral-induction/,0
https://www.bath.ac.uk/campaigns/godfrey-and-sue-hall-doctoral-researcher-prize/,0
https://www.bath.ac.uk/teams/board-of-studies-doctoral/,0
https://www.bath.ac.uk/teams/doctoral-college-leadership-team/,0
https://www.bath.ac.uk/guides/doctoral-college-who-we-are-and-what-we-do,0
https://www.bath.ac.uk/guides/doctoral-college-who-we-are-and-what-we-do/,0
https://www.bath.ac.uk/campaigns/doctoral-discoveries,0
https://www.bath.ac.uk/topics/professional-development-for-doctoral-students/,0
https://www.bath.ac.uk/guides/contacting-the-doctoral-college,0
https://www.bath.ac.uk/teams/doctoral-college-development-and-student-experience-team/,0
https://www.bath.ac.uk/announcements/celebrating-doctoral-research-culture-month-2025,0
https://www.bath.ac.uk/announcements/?f.Department+or+group%7CX=Doctoral+College,0
https://www.bath.ac.uk/guides/make-a-nomination-for-the-excellence-in-doctoral-supervision-prizes/,0
https://www.bath.ac.uk/guides/nominate-someone-for-the-doctoral-recognition-awards/,0
https://www.bath.ac.uk/teams/university-doctoral-studies-committee-udsc/,0
https://www.bath.ac.uk/campaigns/awards-and-recognition-schemes-for-those-within-the-doctoral-community/,0
https://www.bath.ac.uk/teams/doctoral-training-entities-cdts-and-dtps-staffing/,0
https://www.bath.ac.uk/guides/contacting-the-doctoral-college/,0
https://www.bath.ac.uk/announcements/dr-benjamin-metcalfe-wins-the-university-excellence-in-doctoral-supervision-prize,0
http://www.bath.ac.uk/contact/,0
https://www.bath.ac.uk/professional-services/risk-resilience-and-compliance/,0
https://library.bath.ac.uk/home/,0
https://www.bath.ac.uk/professional-services/centre-for-learning-teaching/,0
https://www.bath.ac.uk/professional-services/marketing-brand/,0
https://www.bath.ac.uk/professional-services/international-relations-office-iro/,0
https://www.bath.ac.uk/professional-services/academic-registry/,0
https://www.bath.ac.uk/offices/vice-chancellors-office/,0
https://www.bath.ac.uk/professional-services/creative-services/,0
http://www.bath.ac.uk/study/pg/graduate-schools/index.html,0
https://www.bath.ac.uk/guides/funding-opportunities-for-current-doctoral-students/,0
https://www.bath.ac.uk/campaigns/higher-education-scholarships-for-palestinians-hespal/,0
https://www.bath.ac.uk/campaigns/great-scholarships-2026/,0
https://www.bath.ac.uk/guides/applying-for-a-great-scholarship-2026/,0
https://www.bath.ac.uk/campaigns/clinical-pharmacy-practice-programmes-and-courses-for-pharmacists/,0
https://www.bath.ac.uk/campaigns/alumni-discount-on-postgraduate-tuition-fees/,0
https://www.bath.ac.uk/campaigns/staff-discount-on-postgraduate-tuition-fees/,0
https://www.bath.ac.uk/campaigns/clinical-pharmacy-postgraduate-courses-including-prescribing/,0
https://www.bath.ac.uk/corporate-information/faculty-of-science-taught-postgraduate-tuition-fees-2023-24/,0
https://www.bath.ac.uk/legal-information/deposits-for-taught-postgraduate-courses/,0
https://www.bath.ac.uk/publications/terms-and-conditions-for-taught-postgraduate-masters-bath-merit-scholarships-2026-27/attachments/bath-merit-scholarship-terms-and-conditions.pdf,0
https://www.bath.ac.uk/publications/terms-and-conditions-for-taught-postgraduate-masters-bath-merit-scholarships-2026-27/,0
https://www.bath.ac.uk/legal-information/terms-and-conditions-for-tuition-fee-discounts-for-alumni/,0
https://www.bath.ac.uk/publications/terms-and-conditions-for-taught-postgraduate-masters-scholarships-2026-27/attachments/taught-postgraduate-masters-scholarships-terms-and-conditions.pdf,0
https://www.bath.ac.uk/publications/terms-and-conditions-for-taught-postgraduate-masters-scholarships-2026-27/,0
https://www.bath.ac.uk/guides/applying-for-the-bath-global-excellence-scholarship/,0
https://www.bath.ac.uk/courses/postgraduate/faculty-of-engineering-design-postgraduate-taught-courses/,0
https://www.bath.ac.uk/courses/postgraduate/faculty-of-science-postgraduate-taught-courses/,0
https://www.bath.ac.uk/campaigns/bath-global-excellence-scholarship/,0
https://www.bath.ac.uk/guides/applying-for-a-title-iv-direct-loan/,0
https://www.bath.ac.uk/guides/applying-for-a-sallie-mae-private-loan/,0
https://mba.bath.ac.uk/our-city/,0
https://mba.bath.ac.uk/contact-us-and-eligibility-check/,0
https://mba.bath.ac.uk/the-bath-mba-entry-requirements/,0
https://mba.bath.ac.uk/privacy-and-cookie-policy/,0
https://mba.bath.ac.uk/explore-and-connect/,0
https://mba.bath.ac.uk/download-mba-brochure/,0
https://mba.bath.ac.uk/contact-form/,0
https://mba.bath.ac.uk/full-time-mba/programme-content-and-structure/,0
https://mba.bath.ac.uk/full-time-mba/developing-your-career-with-the-bath-mba/,0
https://mba.bath.ac.uk/how-to-apply/,0
https://mba.bath.ac.uk/contact-us-eligibility-check/,0
http://www.bath.ac.uk/campaigns/sir-jack-cater-scholarship/,0
https://mba.bath.ac.uk/mba-business-partners/,0
https://mba.bath.ac.uk/the-bath-mba-information-sessions/,0
http://www.bath.ac.uk/students/finance/paying-fees/methods-payment/index.html,0
http://www.bath.ac.uk/corporate-information/terms-and-conditions-for-tuition-fee-discounts-for-alumni/,0
https://mba.bath.ac.uk/funding-and-scholarships/scholarships-terms-and-conditions/,0
https://www.bath.ac.uk/courses/postgraduate-2026/taught-postgraduate-courses/msc-robotics-and-autonomous-systems/,0
https://www.bath.ac.uk/courses/postgraduate-2026/taught-postgraduate-courses/msc-biotechnology-sustainable-biotechnologies/,0
https://www.bath.ac.uk/courses/postgraduate-2026/taught-postgraduate-courses/msc-artificial-intelligence/,0
https://www.bath.ac.uk/courses/postgraduate-2026/taught-postgraduate-courses/msc-sustainable-energy-engineering/,0
https://www.bath.ac.uk/guides/applying-for-a-british-council-scholarship-for-women-in-stem-2026/,0
https://www.bath.ac.uk/case-studies/studying-at-bath-with-a-women-in-stem-scholarship/,0
https://www.bath.ac.uk/courses/postgraduate-2026/taught-postgraduate-courses/msc-advanced-mechanical-engineering/,0
https://www.bath.ac.uk/courses/postgraduate-2026/taught-postgraduate-courses/msc-biotechnology-healthcare-technologies/,0
https://www.bath.ac.uk/campaigns/british-council-scholarships-for-women-in-stem/,0
https://www.bath.ac.uk/campaigns/diamond-scholarship/,0
https://www.bath.ac.uk/guides/applying-for-the-diamond-scholarship/,0
https://www.bath.ac.uk/guides/applying-for-the-sanctuary-scholarship,0
https://www.bath.ac.uk/services/alternative-funding-options/,0
https://www.bath.ac.uk/corporate-information/faculty-of-engineering-design-taught-postgraduate-tuition-fees-2023-24/,0
https://www.bath.ac.uk/publications/pathway-to-research-application-form/,0
https://samis.bath.ac.uk/urd/sits.urd/run/siw_ipp_lgn.login?process=siw_ipp_app&code1=TDUMA-MD01&code2=0003,0
https://www.bath.ac.uk/publications/example-summer-research-projects/,0
https://www.bath.ac.uk/guides/postgraduate-research-degrees-in-mathematical-sciences/,0
https://www.bath.ac.uk/courses/postgraduate-2023/taught-postgraduate-courses/msc-mathematics-with-data-science-for-industry/,0
https://www.bath.ac.uk/campaigns/integrative-think-tanks/,0
https://www.bath.ac.uk/campaigns/start-your-research-career-in-mathematics-with-our-pathway-to-research-scheme/,0
https://www.bath.ac.uk/campaigns/sir-jack-cater-scholarship/,0
https://www.bath.ac.uk/publications/terms-and-conditions-for-school-of-management-full-time-masters-scholarships-january-2026-start,0
https://www.bath.ac.uk/corporate-information/terms-and-conditions-for-school-of-management-taught-postgraduate-masters-scholarships-2026-27,0
https://www.bath.ac.uk/campaigns/cma-cgm-excellence-fund-for-education/,0
https://www.bath.ac.uk/services/application-tracker-for-postgraduate-taught-courses/,0
https://www.bath.ac.uk/courses/postgraduate-2026/taught-postgraduate-courses/msc-automotive-engineering-with-business-management/,0
https://www.bath.ac.uk/courses/postgraduate-2026/taught-postgraduate-courses/msc-automotive-engineering-with-electric-propulsion/,0
https://www.bath.ac.uk/campaigns/frank-wallace-scholarship/,0
https://www.bath.ac.uk/courses/postgraduate-2026/taught-postgraduate-courses/msc-automotive-technology/,0
https://www.bath.ac.uk/courses/postgraduate-2026/taught-postgraduate-courses/msc-automotive-technology-with-business-management/,0
https://www.bath.ac.uk/guides/applying-for-the-frank-wallace-scholarship/,0
https://www.bath.ac.uk/campaigns/bath-merit-scholarships/,0
https://www.bath.ac.uk/publications/international-relations-office-iro-newsletters/,0
http://blogs.bath.ac.uk/iro/,0
https://www.bath.ac.uk/corporate-information/international-relations-office-mission-and-values/,0
https://www.bath.ac.uk/teams/international-partnerships/,0
https://stories.bath.ac.uk/annual-report/,0
https://www.bath.ac.uk/campaigns/virtual-exchange/,0
https://www.bath.ac.uk/campaigns/studying-at-bath-as-an-exchange-or-visiting-student/,0
https://www.bath.ac.uk/campaigns/apply-for-bath-fapesp-sprint-international-research-funding/,0
https://www.bath.ac.uk/case-studies/simran-commonwealth-split-site-phd-scholar/,0
https://www.bath.ac.uk/publications/the-international-relations-office-global-engagement-report/,0
https://www.bath.ac.uk/case-studies/two-of-our-warm-welcome-scholars-share-their-journeys-from-afghanistan-to-bath/,0
https://www.bath.ac.uk/corporate-information/international-networks-and-alliances/,0
https://www.bath.ac.uk/teams/?f.Department+or+group%7CX=International+Relations+Office,0
https://www.bath.ac.uk/announcements/?f.Department+or+group%7CX=International+Relations+Office,0
https://www.bath.ac.uk/topics/bath-global-chairs/,0
https://www.bath.ac.uk/campaigns/funding-opportunities-for-new-doctoral-students-from-china/,0
https://blogs.bath.ac.uk/iro/tag/chevening-scholarship/,0
https://www.bath.ac.uk/campaigns/scholarships-for-international-undergraduate-students/,0
https://www.bath.ac.uk/services/international-delegation-visit-request-form/,0
https://www.bath.ac.uk/campaigns/international-research-funding-opportunities/,0
https://www.bath.ac.uk/guides/commonwealth-split-site-scholarship/,0
https://blogs.bath.ac.uk/iro/2023/02/08/from-the-mountain-kingdom-to-the-world-my-chevening-journey/,0
https://www.bath.ac.uk/publications/overseas-visitors-protocol/,0
https://www.bath.ac.uk/campaigns/visiting-postgraduate-scholars/,0
https://www.bath.ac.uk/events/?f.Department+or+group%7CX=International+Relations+Office,0
https://www.bath.ac.uk/publications/the-international-relations-office-global-engagement-report-2021-2022/,0
https://www.bath.ac.uk/campaigns/international-sponsors-and-sponsored-students/,0
https://www.bath.ac.uk/corporate-information/school-of-management-taught-postgraduate-tuition-fees-2023-24/,0
https://www.bath.ac.uk/guides/applying-for-the-cma-cgm-excellence-fund/,0
https://www.bath.ac.uk/corporate-information/apprenticeship-eligibility/,0
https://www.bath.ac.uk/corporate-information/faculty-of-humanities-social-sciences-taught-postgraduate-tuition-fees-2023-24/,0
https://www.bath.ac.uk/teams/council/,0
https://www.bath.ac.uk/corporate-information/council-terms-of-reference/,0
http://www.bath.ac.uk/offices/council/,0
https://www.bath.ac.uk/publications/council-meeting-minutes-for-the-2016-17-academic-year/attachments/council-meeting-minutes-20-october-2016.pdf,0
https://www.bath.ac.uk/publications/council-meeting-minutes-for-the-2016-17-academic-year/attachments/council-meeting-minutes-13-july-2017.pdf,0
https://www.bath.ac.uk/publications/council-meeting-minutes-for-the-2016-17-academic-year/attachments/council-meeting-minutes-23-february-2017.pdf,0
https://www.bath.ac.uk/teams/statutory-bodies-and-committees/,0
https://www.bath.ac.uk/corporate-information/council-meeting-dates/,0
https://www.bath.ac.uk/publications/council-meeting-minutes-for-the-2016-17-academic-year/attachments/council-meeting-minutes-18-may-2017.pdf,0
https://www.bath.ac.uk/publications/council-meeting-minutes-for-the-2016-17-academic-year/attachments/council-meeting-minutes-24-november-2016.pdf,0
https://www.bath.ac.uk/corporate-information/charitable-status/,0
https://www.bath.ac.uk/publications/?f.Department+or+group|X=Council&f.Type|Y=Minutes,0
https://www.bath.ac.uk/publications/accessibility-test-reports-for-the-university-of-bath-website-bath-ac-uk/attachments/government-digital-service-accessibility-report-bath.pdf,0
https://www.bath.ac.uk/professional-services/research-computing/,0
https://www.bath.ac.uk/professional-services/assistive-technology/,0
https://www.bath.ac.uk/professional-services/audio-visual-services-event-support/,0
https://www.bath.ac.uk/legal-information/policies-and-guidelines.bho/,0
https://researchportal.bath.ac.uk/en/persons/joanna-clifton-sprigg/,0
https://www.bath.ac.uk/campaigns/ubilab-ipr/,0
https://www.bath.ac.uk/campaigns/the-ipr-visiting-fellows-schemes/,0
https://www.bath.ac.uk/publications/?f.Department+or+group%7CX=Institute+for+Policy+Research&f.Type%7CY=Report,0
https://www.bath.ac.uk/corporate-information/current-ipr-visiting-fellows/,0
https://www.bath.ac.uk/campaigns/political-economy-and-politics,0
https://www.bath.ac.uk/campaigns/ipr-ai-policy-fellowship-programme/,0
https://www.bath.ac.uk/campaigns/ipr-net-zero-policy-fellowship-programme/,0
https://www.bath.ac.uk/publications/paternity-allowance-six-weeks-for-self-employed-and-worker-dads/attachments/ipr-policy-brief---paternity-allowance.pdf,0
https://www.bath.ac.uk/courses/postgraduate-research/dprp-professional-doctorate-in-policy-research-and-practice-part-time/,0
https://www.bath.ac.uk/corporate-information/ipr-research/,0
http://blogs.bath.ac.uk/iprblog/,0
https://www.bath.ac.uk/teams/institute-for-policy-research-advisory-board/,0
https://www.bath.ac.uk/campaigns/the-bath-policy-engagement-academy/,0
https://www.bath.ac.uk/teams/institute-for-policy-research-central-team/,0
https://www.bath.ac.uk/campaigns/ipr-health-policy-fellowship-programme/,0
https://researchportal.bath.ac.uk/en/persons/alistair-hunt/,0
https://www.bath.ac.uk/campaigns/work-for-a-changing-world/,0
https://www.bath.ac.uk/campaigns/education-welfare-and-work,0
https://www.bath.ac.uk/campaigns/research-archive,0
https://www.bath.ac.uk/corporate-information/professional-doctorate-students-at-the-ipr/,0
https://www.bath.ac.uk/corporate-information/ipr-programmes/,0
https://www.bath.ac.uk/campaigns/sustainable-futures-and-healthy-living,0
https://www.bath.ac.uk/publications/costs-and-benefits-of-improved-leave-for-fathers-in-the-first-year-too-good-to-ignore,0
https://www.bath.ac.uk/campaigns/latest-publications/,0
https://www.bath.ac.uk/campaigns/the-ipr-sabbatical-scheme,0
https://www.bath.ac.uk/publications/?f.Department+or+group%7CX=Institute+for+Policy+Research&f.Type%7CY=Policy+brief,0
https://www.bath.ac.uk/publications/?f.Department+or+group%7CX=Institute+for+Policy+Research,0
https://researchportal.bath.ac.uk/en/persons/joanna-clifton-sprigg,0
https://www.bath.ac.uk/publications/costs-and-benefits-of-improved-leave-for-fathers-in-the-first-year-too-good-to-ignore/,0
https://researchportal.bath.ac.uk/en/persons/alistair-hunt,0
https://www.bath.ac.uk/announcements/sook-yeon-shim-joins-institute-for-policy-research-as-new-visiting-fellow,0
https://www.bath.ac.uk/campaigns/ipr-ai-policy-fellowship-programme,0
https://www.bath.ac.uk/campaigns/the-ipr-policy-fellowship-programme,0
https://www.bath.ac.uk/announcements/latest-research-to-policy-engagement-opportunities/,0
https://blogs.bath.ac.uk/iprblog/2026/03/10/electoral-reformers-should-look-beyond-proportionality/,0
https://www.bath.ac.uk/campaigns/ipr-net-zero-policy-fellowship-programme,0
https://www.bath.ac.uk/campaigns/ubilab-ipr,0
https://blogs.bath.ac.uk/iprblog/2026/02/26/human-activity-is-making-the-arctics-waters-louder/,0
https://www.bath.ac.uk/campaigns/the-ipr-visiting-fellows-schemes,0
https://www.bath.ac.uk/announcements/?meta_label_and=policyresearch,0
https://www.bath.ac.uk/campaigns/the-bath-policy-engagement-academy,0
https://www.bath.ac.uk/corporate-information/professional-doctorate-students-at-the-ipr,0
https://www.bath.ac.uk/campaigns/latest-publications,0
https://www.bath.ac.uk/campaigns/ipr-health-policy-fellowship-programme,0
https://www.bath.ac.uk/teams/?f.Department+or+group%7CX=Imaging+Facility,0
https://www.bath.ac.uk/profiles/instrument-specialist-bio-electron-microscopy-diana-szeidler-lednitzky,0
https://www.bath.ac.uk/profiles/senior-instrument-specialist-electron-microscopy-philip-fletcher,0
https://www.bath.ac.uk/profiles/senior-technician-mathew-ball,0
https://www.bath.ac.uk/research-facilities/imaging-facility,0
https://www.bath.ac.uk/profiles/general-technician-biology-and-microscopy-silvia-martinez-micol,0
https://www.bath.ac.uk/profiles/instrument-specialist-bio-imaging-michael-zachariadis,0
https://www.bath.ac.uk/research-facilities/research-infrastructure-and-facilities,0
https://www.bath.ac.uk/services/?f.Department+or+group%7CX=Research+Infrastructure+and+Facilities,0
https://www.bath.ac.uk/campaigns/use-our-flow-cytometry-service,0
https://www.bath.ac.uk/corporate-information/metrology,0
https://www.bath.ac.uk/campaigns/use-our-molecular-spectroscopy-service,0
https://www.bath.ac.uk/campaigns/use-our-bioimaging-unit,0
https://www.bath.ac.uk/campaigns/use-our-electron-microscopy-service,0
https://www.bath.ac.uk/campaigns/light-microscopy-research-network-at-bath,0
https://www.bath.ac.uk/announcements/quick-and-reliable-way-to-determine-the-amount-of-volatile-matter,0
https://www.bath.ac.uk/publications/application-notes-on-thermal-polymer-characterisation,0
https://www.bath.ac.uk/case-studies/using-x-ray-diffraction-to-help-to-maintain-waste-water-pipes,0
https://www.bath.ac.uk/announcements/porous-materials-network-epomm-opens,0
https://www.bath.ac.uk/publications/applications-notes-on-x-ray-crystallography,0
https://www.bath.ac.uk/publications/application-notes-on-porosity-surface-area,0
https://www.bath.ac.uk/announcements/another-way-to-measure-the-glass-transition-in-polymers,0
https://www.bath.ac.uk/campaigns/use-our-thermal-and-polymer-characterisation-service,0
https://www.bath.ac.uk/campaigns/use-our-x-ray-diffraction-service,0
https://www.bath.ac.uk/campaigns/use-our-sorption-properties-equipment,0
https://www.bath.ac.uk/guides/accessing-and-processing-your-data-remotely.bho/,0
https://www.bath.ac.uk/guides/acknowledging-university-research-facilities-in-publications/,0
https://www.bath.ac.uk/legal-information/research-facilities-user-agreement-for-staff-and-students/,0
https://www.bath.ac.uk/teams/?f.Department+or+group%7CX=Chemical+Characterisation+Facility,0
https://www.bath.ac.uk/profiles/instrument-specialist-nmr-and-reaction-monitoring-catherine-lyall,0
https://www.bath.ac.uk/profiles/senior-analytical-laboratory-technician-elizabeth-marsden,0
https://www.bath.ac.uk/profiles/instrument-technician-martin-levere,0
https://www.bath.ac.uk/profiles/instrument-specialist-mass-spectrometry-kit-proctor,0
https://www.bath.ac.uk/profiles/senior-instrument-specialist-nuclear-magnetic-resonance-tim-woodman,0
https://www.bath.ac.uk/profiles/core-research-facility-lead-john-lowe,0
https://www.bath.ac.uk/research-facilities/chemical-characterisation-facility,0
https://www.bath.ac.uk/announcements/td-gc-ms-for-detection-of-volatile-compounds,0
https://www.bath.ac.uk/publications/research-facilities-notes-on-amino-acids-analysis,0
https://www.bath.ac.uk/projects/about-the-dream-facility,0
https://www.bath.ac.uk/case-studies/how-our-research-facilities-are-helping-to-take-the-guesswork-out-of-making-great-gin,0
https://www.bath.ac.uk/guides/internal-users-of-the-dream-facility,0
https://www.bath.ac.uk/research-facilities/dynamic-reaction-monitoring-facility,0
https://www.bath.ac.uk/case-studies/using-proton-nmr-to-improve-growth-media-for-trypanosomes,0
https://www.bath.ac.uk/guides/how-to-apply-to-use-the-dream-facility,0
https://www.bath.ac.uk/campaigns/use-our-nuclear-magnetic-resonance-service,0
https://www.bath.ac.uk/campaigns/dream-facility-equipment,0
https://www.bath.ac.uk/campaigns/use-our-mass-spectrometry-service,0
https://www.bath.ac.uk/locations/dream-facility/,0
https://www.bath.ac.uk/campaigns/use-our-chromatography-and-related-services,0
https://www.bath.ac.uk/case-studies/watching-polymer-chains-grow-in-real-time,0
https://www.bath.ac.uk/guides/using-coloured-caps-for-sample-tubes-on-the-nuclear-magnetic-resonance-instruments,0
https://www.bath.ac.uk/guides/gene-synthesis-and-cloning,0
https://www.bath.ac.uk/guides/sequence-and-protein-analysis-tools,0
https://www.bath.ac.uk/guides/?f.Department+or+group%7CX=Biotechnology+Facility,0
https://www.bath.ac.uk/guides/protein-expression,0
https://www.bath.ac.uk/guides/protein-purification,0
https://www.bath.ac.uk/guides/protein-analysis,0
https://www.bath.ac.uk/announcements/how-the-zebrafish-got-its-stripes,0
https://www.bath.ac.uk/case-studies/searching-for-genetic-clues-how-early-development-affects-lifelong-health,0
http://www.bath.ac.uk/announcements/?meta_label_and=animalresearch,0
https://www.bath.ac.uk/case-studies/hope-for-childhood-epilepsy-how-fast-breeding-zebrafish-are-making-a-difference,0
https://www.bath.ac.uk/legal-information/procedure-for-ethical-review-when-using-animals,0
https://www.bath.ac.uk/announcements/university-of-bath-highlighted-again-as-leader-in-openness-in-animal-research,0
https://www.bath.ac.uk/case-studies/transforming-medicine-with-advances-in-oral-drug-delivery,0
https://www.bath.ac.uk/corporate-information/how-and-why-we-carry-out-animal-research,0
https://www.bath.ac.uk/legal-information/animal-research-policy-statement,0
https://www.bath.ac.uk/announcements/joubert-syndrome-the-link-between-intellectual-disability-and-defects-in-the-hippocampus,0
https://www.bath.ac.uk/announcements/university-of-bath-scientist-awarded-for-career-long-work-promoting-openness-in-animal-research,0
https://www.bath.ac.uk/announcements/how-changes-in-ageing-fish-may-offer-insight-into-dementia,0
https://www.bath.ac.uk/publications/facts-and-figures-about-our-animal-research,0
https://www.bath.ac.uk/case-studies/takes-some-nerve-how-lab-grown-tumours-are-helping-scientists-understand-pancreatic-cancer,0
https://www.bath.ac.uk/guides/carrying-out-ethically-responsible-research-involving-animals,0
https://www.bath.ac.uk/legal-information/code-of-ethical-practice-for-research-involving-animals,0
https://www.bath.ac.uk/case-studies/using-animal-alternative-methods-to-model-organisms,0
https://www.bath.ac.uk/teams/?f.Department+or+group%7CX=Research+Infrastructure+and+Facilities,0
https://www.bath.ac.uk/profiles/head-of-core-research-facilities-christy-waterfall,0
https://www.bath.ac.uk/research-facilities/advanced-fabrication-facility,0
https://www.bath.ac.uk/teams/?f.Department+or+group%7CX=Advanced+Fabrication+Facility,0
https://www.bath.ac.uk/profiles/technician-steven-renshaw,0
https://www.bath.ac.uk/profiles/materials-characterisation-instrument-specialist-sunanda-sain,0
https://www.bath.ac.uk/profiles/senior-technician-olivier-camus,0
https://www.bath.ac.uk/research-facilities/physical-structure-characterisation-facility,0
https://www.bath.ac.uk/profiles/technical-supervisor-analytical-facilities-sara-crew,0
https://www.bath.ac.uk/profiles/senior-analytical-technician-siyi-liu,0
https://www.bath.ac.uk/teams/?f.Department+or+group%7CX=Physical+Structure+Characterisation+Facility,0
https://www.bath.ac.uk/profiles/instrument-specialist-x-ray-crystallography-gabriele-kociok-kohn,0
https://www.bath.ac.uk/announcements/new-sustainable-plant-based-membrane-works-without-fossil-fuel-materials-and-toxic-solvents,0
https://www.bath.ac.uk/courses/doctoral-programme/faculty-of-engineering-design-postgraduate-research/,0
https://www.bath.ac.uk/teams/centre-for-integrated-materials-processes-structures-team/,0
https://researchportal.bath.ac.uk/en/organisations/centre-for-integrated-materials-processes-structures-imps/publications/,0
https://www.bath.ac.uk/announcements/bath-joins-uk-consortium-spearheading-hydrogen-fuel-system-development-for-aviation,0
https://www.bath.ac.uk/announcements/three-industrial-collaborations-secure-funding-as-part-of-latest-149m-epsrc-prosperity-partnerships,0
https://researchportal.bath.ac.uk/en/organisations/centre-for-integrated-materials-processes-structures-imps/projects/,0
https://www.bath.ac.uk/projects/epsrc-network-for-engineering-porous-materials-at-multiple-scales-epomm,0
https://www.bath.ac.uk/announcements/bathmat-clinical-trial-launches-across-nhs-trusts-to-ease-staff-workload-and-boost-patient-care,0
https://www.bath.ac.uk/projects/inflatable-prone-repositioning-device-iprd,0
https://www.bath.ac.uk/announcements/do-or-dye-synthetic-colours-in-wastewater-pose-a-threat-to-food-chains-worldwide,0
https://www.bath.ac.uk/campaigns/membranes-research-expertise,0
https://www.bath.ac.uk/teams/centre-for-integrated-materials-processes-structures-team,0
https://blogs.bath.ac.uk/fed-academia/2024/09/27/supporting-our-centres-summer-funded-students-through-their-research/,0
https://www.bath.ac.uk/guides/centre-for-integrated-materials-processes-structures-facilities-and-equipment,0
https://www.bath.ac.uk/announcements/piezoelectric-biomaterial-offers-new-treatment-potential-for-central-nervous-system-injuries,0
https://www.bath.ac.uk/case-studies/developing-the-supercomputers-of-tomorrow,0
https://www.bath.ac.uk/case-studies/using-fibre-optics-to-tackle-icu-infections,0
https://www.bath.ac.uk/case-studies/a-vision-of-optical-fibres-tailored-for-healthcare,0
https://www.bath.ac.uk/guides/fibre-fabrication-facility,0
https://www.bath.ac.uk/locations/building-research-park/,0
https://www.bath.ac.uk/corporate-information/building-research-park-facilities/,0
https://www.bath.ac.uk/topics/armed-forces-covenant/,0
https://www.bath.ac.uk/corporate-information/relocation-procedure/,0
https://www.bath.ac.uk/guides/visa-reimbursement-scheme/,0
https://www.bath.ac.uk/jobs/display.aspx?id=1229&pid=0,0
https://www.bath.ac.uk/campaigns/family-friendly-workplace/,0
https://www.bath.ac.uk/guides/interest-free-loan-scheme-for-home-office-application-fees-and-related-legal-costs/,0
https://www.bath.ac.uk/jobs/EmailFriend.aspx?ref=KD13433,0
https://www.bath.ac.uk/announcements/university-receives-ambassadors-for-autism-certification/,0
https://www.bath.ac.uk/jobs/Upload/vacancies/files/29004/Lecturer in Finance JD - February 2026.doc,0
https://www.bath.ac.uk/guides/terms-and-conditions-academic-staff-grades-7-to-9/,0
https://www.bath.ac.uk/jobs/Upload/vacancies/files/28945/research-associate-generic-job-description (4) (2).docx,0
https://www.bath.ac.uk/jobs/EmailFriend.aspx?ref=KP13404,0
https://www.bath.ac.uk/jobs/Upload/vacancies/files/28945/research-assistant JD.docx,0
https://www.bath.ac.uk/corporate-information/employment-terms-and-conditions-for-staff-in-grades-6-to-9-excluding-academic-staff/,0
https://www.bath.ac.uk/jobs/Upload/vacancies/files/28814/Candidate_Pack_Professor of Sustainable Hydrogen Energy_KP13339 (1).pdf,0
https://www.bath.ac.uk/jobs/Upload/vacancies/files/28814/professor-generic-job-description - Hydrogen Energy.doc,0
https://www.bath.ac.uk/jobs/EmailFriend.aspx?ref=KP13339,0
https://www.bath.ac.uk/jobs/Upload/vacancies/files/28814/APReader JD.doc,0
https://www.bath.ac.uk/jobs/Upload/vacancies/files/28342/GTF - senior-lecturer-job-description.doc,0
https://www.bath.ac.uk/guides/getting-or-offering-mentoring-support/,0
https://www.bath.ac.uk/guides/funding-opportunities/,0
https://www.bath.ac.uk/jobs/EmailFriend.aspx?ref=GTFSL,0
https://www.bath.ac.uk/jobs/Upload/vacancies/files/28342/GTF-Research-Programme-Template.docx,0
https://www.bath.ac.uk/jobs/Upload/vacancies/files/28342/Global Talent Brochure_Dec.pdf,0
https://www.bath.ac.uk/jobs/docs/ResearchProgrammeTemplate,0
https://www.bath.ac.uk/announcements/peer-mentoring-scheme-for-international-staff/,0
https://www.bath.ac.uk/jobs/display.aspx?id=1937&pid=0&tabId=218,0
https://www.bath.ac.uk/jobs/display.aspx?id=1938&pid=0&tabId=218,0
https://blogs.bath.ac.uk/inclusion/,0
https://www.bath.ac.uk/jobs/display.aspx?id=1941&pid=0&tabId=218,0
https://www.bath.ac.uk/jobs/display.aspx?id=1940&pid=0&tabId=218,0
https://www.bath.ac.uk/jobs/display.aspx?id=1939&pid=0&tabId=218,0
https://www.bath.ac.uk/jobs/display.aspx?id=322&pid=84,0
https://www.bath.ac.uk/jobs/display.aspx?id=1361&pid=220,0
https://www.bath.ac.uk/corporate-information/applicant-privacy-notice/,0
https://www.bath.ac.uk/corporate-information/university-of-bath-pay-and-grading-structure/,0
https://www.bath.ac.uk/corporate-information/setting-starting-salaries-across-the-university/,0
https://www.bath.ac.uk/corporate-information/employment-terms-and-conditions-for-staff-in-grades-2-to-5/,0
https://www.bath.ac.uk/corporate-information/employment-terms-and-conditions-for-professors/,0
https://www.bath.ac.uk/corporate-information/employment-terms-and-conditions-for-senior-professional-services-staff/,0
https://www.bath.ac.uk/legal-information/employment-terms-and-conditions-for-academic-staff-in-grades-7-to-9/,0
https://www.bath.ac.uk/jobs/EmailFriend.aspx?ref=8288,0
https://www.bath.ac.uk/jobs/EmailFriend.aspx?ref=GTFP,0
https://www.bath.ac.uk/legal-information/employment-terms-and-conditions-for-professors/,0
https://www.bath.ac.uk/jobs/Upload/vacancies/files/28344/Global Talent Brochure_Dec.pdf,0
https://www.bath.ac.uk/jobs/Upload/vacancies/files/28344/GTF-Research-Programme-Template.docx,0
https://www.bath.ac.uk/jobs/Upload/vacancies/files/28344/GTF - professor-job-description.doc,0
https://www.bath.ac.uk/campaigns/join-our-marketing-communications-and-external-affairs-department/,0
https://www.bath.ac.uk/campaigns/join-our-campus-infrastructure-department/,0
https://www.bath.ac.uk/jobs/display.aspx?id=1966&pid=0,0
https://www.bath.ac.uk/jobs/display.aspx?id=1777&pid=290,0
https://www.bath.ac.uk/jobs/EmailFriend.aspx?ref=GTFR,0
https://www.bath.ac.uk/jobs/Upload/vacancies/files/28343/GTF - reader - job-description.doc,0
https://www.bath.ac.uk/jobs/Upload/vacancies/files/28343/GTF-Research-Programme-Template.docx,0
https://www.bath.ac.uk/jobs/Upload/vacancies/files/28343/Global Talent Brochure_Dec.pdf,0
https://www.bath.ac.uk/jobs/Logon/default.aspx?ReturnUrl=%2fSubs,0
https://www.bath.ac.uk/jobs/Registration/?ReturnUrl=%2fSubs,0
https://www.bath.ac.uk/jobs/display.aspx?id=1926&pid=0&tabId=218,0
https://www.bath.ac.uk/jobs/display.aspx?id=1924&pid=0&tabId=218,0
https://www.bath.ac.uk/jobs/display.aspx?id=1925&pid=0&tabId=218,0
https://www.bath.ac.uk/jobs/display.aspx?id=1927&pid=0&tabId=218,0
https://www.bath.ac.uk/jobs/display.aspx?id=1928&pid=0&tabId=218,0
https://www.bath.ac.uk/jobs/EmailFriend.aspx?ref=KP13466,0
https://www.bath.ac.uk/jobs/Upload/vacancies/files/29077/Research Associate JD - CE.docx,0
https://www.bath.ac.uk/jobs/display.aspx?id=1932&pid=0&tabId=218,0
https://www.bath.ac.uk/jobs/terms,0
https://www.bath.ac.uk/jobs/display.aspx?id=1931&pid=0&tabId=218,0
https://www.bath.ac.uk/jobs/display.aspx?id=1930&pid=0&tabId=218,0
https://www.bath.ac.uk/jobs/display.aspx?id=1933&pid=0&tabId=218,0
https://www.bath.ac.uk/jobs/display.aspx?id=1934&pid=0&tabId=218,0
https://www.bath.ac.uk/jobs/display.aspx?id=1951&pid=0&tabId=218,0
https://www.bath.ac.uk/jobs/display.aspx?id=1948&pid=0&tabId=218,0
http://www.bath.ac.uk/hr/working/disability-support/index.html,0
https://www.bath.ac.uk/jobs/display.aspx?id=1947&pid=0&tabId=218,0
https://www.bath.ac.uk/jobs/display.aspx?id=1949&pid=0&tabId=218,0
https://www.bath.ac.uk/jobs/display.aspx?id=1950&pid=0&tabId=218,0
https://www.bath.ac.uk/jobs/display.aspx?id=1952&pid=0&tabId=218,0
https://www.bath.ac.uk/jobs/display.aspx?id=1953&pid=0&tabId=218,0
https://www.bath.ac.uk/jobs/docs/RelocationGuide,0
https://www.bath.ac.uk/jobs/faculty,0
https://www.bath.ac.uk/legal-information/relocation-procedure/,0
https://www.bath.ac.uk/jobs/professional,0
https://www.bath.ac.uk/jobs/Upload/vacancies/files/28981/ED13421 job description.pdf,0
https://www.bath.ac.uk/jobs/EmailFriend.aspx?ref=ED13421,0
https://www.bath.ac.uk/guides/inviting-overseas-visitors-to-the-university,0
https://www.bath.ac.uk/guides/academic-technology-approval-scheme-atas-for-academics-researchers,0
https://www.bath.ac.uk/topics/working-at-bath/,0
https://www.bath.ac.uk/topics/starting-work-at-bath/,0
https://www.bath.ac.uk/guides/staff-networks-and-groups,0
https://www.bath.ac.uk/guides/interest-free-loan-scheme-for-home-office-application-fees-and-related-legal-costs,0
https://www.bath.ac.uk/guides/global-talent-visa,0
https://www.bath.ac.uk/legal-information/working-in-the-uk-and-the-points-based-immigration-system,0
https://www.bath.ac.uk/legal-information/temporary-work-visas,0
https://www.bath.ac.uk/guides/completing-an-online-right-to-work-check,0
https://www.bath.ac.uk/topics/staff-recruitment-resources.bho/,0
https://www.bath.ac.uk/guides/visa-reimbursement-scheme,0
https://www.bath.ac.uk/guides/conducting-right-to-work-checks,0
https://www.bath.ac.uk/guides/settlement-indefinite-leave-to-remain,0
https://www.bath.ac.uk/guides/information-for-student-or-tier-4-visa-workers,0
https://www.bath.ac.uk/guides/get-ready-for-a-digitised-immigration-system-create-your-ukvi-account-and-convert-to-an-evisa,0
https://www.bath.ac.uk/topics/manager-resources.bho/,0
https://www.bath.ac.uk/announcements/peer-mentoring-scheme-for-international-staff,0
https://www.bath.ac.uk/legal-information/relocation-procedure,0
https://www.bath.ac.uk/legal-information/skilled-worker-visa,0
https://www.bath.ac.uk/campaigns/travelling-to-work/,0
https://www.bath.ac.uk/guides/being-a-member-of-the-universities-superannuation-scheme/,0
https://www.bath.ac.uk/guides/understanding-the-electric-vehicle-salary-sacrifice-scheme.bho/,0
https://www.bath.ac.uk/guides/the-bath-hybrid-model/,0
https://www.bath.ac.uk/guides/returning-parents-support-fund/,0
https://www.bath.ac.uk/estates/on-campus/lunch-time-walks/lunch-time-walks.html,0
https://www.bath.ac.uk/guides/being-a-member-of-the-university-of-bath-group-pension-plan/,0
https://www.bath.ac.uk/announcements/university-accredited-as-a-living-wage-employer/,0
https://www.bath.ac.uk/corporate-information/annual-leave-entitlements-bank-and-discretionary-holidays/,0
https://blogs.bath.ac.uk/omnibus/about-us/,0
https://www.bath.ac.uk/corporate-information/university-strategy-and-supporting-pillars/,0
https://www.bath.ac.uk/jobs/display.aspx?id=1944&pid=0&tabId=218,0
https://www.bath.ac.uk/jobs/display.aspx?id=1945&pid=0&tabId=218,0
https://www.bath.ac.uk/jobs/display.aspx?id=1976&pid=0&tabId=218,0
https://www.bath.ac.uk/projects/from-the-centre-to-the-periphery-reducing-spatial-divides-through-area-based-education-initiatives/,0
https://www.bath.ac.uk/jobs/Upload/vacancies/files/29073/Job Description - Research Associate.docx,0
https://www.bath.ac.uk/projects/the-brunel-centre/,0
https://www.bath.ac.uk/jobs/EmailFriend.aspx?ref=ED13299R,0
https://www.bath.ac.uk/jobs/EmailFriend.aspx?ref=SS13431,0
https://www.bath.ac.uk/jobs/Upload/vacancies/files/29000/2. lecturer (Conservation Biology)-grade-7-t-job-description (2).docx,0
https://www.bath.ac.uk/jobs/EmailFriend.aspx?ref=ASR13435,0
https://www.bath.ac.uk/jobs/Upload/vacancies/files/29008/Dean_FED (2).pdf,0
https://www.bath.ac.uk/jobs/Upload/vacancies/files/28345/global-talent-prize-fellow-job-description.docx,0
https://www.bath.ac.uk/jobs/Upload/vacancies/files/28345/Global Talent Brochure_Dec.pdf,0
https://www.bath.ac.uk/jobs/EmailFriend.aspx?ref=GTFPF,0
https://www.bath.ac.uk/jobs/docs/PrizeFellowResearchProgrammeTemplate,0
https://www.bath.ac.uk/jobs/Upload/vacancies/files/28345/GTF-Research-Programme-Template-Prize-Fellow.docx,0
https://www.bath.ac.uk/jobs/EmailFriend.aspx?ref=SS13465,0
https://www.bath.ac.uk/jobs/Upload/vacancies/files/29071/SRF updated.docx,0
https://www.bath.ac.uk/jobs/RSS/rss.aspx?cat=474&type=6,0
https://www.bath.ac.uk/jobs/RSS/rss.aspx?cat=462&type=6,0
https://www.bath.ac.uk/jobs/RSS/rss.aspx?cat=380&type=6,0
https://www.bath.ac.uk/jobs/RSS/rss.aspx?cat=435&type=6,0
https://www.bath.ac.uk/jobs/RSS/rss.aspx?cat=411,0
https://www.bath.ac.uk/jobs/RSS/rss.aspx?cat=357&type=6,0
https://www.bath.ac.uk/jobs/RSS/rss.aspx?cat=472&type=6,0
https://www.bath.ac.uk/jobs/RSS/rss.aspx?cat=390&type=6,0
https://www.bath.ac.uk/jobs/RSS/rss.aspx?cat=458&type=6,0
https://www.bath.ac.uk/jobs/RSS/rss.aspx?cat=452&type=6,0
https://www.bath.ac.uk/jobs/RSS/rss.aspx?cat=404&type=6,0
https://www.bath.ac.uk/jobs/RSS/rss.aspx?cat=426&type=6,0
https://www.bath.ac.uk/jobs/RSS/rss.aspx?cat=392,0
https://www.bath.ac.uk/jobs/RSS/rss.aspx?cat=382&type=6,0
https://www.bath.ac.uk/jobs/RSS/rss.aspx?cat=460&type=6,0
https://www.bath.ac.uk/jobs/RSS/rss.aspx?cat=366&type=6,0
https://www.bath.ac.uk/jobs/RSS/rss.aspx?cat=455&type=6,0
https://www.bath.ac.uk/jobs/RSS/rss.aspx?cat=436&type=6,0
https://www.bath.ac.uk/jobs/RSS/rss.aspx?cat=473&type=6,0
https://www.bath.ac.uk/jobs/RSS/rss.aspx?cat=479&type=6,0
https://www.bath.ac.uk/jobs/RSS/rss.aspx?cat=431&type=6,0
https://www.bath.ac.uk/jobs/RSS/rss.aspx?cat=350&type=6,0
https://www.bath.ac.uk/jobs/RSS/rss.aspx?cat=475&type=6,0
https://www.bath.ac.uk/jobs/RSS/rss.aspx?cat=381&type=6,0
https://www.bath.ac.uk/jobs/RSS/rss.aspx?cat=457&type=6,0
https://www.bath.ac.uk/jobs/RSS/rss.aspx?cat=393,0
https://www.bath.ac.uk/jobs/RSS/rss.aspx?cat=477&type=6,0
https://www.bath.ac.uk/jobs/RSS/rss.aspx?cat=407&type=6,0
https://www.bath.ac.uk/jobs/RSS/rss.aspx?cat=361&type=6,0
https://www.bath.ac.uk/jobs/RSS/rss.aspx?cat=358&type=6,0
https://www.bath.ac.uk/jobs/RSS/rss.aspx?cat=414&type=6,0
https://www.bath.ac.uk/jobs/RSS/rss.aspx?cat=377&type=6,0
https://www.bath.ac.uk/jobs/RSS/rss.aspx?cat=365&type=6,0
https://www.bath.ac.uk/jobs/RSS/rss.aspx?cat=413&type=6,0
https://www.bath.ac.uk/jobs/RSS/rss.aspx?cat=363&type=6,0
https://www.bath.ac.uk/jobs/RSS/rss.aspx?cat=476&type=6,0
https://www.bath.ac.uk/jobs/RSS/rss.aspx?cat=387&type=6,0
https://www.bath.ac.uk/jobs/RSS/rss.aspx?cat=409&type=6,0
https://www.bath.ac.uk/jobs/RSS/rss.aspx?cat=364&type=6,0
https://www.bath.ac.uk/jobs/RSS/rss.aspx?cat=465&type=6,0
https://www.bath.ac.uk/jobs/RSS/rss.aspx?cat=470&type=6,0
https://www.bath.ac.uk/jobs/RSS/rss.aspx?cat=410&type=6,0
https://www.bath.ac.uk/jobs/RSS/rss.aspx?cat=466&type=6,0
https://www.bath.ac.uk/jobs/RSS/rss.aspx?cat=444&type=6,0
https://www.bath.ac.uk/jobs/RSS/rss.aspx?cat=438&type=6,0
https://www.bath.ac.uk/jobs/RSS/rss.aspx?cat=412&type=6,0
https://www.bath.ac.uk/jobs/RSS/rss.aspx?cat=385&type=6,0
https://www.bath.ac.uk/jobs/RSS/rss.aspx?cat=378&type=6,0
https://www.bath.ac.uk/jobs/RSS/rss.aspx?cat=391,0
https://www.bath.ac.uk/jobs/RSS/rss.aspx?cat=469&type=9,0
https://www.bath.ac.uk/jobs/RSS/rss.aspx?cat=432&type=6,0
https://www.bath.ac.uk/jobs/RSS/rss.aspx?cat=383&type=6,0
https://www.bath.ac.uk/jobs/RSS/rss.aspx?cat=379&type=6,0
https://www.bath.ac.uk/jobs/RSS/rss.aspx?cat=370&type=6,0
https://www.bath.ac.uk/jobs/RSS/rss.aspx?cat=478&type=6,0
https://www.bath.ac.uk/jobs/RSS/rss.aspx?cat=461&type=6,0
https://www.bath.ac.uk/jobs/RSS/rss.aspx?cat=418&type=9,0
https://www.bath.ac.uk/jobs/RSS/rss.aspx?cat=399&type=6,0
https://www.bath.ac.uk/jobs/RSS/rss.aspx?cat=443&type=6,0
https://www.bath.ac.uk/jobs/RSS/rss.aspx?cat=453&type=6,0
https://www.bath.ac.uk/jobs/RSS/rss.aspx?cat=439&type=9,0
https://www.bath.ac.uk/jobs/RSS/rss.aspx,0
https://www.bath.ac.uk/jobs/RSS/rss.aspx?cat=384&type=6,0
https://www.bath.ac.uk/jobs/RSS/rss.aspx?cat=467&type=6,0
https://www.bath.ac.uk/jobs/RSS/rss.aspx?cat=463&type=6,0
https://www.bath.ac.uk/jobs/RSS/rss.aspx?cat=394,0
https://www.bath.ac.uk/jobs/RSS/rss.aspx?cat=371&type=6,0
https://www.bath.ac.uk/jobs/RSS/rss.aspx?cat=352&type=6,0
https://www.bath.ac.uk/jobs/RSS/rss.aspx?cat=359&type=6,0
https://www.bath.ac.uk/jobs/RSS/rss.aspx?cat=430&type=6,0
https://www.bath.ac.uk/jobs/RSS/rss.aspx?cat=464&type=6,0
https://www.bath.ac.uk/jobs/RSS/rss.aspx?cat=459&type=6,0
https://www.bath.ac.uk/jobs/RSS/rss.aspx?cat=360&type=6,0
https://www.bath.ac.uk/jobs/RSS/rss.aspx?cat=374&type=6,0
https://www.bath.ac.uk/jobs/RSS/rss.aspx?cat=434&type=6,0
https://www.bath.ac.uk/jobs/RSS/rss.aspx?cat=353&type=6,0
https://www.bath.ac.uk/jobs/RSS/rss.aspx?cat=446&type=6,0
https://www.bath.ac.uk/jobs/RSS/rss.aspx?cat=375&type=6,0
https://www.bath.ac.uk/jobs/RSS/rss.aspx?cat=401&type=6,0
https://www.bath.ac.uk/jobs/RSS/rss.aspx?cat=419&type=9,0
https://www.bath.ac.uk/jobs/vacancies.aspx?cat=-1,0
https://www.bath.ac.uk/jobs/vacancies.aspx?type=6,0
https://www.bath.ac.uk/jobs/vacancies.aspx?type=5,0
https://www.bath.ac.uk/announcements/bath-retains-1st-place-in-england-in-nss-2022-when-comparing-guardian-university-guide-institutions/,0
https://www.bath.ac.uk/announcements/six-university-subjects-make-worlds-top-100/,0
https://www.bath.ac.uk/announcements/bath-named-university-of-the-year-by-the-times-and-sunday-times-good-university-guide-2023/,0
https://www.bath.ac.uk/announcements/bath-jumps-into-uk-top-5-in-complete-university-guide-2024/,0
https://www.bath.ac.uk/jobs/EmailFriend.aspx?ref=SS13457,0
https://www.bath.ac.uk/jobs/Upload/vacancies/files/29054/grade  6 research assistant.docx,0
https://www.bath.ac.uk/jobs/Upload/vacancies/files/29054/grade 7 research associate.docx,0
https://www.bath.ac.uk/jobs/Org/Faq/default.aspx?faqCategoryID=136,0
https://www.bath.ac.uk/jobs/Org/Faq/default.aspx?faqCategoryID=105,0
https://www.bath.ac.uk/jobs/display.aspx?id=1929&pid=0,0
https://www.bath.ac.uk/guides/multi-factor-authentication-mfa-at-the-university/,0
https://www.bath.ac.uk/jobs/display.aspx?id=1923&pid=0,0
https://www.bath.ac.uk/jobs/display.aspx?id=1946&pid=0,0
https://www.bath.ac.uk/jobs/display.aspx?id=1942&pid=0,0
https://www.bath.ac.uk/jobs/display.aspx?id=1936&pid=0,0
https://www.bath.ac.uk/jobs/Upload/vacancies/files/28955/research-assistant-generic-job-description (21).docx,0
https://www.bath.ac.uk/jobs/EmailFriend.aspx?ref=KP13410,0
https://www.bath.ac.uk/jobs/Upload/vacancies/files/28955/research-associate-generic-job-description_MI.docx,0
https://researchportal.bath.ac.uk/en/persons/catherine-tooke/,0
https://www.bath.ac.uk/jobs/EmailFriend.aspx?ref=SS13438,0
https://www.bath.ac.uk/jobs/Upload/vacancies/files/29014/PDRA_advert_Jan 2026.docx,0
https://www.bath.ac.uk/jobs/Upload/vacancies/files/28335/GTF-Research-Programme-Template.docx,0
https://www.bath.ac.uk/jobs/Upload/vacancies/files/28335/Global Talent Brochure_Dec.pdf,0
https://www.bath.ac.uk/jobs/EmailFriend.aspx?ref=GTFL,0
https://www.bath.ac.uk/jobs/Upload/vacancies/files/28335/Lecturer job description.docx,0
https://www.bath.ac.uk/jobs/display.aspx?id=1965&pid=0,0
https://www.bath.ac.uk/jobs/vacancies.aspx?type=6&cat=432,0
https://www.bath.ac.uk/jobs/display.aspx?id=1964&pid=0,0
https://www.bath.ac.uk/jobs/Upload/vacancies/files/29025/PH-0497-26 research assistant.docx,0
https://www.bath.ac.uk/jobs/EmailFriend.aspx?ref=SS13443,0
https://www.bath.ac.uk/jobs/Upload/vacancies/files/29025/research-associate PH-0497-26.docx,0
https://www.bath.ac.uk/jobs/display.aspx?id=1963&pid=0,0
https://www.bath.ac.uk/profiles/,0
https://www.bath.ac.uk/EducationResearch,0
https://www.bath.ac.uk/ProfessionalServices,0
https://www.bath.ac.uk/disability,0
http://go.bath.ac.uk/right-to-work,0
https://www.bath.ac.uk/digital,0
https://www.bath.ac.uk/guides/guidance-for-applicants-on-how-to-apply-for-a-dbs-check/,0
http://www.bath.ac.uk/jobs/Org/Faq/Faq.aspx?Id=33,0
https://www.bath.ac.uk//guides/global-talent-visa/,0
https://www.bath.ac.uk/guides/ai-in-recruitment-guidance-for-job-applicants/,0
http://www.bath.ac.uk/jobs/,0
https://www.bath.ac.uk/legal-information/setting-starting-salaries-across-the-university/,0
https://www.bath.ac.uk/Technical,0
https://www.bath.ac.uk/legal-information/skilled-worker-visa/,0
https://www.bath.ac.uk/guides/applying-for-reimbursement-of-your-interview-expenses/,0
http://www.bath.ac.uk/jobs/Org/Faq/Faq.aspx?Id=35,0
https://www.bath.ac.uk/legal-information/safer-recruitment/,0
https://www.bath.ac.uk/guides/nomination-accommodation/,0
https://www.bath.ac.uk/student-accommodation/eveleigh-waterside-student-accommodation/,0
https://www.bath.ac.uk/student-accommodation/polden-student-accommodation,0
https://www.bath.ac.uk/student-accommodation/centurion-house-student-accommodation/,0
https://www.bath.ac.uk/student-accommodation/westwood-student-accommodation,0
https://www.bath.ac.uk/student-accommodation/osborne-house-student-accommodation,0
https://www.bath.ac.uk/guides/single-semester-accommodation/,0
https://www.bath.ac.uk/student-accommodation/marlborough-court-and-solsbury-court-student-accommodation,0
https://www.bath.ac.uk/student-accommodation/the-brook-student-accommodation/,0
https://www.bath.ac.uk/guides/applying-for-university-accommodation-if-you-have-a-diagnosed-medical-condition-or-disability/,0
https://www.bath.ac.uk/student-accommodation/postgraduate-living/,0
https://www.bath.ac.uk/student-accommodation/brendon-court-student-accommodation,0
https://www.bath.ac.uk/student-accommodation/eastwood-green-student-accommodation/,0
https://www.bath.ac.uk/student-accommodation/the-quads-student-accommodation,0
https://www.bath.ac.uk/student-accommodation/pulteney-court-student-accommodation,0
https://www.bath.ac.uk/student-accommodation/woodland-court-student-accommodation,0
https://www.bath.ac.uk/services/register-and-apply-for-student-accommodation/,0
https://www.bath.ac.uk/student-accommodation/aquila-court-student-accommodation/,0
https://www.bath.ac.uk/student-accommodation/polden-court-student-accommodation,0
https://www.bath.ac.uk/topics/accommodation-information-for-pre-sessional-students/,0
https://www.bath.ac.uk/topics/clearing-2025/,0
https://www.bath.ac.uk/services/register-and-apply-for-student-accommodation,0
https://www.bath.ac.uk/student-accommodation/canal-wharf-student-accommodation,0
https://www.bath.ac.uk/student-accommodation/norwood-house-student-accommodation,0
https://www.bath.ac.uk/student-accommodation/john-wood-court-student-accommodation,0
https://www.bath.ac.uk/services/find-student-housing-with-studentpad/,0
https://www.bath.ac.uk/student-accommodation/john-wood-building-student-accommodation,0
https://www.bath.ac.uk/student-accommodation/clevelands-building-student-accommodation,0
https://www.bath.ac.uk/forms/reset-your-university-password/?type=password,0
https://www.bath.ac.uk/guides/applying-for-university-accommodation-if-you-are-a-couple-or-a-family/,0
https://www.bath.ac.uk/student-accommodation/scala-student-accommodation/,0
https://www.bath.ac.uk/student-accommodation/carpenter-house-student-accommodation,0
https://www.bath.ac.uk/legal-information/guaranteed-conditional-offers-for-outreach-participants-2026-and-2027/,0
https://www.bath.ac.uk/corporate-information/contextual-data-used-for-undergraduate-admissions/,0
https://www.bath.ac.uk/announcements/bath-gets-gold-for-top-quality-teaching/,0
https://www.bath.ac.uk/campaigns/undergraduate-virtual-open-day,0
https://www.bath.ac.uk/campaigns/pathway-to-bath-programme,0
https://www.bath.ac.uk/guides/travelling-by-bus-to-the-university-of-bath,0
https://www.bath.ac.uk/campaigns/campus-tours,0
https://www.bath.ac.uk/campaigns/autism-summer-school,0
https://www.bath.ac.uk/guides/visiting-our-campus-on-a-self-guided-tour,0
http://go.bath.ac.uk/ug-open-days,0
https://www.bath.ac.uk/campaigns/campus-visits-for-schools-and-colleges,0
https://www.bath.ac.uk/campaigns/discover-bath,0
https://www.bath.ac.uk/campaigns/apply-with-bath,0
https://www.bath.ac.uk/guides/doctoral-research-focus-weeks/,0
https://www.bath.ac.uk/publications/academic-year-charts-for-previous-years/,0
https://www.bath.ac.uk/corporate-information/university-of-bath-student-data/,0
https://www.bath.ac.uk/campaigns/study-at-bath-after-a-break-from-education/,0
https://www.bath.ac.uk/campaigns/how-staff-can-get-involved-with-access-and-participation/,0
https://blogs.bath.ac.uk/access-and-participation/,0
https://www.bath.ac.uk/campaigns/the-access-and-participation-plan-consultation/,0
https://www.bath.ac.uk/projects/work-placement-or-study-abroad-evaluation/,0
https://www.bath.ac.uk/campaigns/forced-migration-student-experiences-at-bath/,0
https://www.bath.ac.uk/professional-services/widening-participation,0
https://www.bath.ac.uk/campaigns/young-adult-carer-student-experiences-at-bath/,0
https://www.bath.ac.uk/projects/bath-bursary-evaluation/,0
https://www.bath.ac.uk/campaigns/widening-access-activity-in-schools/,0
https://www.bath.ac.uk/publications/app-impact-report-template/,0
https://www.bath.ac.uk/publications/support-for-outreach/,0
https://www.bath.ac.uk/campaigns/work-experience-at-the-university-of-bath/,0
https://www.bath.ac.uk/projects/contextual-admissions-evaluation/,0
https://www.bath.ac.uk/campaigns/monitoring-the-impact-of-access-and-participation-activities/,0
https://www.bath.ac.uk/corporate-information/student-code-of-conduct-for-outreach-activities/,0
https://www.bath.ac.uk/campaigns/black-student-experiences-at-bath/,0
https://www.bath.ac.uk/corporate-information/how-we-use-surveys-info-for-post-16-participants-on-access-outreach-and-recruitment-activities/,0
https://www.bath.ac.uk/topics/outreach-resource-hub/,0
https://www.bath.ac.uk/legal-information/widening-access-outreach-and-recruitment-individual-data-protection,0
https://www.bath.ac.uk/corporate-information/widening-participation-criteria-for-students/,0
https://www.bath.ac.uk/corporate-information/how-we-use-surveys-info-for-pre-16-participants-on-access-outreach-and-recruitment-activities/,0
https://www.bath.ac.uk/projects/post-16-widening-access-evaluation/,0
https://www.bath.ac.uk/campaigns/young-adult-carer-student-experiences-at-bath-student-support/,0
https://www.bath.ac.uk/projects/school-governor-network/,0
https://www.bath.ac.uk/campaigns/care-leaver-student-experiences-at-bath-student-support/,0
https://www.bath.ac.uk/forms/eligibility-checker-for-contextual-offers,0
https://www.bath.ac.uk/projects/intersectional-characteristics-and-student-outcomes-icso-project/,0
https://www.bath.ac.uk/teams/access-and-participation-plan-oversight-group,0
https://www.bath.ac.uk/projects/widening-access-activities-supporting-attainment/,0
https://www.bath.ac.uk/publications/student-recruitment-and-admissions-safeguarding-guidance/,0
https://www.bath.ac.uk/guides/what-to-expect-from-the-autism-summer-school/,0
https://www.bath.ac.uk/campaigns/black-student-experiences-at-bath-student-support/,0
https://www.bath.ac.uk/projects/equity-in-education-research-network/,0
https://www.bath.ac.uk/campaigns/ask-bath/,0
https://www.bath.ac.uk/case-studies/equality-diversity-and-inclusion-foundations/,0
https://www.bath.ac.uk/topics/resources-for-teachers-to-help-students-apply-for-university/,0
https://www.bath.ac.uk/projects/evaluation-of-inclusive-curriculum-and-student-sense-of-belonging/,0
https://www.bath.ac.uk/campaigns/vice-chancellors-outreach-awards,0
https://www.bath.ac.uk/campaigns/forced-migration-student-experiences-at-bath-student-support/,0
https://www.bath.ac.uk/campaigns/care-leaver-student-experiences-at-bath/,0
https://www.bath.ac.uk/campaigns/training-and-support-available-for-school-or-college-teachers/,0
https://www.bath.ac.uk/campaigns/researching-impact/,0
https://www.bath.ac.uk/campaigns/the-university-of-bath-teacher-champion-awards/,0
https://www.bath.ac.uk/projects/skills-centre-embedded-provision-evaluation/,0
https://www.bath.ac.uk/campaigns/working-inclusively-with-prospective-students/,0
https://www.bath.ac.uk/corporate-information/access-and-participation-plan-oversight-group-aog,0
https://www.bath.ac.uk/projects/evaluation-of-1-1-appointments-for-care-leavers-and-estranged-students/,0
https://www.bath.ac.uk/projects/cost-of-living-evaluation/,0
https://www.bath.ac.uk/legal-information/university-of-bath-safeguarding-policy/,0
https://www.bath.ac.uk/projects/bath-outreach-network/,0
https://www.bath.ac.uk/guides/visiting-our-campus-on-a-self-guided-tour/,0
https://www.bath.ac.uk/forms/in-person-campus-tour-booking-form/,0
https://www.bath.ac.uk/guides/moving-rooms-in-university-accommodation/,0
https://isecure.bath.ac.uk/eaccommodation/SignIn.aspx,0
https://www.bath.ac.uk/corporate-information/payment-methods-for-student-accommodation/,0
https://isecure.bath.ac.uk/eaccommodation/Register.aspx,0
https://www.bath.ac.uk/campaigns/be-well-talk-now,0
https://www.bath.ac.uk/guides/sensory-room,0
https://www.bath.ac.uk/guides/therapeutic-service-at-the-university,0
https://www.bath.ac.uk/publications/signs-and-indicators-that-a-student-might-be-struggling,0
https://www.bath.ac.uk/locations/student-support-at-the-roper-centre/,0
https://www.bath.ac.uk/guides/supporting-students-in-distress,0
https://www.bath.ac.uk/guides/getting-support-if-you-have-a-disability,0
https://www.bath.ac.uk/topics/academic-advising-guidance,0
https://www.bath.ac.uk/campaigns/be-well-app,0
https://www.bath.ac.uk/guides/applying-for-disabled-students-allowances,0
https://www.bath.ac.uk/guides/guidance-for-staff-if-a-student-reports-sexual-assault-or-harassment,0
https://www.bath.ac.uk/guides/student-support-advice-service,0
https://www.bath.ac.uk/guides/claverton-down-campus-accessibility,0
https://wiki.bath.ac.uk/display/AO/Admissions+Office+internal+homepage,0
https://www.bath.ac.uk/teams/uk-and-international-undergraduate-student-recruitment,0
https://www.bath.ac.uk/publications/?f.Department+or+group%7CX=Undergraduate+Admissions+%26+Outreach,0
https://www.bath.ac.uk/corporate-information/undergraduate-applicant-privacy-notice,0
https://www.bath.ac.uk/announcements/?f.Department+or+group%7CX=Undergraduate+Admissions+%26+Outreach,0
https://www.bath.ac.uk/locations/?f.Department+or+group%7CX=Undergraduate+Admissions+%26+Outreach,0
https://www.bath.ac.uk/teams/?f.Department+or+group%7CX=Undergraduate+Admissions+%26+Outreach,0
https://www.bath.ac.uk/teams/admissions-progression,0
https://www.bath.ac.uk/teams/scholarships-and-bursaries,0
https://www.bath.ac.uk/locations/admissions-office,0
https://www.bath.ac.uk/campaigns/?f.Department+or+group%7CX=Undergraduate+Admissions+%26+Outreach,0
https://www.bath.ac.uk/corporate-information/transparency-information,0
https://www.bath.ac.uk/teams/admissions-systems-and-processes,0
https://www.bath.ac.uk/teams/undergraduate-admissions-team,0
https://www.bath.ac.uk/teams/learning-partnerships-office-lpo,0
https://www.bath.ac.uk/profiles/?f.Department+or+group%7CX=Undergraduate+Admissions+%26+Outreach,0
https://www.bath.ac.uk/teams/admissions-international-qualifications-and-faculty-support,0
https://www.bath.ac.uk/services/?f.Department+or+group%7CX=Undergraduate+Admissions+%26+Outreach,0
https://www.bath.ac.uk/campaigns/taking-the-welsh-bacc-to-strengthen-your-application,0
https://www.bath.ac.uk/corporate-information/?f.Department+or+group%7CX=Undergraduate+Admissions+%26+Outreach,0
https://www.bath.ac.uk/guides/disability-access-plans-dap,0
https://www.bath.ac.uk/publications/campus-accessibility-map,0
https://www.bath.ac.uk/guides/timetabling-changes-for-disabled-students,0
https://www.bath.ac.uk/guides/from-applicant-to-student,0
https://www.bath.ac.uk/guides/thinking-of-applying,0
https://www.bath.ac.uk/projects/taso-transitions-project-2023-2024,0
https://www.bath.ac.uk/guides/teaching-students-with-specific-learning-differences-and-disabilities,0
https://www.bath.ac.uk/campaigns/campus-buddies,0
https://www.bath.ac.uk/publications/how-to-make-your-work-accessible,0
https://www.bath.ac.uk/campaigns/upskilling-your-adhd,0
https://www.bath.ac.uk/guides/making-alternative-exam-arrangements-if-you-have-a-disability,0
https://www.bath.ac.uk/publications/fresh-shop-sensory-map,0
https://www.bath.ac.uk/services/autism-uni-toolkit,0
https://www.bath.ac.uk/guides/transition-to-university,0
https://www.bath.ac.uk/forms/outreach-opportunities/,0
https://www.bath.ac.uk/topics/undergraduate-study-2025/,0
https://www.bath.ac.uk/guides/what-to-expect-from-step-into-bath/,0
https://www.bath.ac.uk/legal-information/undergraduate-applicant-privacy-notice/,0
https://www.bath.ac.uk/publications/individual-mitigating-circumstances-assessment-imca-principles-procedures/,0
https://www.bath.ac.uk/campaigns/more-than-a-room/,0
https://www.bath.ac.uk/guides/additional-preferences-when-applying-for-student-accommodation/,0
https://www.bath.ac.uk/publications/institutional-athena-swan-silver-application/,0
https://www.bath.ac.uk/student-accommodation/brendon-court-student-accommodation/,0
https://www.bath.ac.uk/guides/lgbtq-student-accommodation,0
https://www.bath.ac.uk/student-accommodation/eastwood-terrace-student-accommodation,0
https://www.bath.ac.uk/publications/statement-of-equality-objectives-2023-to-2025/,0
https://www.bath.ac.uk/announcements/the-university-ranks-as-the-second-safest-in-the-uk/,0
https://www.bath.ac.uk/student-accommodation/eastwood-green-student-accommodation,0
https://www.bath.ac.uk/corporate-information/contents-insurance-for-students,0
https://www.bath.ac.uk/campaigns/safety-and-security-at-the-university/,0
http://www.bath.ac.uk/publications/academic-year-charts/,0
https://www.bath.ac.uk/guides/cancelling-your-place-after-accepting-an-offer/,0
https://www.bath.ac.uk/guides/getting-exam-results-for-your-conditional-undergraduate-offer/,0
https://www.bath.ac.uk/case-studies/transformed-by-team-bath-heart-a-journey-to-winning-an-imeche-award,0
https://www.bath.ac.uk/research-centres/the-foundry-centre-for-digital-manufacturing-design,0
https://www.bath.ac.uk/departments/centre-of-excellence-in-engineering-design-education/,0
https://www.bath.ac.uk/teams/?f.Department+or+group%7CX=Faculty+of+Engineering+%26+Design,0
https://www.bath.ac.uk/campaigns/employ-our-architecture-students-for-a-professional-placement/,0
https://www.bath.ac.uk/courses/undergraduate/department-of-electronic-electrical-engineering-undergraduate-courses/,0
https://www.bath.ac.uk/guides/suggested-reads-for-aspiring-students-of-architecture-and-engineering/,0
https://www.bath.ac.uk/topics/engineering-design-student-competition-teams/,0
https://www.bath.ac.uk/campaigns/how-your-company-can-work-with-the-faculty-of-engineering-design/,0
https://www.bath.ac.uk/campaigns/choosing-your-engineering-discipline/,0
https://www.bath.ac.uk/case-studies/pioneering-the-future-of-healthcare-developing-a-new-artificial-heart,0
https://www.bath.ac.uk/campaigns/women-in-engineering/,0
https://www.bath.ac.uk/faculties/faculty-of-engineering-design,0
https://www.bath.ac.uk/teams/faculty-of-engineering-design-professional-services/,0
https://www.bath.ac.uk/research-centres/centre-for-sustainable-energy-systems,0
http://go.bath.ac.uk/eng-design-comp-teams,0
https://www.bath.ac.uk/courses/undergraduate/department-of-architecture-civil-engineering-undergraduate-courses/,0
https://www.bath.ac.uk/case-studies/using-structural-analysis-and-design-skills-on-placement-at-campbell-reith,0
https://www.bath.ac.uk/campaigns/improve-your-employability-with-an-engineering-placement-year,0
http://www.bath.ac.uk/courses/undergraduate-2026/chemical-engineering/,0
http://blogs.bath.ac.uk/engdes-student-insights/,0
https://www.bath.ac.uk/case-studies/transforming-education-in-swindon-for-a-sustainable-future,0
https://www.bath.ac.uk/case-studies/on-placement-working-in-project-management-at-edf,0
https://www.bath.ac.uk/campaigns/how-to-introduce-your-class-to-engineering/,0
https://www.bath.ac.uk/campaigns/apply-to-be-an-independent-engineering-research-fellow/,0
https://www.bath.ac.uk/campaigns/what-is-engineering/,0
https://www.bath.ac.uk/case-studies/engineering-a-career-of-impact,0
https://www.bath.ac.uk/case-studies/creating-meaningful-and-purposeful-products-compact-cane,0
https://www.bath.ac.uk/corporate-information/faculty-of-engineering-designs-rankings-and-reputation/,0
https://www.bath.ac.uk/research-centres/centre-for-integrated-materials-processes-structures,0
https://www.bath.ac.uk/topics/faculty-of-engineering-design-research,0
https://www.bath.ac.uk/campaigns/become-an-external-integrated-project-partner/,0
https://www.bath.ac.uk/case-studies/innovating-beneath-the-surface-lessons-from-team-bath-hydrobotics,0
https://www.bath.ac.uk/campaigns/architecture-and-engineering-undergraduate-project-work/,0
https://www.bath.ac.uk/research-institutes/iaaps-institute/,0
https://www.bath.ac.uk/topics/engineering-and-design-taster-talk-series/,0
https://www.bath.ac.uk/campaigns/partner-with-us-on-group-design-and-business-projects/,0
https://www.bath.ac.uk/case-studies/explore-4-east-south-in-our-virtual-reality-model,0
https://www.bath.ac.uk/courses/undergraduate/faculty-of-engineering-design-undergraduate-courses/,0
https://www.bath.ac.uk/courses/undergraduate-2026/mechanical-engineering/,0
https://www.bath.ac.uk/campaigns/improve-your-employability-with-an-engineering-placement-year/,0
https://www.bath.ac.uk/teams/faculty-of-engineering-design-leadership-team/,0
https://www.bath.ac.uk/campaigns/improve-your-employability-with-one-of-our-engineering-masters-degrees/,0
https://www.bath.ac.uk/student-accommodation/osborne-house-student-accommodation/,0
https://www.bath.ac.uk/student-accommodation/carpenter-house-student-accommodation/,0
https://www.bath.ac.uk/student-accommodation/norwood-house-student-accommodation/,0
https://www.bath.ac.uk/student-accommodation/westwood-student-accommodation/,0
https://www.bath.ac.uk/student-accommodation/polden-court-student-accommodation/,0
https://www.bath.ac.uk/student-accommodation/john-wood-student-accommodation/,0
https://www.bath.ac.uk/corporate-information/driving-excellence-in-education,0
https://www.bath.ac.uk/corporate-information/enhancing-strategic-partnerships,0
https://www.bath.ac.uk/publications/the-university-of-bath-strategy-2021-to-2026,0
https://www.bath.ac.uk/corporate-information/steps-to-achieving-our-strategic-ambitions,0
https://www.bath.ac.uk/corporate-information/introduction-to-the-university-strategy,0
https://www.bath.ac.uk/publications/the-university-strategy-at-a-glance,0
https://www.bath.ac.uk/corporate-information/measuring-our-success,0
https://www.bath.ac.uk/corporate-information/university-strategy-and-supporting-pillars,0
https://www.bath.ac.uk/legal-information/fostering-an-outstanding-and-inclusive-community-at-bath,0
https://www.bath.ac.uk/corporate-information/driving-high-impact-research,0
https://www.bath.ac.uk/publications/the-university-of-bath-strategy-2021-to-2026/,0
https://www.bath.ac.uk/corporate-information/our-mission-and-our-vision,0
https://www.bath.ac.uk/corporate-information/our-values-and-how-we-work,0
https://www.bath.ac.uk/locations/the-market,0
https://www.bath.ac.uk/locations/the-pitstop/,0
https://www.bath.ac.uk/legal-information/terms-and-conditions-for-eat-and-drink-credit/,0
https://www.bath.ac.uk/locations/parade,0
https://www.bath.ac.uk/campaigns/apply-with-bath/,0
https://blogs.bath.ac.uk/students/2022/11/30/sunmis-target-bath-experience/,0
https://www.bath.ac.uk/legal-information/guaranteed-conditional-offers-for-outreach-participants-2025-and-2026/,0
https://www.bath.ac.uk/locations/west-accommodation-centre/,0
https://www.bath.ac.uk/guides/protected-groups/,0
https://www.bath.ac.uk/locations/east-accommodation-centre/,0
https://www.bath.ac.uk/corporate-information/science-undergraduate-virtual-experience,0
http://go.bath.ac.uk/eng-des-ug-virtual,0
https://www.bath.ac.uk/360-image/index.html,0
https://www.bath.ac.uk/campaigns/humanities-social-sciences-undergraduate-virtual-experience,0
https://www.bath.ac.uk/courses/undergraduate-2027/international-development,0
https://www.bath.ac.uk/360-image/index.html?360=41,0
https://www.bath.ac.uk/courses/undergraduate-2027/economics,0
https://www.bath.ac.uk/360-image/index.html?360=46,0
https://www.bath.ac.uk/case-studies/doing-things-i-never-thought-id-be-able-to-do/,0
https://www.bath.ac.uk/courses/undergraduate-2027/psychology/,0
https://www.bath.ac.uk/360-image/index.html?360=45,0
https://www.bath.ac.uk/courses/undergraduate-2027/criminology/,0
https://www.bath.ac.uk/courses/undergraduate-2027/modern-languages,0
https://www.bath.ac.uk/case-studies/finding-the-perfect-degree-to-turn-a-passion-into-a-career/,0
https://www.bath.ac.uk/courses/undergraduate-2027/sport-exercise-and-health,0
https://www.bath.ac.uk/courses/undergraduate-2027/social-work,0
https://www.bath.ac.uk/case-studies/my-award-winning-placement-at-ibm/,0
https://blogs.bath.ac.uk/on-parade/2022/05/09/parade-profile-orlando-bailey-bsc-international-development-with-economics-2023/,0
https://www.bath.ac.uk/360-image/index.html?360=44,0
https://www.bath.ac.uk/courses/undergraduate-2027/politics,0
https://www.bath.ac.uk/research-groups/bath-babylab/,0
https://www.bath.ac.uk/courses/undergraduate-2027/education,0
https://www.bath.ac.uk/case-studies/swimming-pool-to-the-lab-how-my-sports-science-studies-led-me-to-a-medical-degree/,0
https://www.bath.ac.uk/courses/undergraduate-2027/sociology-social-policy-and-social-sciences,0
https://www.bath.ac.uk/campaigns/skills-for-success-at-bath-and-beyond/www.bath.ac.uk/campaigns/skills-for-life-made-in-bath/,0
https://www.bath.ac.uk/campaigns/employability-and-student-success/,0
https://www.bath.ac.uk/guides/how-to-draft-your-personal-statement/,0
https://www.bath.ac.uk/campaigns/peer-support-for-new-students/,0
https://www.bath.ac.uk/professional-services/chaplaincy/,0
https://www.bath.ac.uk/case-studies/reaching-out-for-help-in-a-time-of-need/,0
https://www.bath.ac.uk/guides/transition-to-university/,0
https://www.bath.ac.uk/campaigns/support-to-help-you-succeed,0
https://www.bath.ac.uk/guides/discover-bath-humanities-social-sciences-business-and-management/,0
https://blogs.bath.ac.uk/students/category/pre-univerisity-programmes/discover-bath-residentials/,0
https://www.bath.ac.uk/corporate-information/what-to-expect-from-discover-bath/,0
https://www.bath.ac.uk/corporate-information/widening-participation-criteria-for-students,0
https://www.bath.ac.uk/guides/discover-bath-science/,0
https://www.bath.ac.uk/legal-information/guaranteed-conditional-offers-for-outreach-participants-2024-and-2025/,0
https://www.bath.ac.uk/guides/discover-bath-engineering/,0
https://online.bath.ac.uk/request-more-information,0
https://online.bath.ac.uk/about-us,0
https://online.bath.ac.uk/online-courses/pg-post-graduate-certificate-business-analytics,0
https://online.bath.ac.uk/online-experience,0
https://online.bath.ac.uk/online-courses/msc-artificial-intelligence,0
https://online.bath.ac.uk/about-us/rankings,0
https://online.bath.ac.uk/online-courses/msc-applied-economics-banking-financial-markets,0
https://online.bath.ac.uk/online-courses,0
https://online.bath.ac.uk/online-courses/msc-engineering-business-management,0
https://online.bath.ac.uk/online-courses/msc-business-analytics,0
https://online.bath.ac.uk/sitemap,0
https://online.bath.ac.uk/online-courses/msc-computer-science,0
https://online.bath.ac.uk/online-courses/pg-post-graduate-diploma-business-analytics,0
https://www.bath.ac.uk/topics/pharmacology-undergraduate-virtual-experience,0
https://www.bath.ac.uk/topics/pharmacy-undergraduate-virtual-experience/,0
https://www.bath.ac.uk/topics/physics-undergraduate-virtual-experience/,0
https://www.bath.ac.uk/topics/computer-science-undergraduate-virtual-experience,0
https://www.bath.ac.uk/corporate-information/faculty-of-science-postgraduate-research-degrees/,0
https://www.bath.ac.uk/topics/chemistry-undergraduate-virtual-experience/,0
https://www.bath.ac.uk/topics/natural-sciences-undergraduate-virtual-experience/,0
https://www.bath.ac.uk/teams/?f.Department+or+group%7CX=Faculty+of+Science,0
http://www.bath.ac.uk/faculties/faculty-of-science,0
https://www.bath.ac.uk/courses/undergraduate/faculty-of-science-undergraduate-courses/,0
https://www.bath.ac.uk/topics/biosciences-undergraduate-virtual-experience,0
https://www.bath.ac.uk/topics/mathematical-sciences-undergraduate-virtual-experience,0
https://www.bath.ac.uk/campaigns/centre-for-power-transmission-motion-control-cpd-courses-for-industry,0
https://www.bath.ac.uk/campaigns/clinical-pharmacy-practice-programmes-and-courses-for-pharmacists,0
https://www.bath.ac.uk/campaigns/study-at-our-electrochemistry-summer-and-winter-schools,0
https://www.bath.ac.uk/publications/accommodation-application-for-students-with-additional-requirements/,0
https://www.bath.ac.uk/guides/lifestyle-preferences-when-applying-for-student-accommodation/,0
https://www.bath.ac.uk/guides/living-in-a-show-flat-accommodation/,0
https://www.bath.ac.uk/campaigns/student-ambassadors/,0
https://www.bath.ac.uk/campaigns/ways-for-students-to-find-out-about-the-university/,0
https://www.bath.ac.uk/campaigns/undergraduate-campus-tours/,0
http://www.bath.ac.uk/guides/parking-permits-for-staff/,0
https://www.bath.ac.uk/guides/the-student-accommodation-code,0
https://www.bath.ac.uk/student-accommodation/aquila-court-student-accommodation,0
https://www.bath.ac.uk/campaigns/living-together,0
https://www.bath.ac.uk/legal-information/reslife-code-of-conduct,0
https://www.bath.ac.uk/guides/applying-for-university-accommodation-if-you-have-a-long-term-condition-or-disability,0
https://www.bath.ac.uk/guides/lifestyle-preferences-when-applying-for-student-accommodation,0
https://www.bath.ac.uk/campaigns/more-than-a-room,0
https://www.bath.ac.uk/student-accommodation/green-park-house-student-accommodation,0
https://www.bath.ac.uk/campaigns/moving-into-university-accommodation,0
https://www.bath.ac.uk/topics/accommodation-information-for-pre-sessional-students,0
https://www.bath.ac.uk/publications/student-accommodation-terms-and-conditions,0
https://www.bath.ac.uk/guides/short-term-accommodation,0
https://www.bath.ac.uk/guides/applying-for-university-accommodation-if-you-are-a-couple-or-a-family,0
https://www.bath.ac.uk/campaigns/living-in-the-city,0
https://www.bath.ac.uk/services/report-a-maintenance-issue-in-student-accommodation,0
https://www.bath.ac.uk/professional-services/privately-rented-accommodation,0
https://www.bath.ac.uk/student-accommodation/eveleigh-waterside-student-accommodation,0
https://www.bath.ac.uk/guides/moving-out-of-university-accommodation,0
https://www.bath.ac.uk/campaigns/resident-engagement-strategy,0
https://www.bath.ac.uk/publications/technologies-available-for-licensing,0
https://www.bath.ac.uk/publications/consultancy-costing-approval-form-ccaf/,0
https://www.bath.ac.uk/announcements/add-iron-trapping-extracts-to-sunscreens-to-make-them-truly-effective/,0
https://www.bath.ac.uk/announcements/tobacco-control-research-group-sheds-light-on-tobacco-industry-disinformation/,0
https://www.bath.ac.uk/announcements/university-signs-agreement-with-the-home-office-to-address-public-safety-and-security-challenges/,0
https://www.bath.ac.uk/announcements/does-living-a-simpler-life-mean-a-happier-life-new-tv-series-co-designed-by-gw4-experts-explores/,0
https://www.bath.ac.uk/announcements/imi-provides-consultancy-for-the-fa-to-formulate-improbable-wins-in-third-round-of-emirates-fa-cup/,0
https://www.bath.ac.uk/publications/university-consultancy-policy/,0
https://www.bath.ac.uk/publications/recommended-consultancy-rates/,0
https://www.bath.ac.uk/announcements/great-minds-dont-think-alike-why-companies-need-to-understand-cognitive-diversity/,0
https://www.bath.ac.uk/announcements/london-inclusion-charter-launch-underpinned-by-university-of-bath-research/,0
https://www.bath.ac.uk/announcements/new-university-of-bath-consultancy-policy/,0
https://www.bath.ac.uk/publications/consultancy-contract-proposal-form/,0
https://www.bath.ac.uk/publications/request-form-and-disclaimer-of-liability-for-private-consultancy/,0
https://www.bath.ac.uk/locations/east-building,0
https://www.bath.ac.uk/events/ignite-bitesize-ktps/,0
https://www.bath.ac.uk/campaigns/engine-shed-members-lounge/,0
https://www.bath.ac.uk/centres-for-doctoral-training/nerc-centre-for-doctoral-training-in-real-time-digital-water-based-systems-red-alert-cdt/,0
https://www.bath.ac.uk/guides/esrc-impact-acceleration-account-iaa/,0
https://www.bath.ac.uk/guides/epsrc-impact-acceleration-account-iaa/,0
https://www.bath.ac.uk/guides/research-innovation-services-event-recordings.bho/,0
https://www.bath.ac.uk/campaigns/accelerating-impact/,0
http://blogs.bath.ac.uk/publicengagement/,0
https://blogs.bath.ac.uk/publicengagement/2025/01/14/lucy-maddox-recognised-for-her-public-engagement-work/,0
https://www.bath.ac.uk/campaigns/public-engagement-opportunities/,0
https://blogs.bath.ac.uk/publicengagement/2024/12/12/come-chat-to-us-about-your-public-engagement-work/,0
https://www.bath.ac.uk/campaigns/funding-opportunities-for-public-engagement/,0
https://www.bath.ac.uk/projects/a-field-guide-to-public-engagement-and-culture-change,0
https://www.bath.ac.uk/guides/apply-for-an-engage-involve-grant/,0
https://blogs.bath.ac.uk/publicengagement/2025/01/21/next-steps-for-twerton-and-whiteway-community-research-network/,0
https://www.bath.ac.uk/projects/challengecpd-bath,0
https://blogs.bath.ac.uk/publicengagement/2025/02/04/a-year-of-community-connecting/,0
https://blogs.bath.ac.uk/publicengagement/2024/02/27/make-your-public-event-count/,0
https://www.bath.ac.uk/campaigns/celebrating-public-engagement/,0
https://www.bath.ac.uk/publications/public-engagement-at-the-university-of-bath/attachments/Public_Engagement_Unit_overview_Feb_22.pdf,0
https://www.bath.ac.uk/case-studies/?f.Department+or+group%7CX=Public+Engagement,0
https://www.bath.ac.uk/campaigns/why-public-engagement-matters/,0
https://blogs.bath.ac.uk/publicengagement/2024/11/30/take-part-in-an-ask-me-anything-on-reddit-2/,0
https://www.bath.ac.uk/projects/?f.Department+or+group%7CX=Public+Engagement,0
https://www.bath.ac.uk/projects/engaged360-bath,0
https://www.bath.ac.uk/projects/community-matters,0
https://blogs.bath.ac.uk/publicengagement/,0
https://www.bath.ac.uk/projects/futures-a-festival-of-discovery,0
https://www.bath.ac.uk/teams/public-engagement-unit/,0
https://www.bath.ac.uk/projects/participatoryresearch-bath,0
https://www.bath.ac.uk/campaigns/training-and-learning-opportunities-for-public-engagement/,0
https://www.bath.ac.uk/profiles/enterprise-project-coordinator-and-operations-assistant-danielle-wickstead,0
https://www.bath.ac.uk/profiles/setsquared-bath-innovation-centre-manager-andrea-kelly,0
https://www.bath.ac.uk/teams/?f.Department+or+group%7CX=Enterprise+and+entrepreneurship,0
https://www.bath.ac.uk/profiles/enterprise-education-manager-siobain-hone,0
https://www.bath.ac.uk/profiles/vice-president-enterprise-jonathan-knight,0
https://www.bath.ac.uk/profiles/head-of-business-partnerships-and-knowledge-exchange-steven-boakes,0
https://www.bath.ac.uk/profiles/senior-customer-service-representative-nicola-fricker,0
https://www.bath.ac.uk/profiles/events-and-communications-officer-chris-tickell,0
https://www.bath.ac.uk/profiles/head-of-technology-transfer-philip-brown,0
https://www.bath.ac.uk/profiles/marketing-communications-manager-fi-lang,0
https://www.bath.ac.uk/profiles/director-of-regional-development-and-advocacy-ben-woods,0
https://www.bath.ac.uk/campaigns/the-benefits-of-using-research-professional/,0
https://www.bath.ac.uk/case-studies/fellowship-success/index.html,0
https://www.bath.ac.uk/guides/find-european-and-international-research-funding/,0
https://www.bath.ac.uk/campaigns/bath-beacons/,0
http://www.bath.ac.uk/services/research-professional/,0
https://www.bath.ac.uk/guides/find-research-collaborators/,0
https://www.bath.ac.uk/guides/applying-for-fellowships/,0
https://www.bath.ac.uk/announcements/the-soft-tech-that-responds-to-your-taps-and-squeezes/,0
https://researchportal.bath.ac.uk/en/persons/jason-alexander,0
https://researchportal.bath.ac.uk/en/persons/james-nash,0
https://www.bath.ac.uk/announcements/enterprise-day-2025-showcases-university-entrepreneurs/,0
https://www.bath.ac.uk/announcements/bath-innovation-with-impact-successes-celebrated-in-parliament/,0
https://www.bath.ac.uk/announcements/clever-clothes-seams-in-clothing-can-capture-body-movement,0
https://www.bath.ac.uk/announcements/bath-global-chairs-2024-2026-appointed,0
https://www.bath.ac.uk/announcements/earswitch-could-allow-people-with-neurological-conditions-to-communicate-using-a-hidden-ear-muscle/,0
https://www.bath.ac.uk/announcements/new-electrical-stimulation-treatments-for-patients-detailed-at-bath-conference,0
https://www.bath.ac.uk/announcements/government-chief-scientific-adviser-visits-university-of-bath,0
https://www.bath.ac.uk/announcements/bath-team-uses-mind-control-to-win-international-athletics-competition,0
https://www.bath.ac.uk/projects/fastball-mci/,0
https://www.bath.ac.uk/campaigns/the-ieee-brain-ai-for-neurotechnology-workshop,0
https://www.bath.ac.uk/teams/bath-institute-for-the-augmented-human-team/,0
https://www.bath.ac.uk/announcements/testmyteeth/,0
https://www.bath.ac.uk/publications/university-of-baths-student-entrepreneurship-journey-2023-24/,0
https://www.bath.ac.uk/announcements/epowar/,0
https://www.bath.ac.uk/campaigns/boosting-student-enterprise/,0
https://blogs.bath.ac.uk/careers/category/entrepreneurial-experience/,0
https://www.bath.ac.uk/guides/the-pop-up-shop-programme/,0
https://www.bath.ac.uk/announcements/take-part-in-the-pop-up-shop-programme/,0
https://www.bath.ac.uk/announcements/labcycle/,0
https://www.bath.ac.uk/guides/the-university-of-bath-and-santander/,0
https://www.bath.ac.uk/campaigns/dragons-den-pitching-competition/,0
https://www.bath.ac.uk/publications/applying-to-the-university-impact-fund/,0
https://www.bath.ac.uk/guides/applying-to-the-university-impact-fund/research-impact@bath.ac.uk,0
https://www.bath.ac.uk/teams/impact-directors/,0
https://www.bath.ac.uk/announcements/university-of-bath-awarded-multiple-icure-grants-from-innovate-uk-for-research-commercialisation/,0
https://www.bath.ac.uk/campaigns/knowledge-exchange-case-studies/,0
https://www.bath.ac.uk/guides/responding-to-tenders.bho/,0
https://www.bath.ac.uk/publications/cedars-2021-key-findings/attachments.bho/bath-cedars-2021-key-findings.pdf,0
https://www.bath.ac.uk/campaigns/ignite-event-series-for-external-engagement/,0
https://www.bath.ac.uk/announcements/research-england-publishes-third-knowledge-exchange-framework-results/,0
https://www.bath.ac.uk/campaigns/about-our-knowledge-exchange-and-research-impact/,0
https://www.bath.ac.uk/announcements/new-responsible-research-and-innovation-online-training-course/,0
https://www.bath.ac.uk/guides/university-of-bath-knowledge-exchange-tender-process.bho/,0
https://www.bath.ac.uk/publications/moodle-introduction-to-knowledge-exchange/,0
https://moodle.bath.ac.uk/enrol/index.php?id=58630,0
https://www.bath.ac.uk/publications/knowledge-exchange-and-research-impact-mechanisms/,0
https://www.bath.ac.uk/guides/knowledge-exchange-human-library/,0
https://www.bath.ac.uk/guides/impact-acceleration-account/,0
https://moodle.bath.ac.uk/course/view.php?id=59063,0
https://www.bath.ac.uk/events/ignite-bitesize-consultancy/,0
https://www.bath.ac.uk/campaigns/the-edge-building-event-space,0
https://www.bath.ac.uk/legal-information/terms-and-conditions-for-conference-and-events,0
https://www.bath.ac.uk/campaigns/the-east-building-event-space,0
https://www.bath.ac.uk/corporate-information/east-building-room-hire-price-list,0
https://www.bath.ac.uk/corporate-information/the-chancellors-building-room-hire-price-list,0
https://www.bath.ac.uk/announcements/ahs-wins-silver-for-business-tourism-and-venue/,0
https://www.bath.ac.uk/campaigns/the-chancellors-building-event-space,0
https://www.bath.ac.uk/announcements/the-quads-wins-silver-for-best-accommodation-at-the-british-youth-travel-awards/,0
https://www.bath.ac.uk/corporate-information/the-edge-room-hire-price-list,0
https://www.bath.ac.uk/guides/travelling-to-the-city-of-bath,0
https://www.bath.ac.uk/campaigns/enterprise-lab/,0
https://www.bath.ac.uk/ceros/knowledge-exchange-highlights-report.bho/,0
https://www.bath.ac.uk/announcements/?meta_label_and=enterprise,0
https://www.bath.ac.uk/jobs/vacancies.aspx?type=6&cat=457,0
https://www.bath.ac.uk/events/?f.Department+or+group%7CX=Institute+of+Sustainability+and+Climate+Change,0
https://www.bath.ac.uk/corporate-information/institute-of-sustainability-and-climate-change-research-theme-sustainable-chemical-technologies/,0
https://www.bath.ac.uk/teams/institute-of-sustainability-and-climate-change-visiting-positions/,0
https://www.bath.ac.uk/announcements/scientists-discover-key-to-solving-an-80-year-old-chemistry-puzzle,0
https://www.bath.ac.uk/corporate-information/i-see-sustainable-energy-the-environment-webinars-2026/,0
https://www.bath.ac.uk/corporate-information/institute-of-sustainability-and-climate-change-research-theme-sustainable-systems/,0
https://search.bath.ac.uk/s/search.html?collection=bath~sp-cms-production-corporate-information&meta_label_and=isee,0
https://www.bath.ac.uk/announcements/bath-clean-energy-and-digital-projects-feature-in-new-universities-uk-industrial-strategy-campaign,0
https://www.bath.ac.uk/teams/institute-of-sustainability-and-climate-change-core-members/,0
https://www.bath.ac.uk/teams/institute-of-sustainability-and-climate-change-team/,0
https://www.bath.ac.uk/announcements/three-new-fellows-join-bath-institute-of-sustainability-and-climate-change,0
https://www.bath.ac.uk/announcements/parents-want-to-act-on-climate-change-but-struggle-to-model-low-carbon-lifestyles,0
https://www.bath.ac.uk/corporate-information/institute-of-sustainability-and-climate-change-research-theme-social-transformations/,0
https://www.bath.ac.uk/announcements/?meta_label_and=instituteforsustainability,0
https://www.bath.ac.uk/corporate-information/institute-of-sustainability-and-climate-change-research-themes/,0
https://www.bath.ac.uk/announcements/?f.Department+or+group%7CX=Institute+for+Sustainability,0
https://www.bath.ac.uk/corporate-information/institute-of-sustainability-and-climate-change-research-projects/,0
https://www.bath.ac.uk/campaigns/i-see-sustainable-energy-the-environment-webinars/,0
https://www.bath.ac.uk/guides/institute-of-sustainability-and-climate-change-study-with-us/,0
https://www.bath.ac.uk/legal-information/institute-of-sustainability-and-climate-change-collaborate-with-us/,0
https://www.bath.ac.uk/announcements/university-of-bath-to-host-global-sustainability-conference-in-2026,0
https://www.bath.ac.uk/case-studies/bath-as-a-living-lab-for-climate-resilient-heritage-cities,0
https://www.bath.ac.uk/case-studies/?f.Department+or+group%7CX=Institute+of+Sustainability+and+Climate+Change,0
https://www.bath.ac.uk/case-studies/case-study-matthew-punter-founder-of-eden/,0
https://www.bath.ac.uk/case-studies/case-study-ross-exton-founder-of-watch-learn-productions/,0
https://www.bath.ac.uk/guides/university-of-bath-knowledge-transfer-partnership-ktp-process/,0
https://www.bath.ac.uk/announcements/accelerated-knowledge-transfer-funding-for-short-term-collaborations-with-businesses/,0
https://www.bath.ac.uk/publications/invention-record-form/,0
https://www.bath.ac.uk/publications/intellectual-property-protection-process-and-summary/,0
https://www.bath.ac.uk/corporate-information/other-regulations/,0
https://www.bath.ac.uk/publications/university-ordinances/,0
https://www.bath.ac.uk/corporate-information/spinout-review-statement-of-best-practice-adoption,0
https://www.bath.ac.uk/announcements/student-startup-makes-university-of-bath-graduate-a-millionaire/,0
https://mba.bath.ac.uk/the-bath-executive-mba-open-house-event/,0
https://www.bath.ac.uk/case-studies/a-rewarding-idea-how-baths-entrepreneurial-spirit-helped-me-launch-my-business/,0
https://www.bath.ac.uk/guides/how-research-innovation-services-can-help-you/,0
http://www.bath.ac.uk/ris/pure/userguide/adding-impact/index.html,0
https://www.bath.ac.uk/publications/planning-for-impact-toolkit/,0
https://www.bath.ac.uk/publications/charter-of-the-university-of-bath/attachments/charter-of-the-university-of-bath.pdf,0
https://www.bath.ac.uk/guides/research-excellence-framework-ref/,0
https://www.bath.ac.uk/departments/department-of-economics,0
https://www.bath.ac.uk/departments/department-of-biology-biochemistry/,0
https://www.bath.ac.uk/departments/department-of-pharmacy-pharmacology/,0
https://www.bath.ac.uk/corporate-information/public-interest-disclosure-whistleblowing-policy/,0
https://www.bath.ac.uk/guides/staff-networks-and-groups/,0
https://www.bath.ac.uk/publications/supporting-neurodivergent-staff-and-students-at-work-and-placements/,0
https://www.bath.ac.uk/campaigns/climate-action/,0
https://www.bath.ac.uk/research-institutes/institute-for-sustainability/,0
https://www.bath.ac.uk/jobs/display.aspx?id=1230&pid=0,0
https://www.bath.ac.uk/announcements/university-of-bath-gains-national-recognition-for-gender-equality/,0
https://www.bath.ac.uk/campaigns/inclusive-career-pathways/,0
https://www.bath.ac.uk/campaigns/join-the-milner-centre-for-evolution,0
https://www.bath.ac.uk/announcements/too-many-male-animals-in-zoos-could-hamper-conservation-of-endangered-species-warn-scientists,0
https://www.bath.ac.uk/announcements/new-dna-analysis-helps-bust-200-year-old-royal-conspiracy-theory,0
https://www.bath.ac.uk/announcements/insight-into-one-of-lifes-earliest-ancestors-revealed-in-new-study,0
http://www.bath.ac.uk/announcements/?f.Department+or+group%7CX=Milner+Centre+for+Evolution,0
https://www.bath.ac.uk/announcements/experts-examine-dna-changes-that-shaped-life-on-earth,0
https://www.bath.ac.uk/announcements/teaching-evolution-free-resources-for-primary-school-teachers,0
https://www.bath.ac.uk/announcements/mammals-lifespans-linked-to-brain-size-and-immune-system-function-says-new-study,0
https://www.bath.ac.uk/topics/department-of-biology-biochemistry-research/,0
http://www.bath.ac.uk/corporate-information/objectives-of-the-milner-centre-for-evolution/,0
http://www.bath.ac.uk/teams/?f.Department+or+group%7CX=Milner+Centre+for+Evolution,0
https://stories.bath.ac.uk/research-with-impact/how-engineering-and-management-research-at-bath-is-powering-the-uks-industrial-strategy/index.html?utm_source=sustainability&utm_medium=website&utm_campaign=RWI-25,0
https://stories.bath.ac.uk/powering-up-the-uks-energy-transition/index.html?utm_source=sustainability&utm_medium=website&utm_campaign=RWI-25,0
https://www.bath.ac.uk/forms/sign-up-to-the-university-of-bath-research-newsletter/?utm_source=sustainability-hero&utm_medium=website&utm_campaign=RWI-25,0
https://stories.bath.ac.uk/research-with-impact/working-with-communities-to-transform-existing-social-housing/?utm_source=sustainability&utm_medium=website&utm_campaign=RWI-25,0
https://www.bath.ac.uk/forms/sign-up-to-the-university-of-bath-research-newsletter/?utm_source=sustainability-bottom&utm_medium=website&utm_campaign=RWI-25,0
https://stories.bath.ac.uk/leading-the-way-in-next-generation-propulsion-technology/index.html?utm_source=sustainability&utm_medium=website&utm_campaign=RWI-25,0
https://stories.bath.ac.uk/engaging-the-public-with-the-climate-crisis/index.html?utm_source=sustainability&utm_medium=website&utm_campaign=RWI-25,0
https://stories.bath.ac.uk/research-with-impact/how-bath-research-is-impacting-policy/index.html?utm_source=sustainability&utm_medium=website&utm_campaign=RWI-25,0
https://stories.bath.ac.uk/research-with-impact/how-chemistry-at-bath-is-tackling-the-plastics-problem/index.html?utm_source=sustainability&utm_medium=website&utm_campaign=RWI-25,0
https://www.bath.ac.uk/campaigns/research-with-impact-sustainability/,0
https://researchportal.bath.ac.uk/en/persons/keith-stokes,0
https://researchportal.bath.ac.uk/en/persons/ezio-preatoni,0
https://researchportal.bath.ac.uk/en/persons/elena-seminati,0
https://researchportal.bath.ac.uk/en/persons/dario-cazzola,0
https://stories.bath.ac.uk/tackling-the-global-supply-chain-crisis/index.html?utm_source=digital&utm_medium=website&utm_campaign=RWI-25,0
https://www.bath.ac.uk/forms/sign-up-to-the-university-of-bath-research-newsletter/?utm_source=digital-bottom&utm_medium=website&utm_campaign=RWI-25,0
https://stories.bath.ac.uk/research-with-impact/bath-research-helping-businesses-innovate-for-the-future/index.html?utm_source=digital&utm_medium=website&utm_campaign=RWI-25,0
https://stories.bath.ac.uk/research-with-impact/how-baths-idsb-is-shaping-social-policy-through-digital-security-research/index.html?utm_source=digital&utm_medium=website&utm_campaign=RWI-25,0
https://stories.bath.ac.uk/research-with-impact/how-bath-research-is-impacting-policy/index.html?utm_source=digital&utm_medium=website&utm_campaign=RWI-25,0
https://www.bath.ac.uk/campaigns/research-with-impact-digital/,0
https://www.bath.ac.uk/forms/sign-up-to-the-university-of-bath-research-newsletter/?utm_source=digital-hero&utm_medium=website&utm_campaign=RWI-25,0
https://stories.bath.ac.uk/research-with-impact/how-bath-research-into-psychology-digital-behaviour-and-pain-is-supporting-the-health-of-children-and-young-people/index.html?utm_source=digital&utm_medium=website&utm_campaign=RWI-25,0
https://www.bath.ac.uk/topics/school-of-management-ref-2021-impact-case-studies/,0
https://www.bath.ac.uk/topics/faculty-of-humanities-social-sciences-ref-2021/,0
https://www.bath.ac.uk/topics/engineering-design-ref-2021-impact-case-studies/,0
https://www.bath.ac.uk/topics/science-ref-2021-impact-case-studies/,0
https://stories.bath.ac.uk/research-with-impact/science-meets-policy/index.html?utm_source=health&utm_medium=website&utm_campaign=RWI-25,0
https://stories.bath.ac.uk/investigating-big-tobacco-s-influence-on-public-health/index.html?utm_source=health&utm_medium=website&utm_campaign=RWI-25,0
https://stories.bath.ac.uk/research-with-impact/how-bath-mathematics-research-is-tackling-global-health-challenges/index.html?utm_source=health&utm_medium=website&utm_campaign=RWI-25,0
https://www.bath.ac.uk/forms/sign-up-to-the-university-of-bath-research-newsletter/?utm_source=health-hero&utm_medium=website&utm_campaign=RWI-25,0
https://stories.bath.ac.uk/research-with-impact/how-bath-research-is-impacting-policy/index.html?utm_source=health&utm_medium=website&utm_campaign=RWI-25,0
https://stories.bath.ac.uk/research-with-impact/how-bath-research-from-pharmacology-and-psychology-to-chemistry-and-social-policy-is-protecting-consumers-and-improving-health/index.html?utm_source=health&utm_medium=website&utm_campaign=RWI-25,0
http://stories.bath.ac.uk/research-with-impact/how-bath-research-is-making-sport-more-inclusive/index.html?utm_source=health&utm_medium=website&utm_campaign=RWI-25,0
https://www.bath.ac.uk/forms/sign-up-to-the-university-of-bath-research-newsletter/?utm_source=health-bottom&utm_medium=website&utm_campaign=RWI-25,0
https://www.bath.ac.uk/forms/receive-our-latest-research-news/,0
https://www.bath.ac.uk/research-centres/centre-for-sustainable-power-distribution-cspd/,0
https://www.bath.ac.uk/projects/digital-net-zero-energy-systems-lab/,0
https://www.bath.ac.uk/campaigns/research-with-impact-health-and-wellbeing/,0
https://www.bath.ac.uk/jobs/GTFR,0
https://www.bath.ac.uk/jobs/GTFSL,0
https://stories.bath.ac.uk/research-with-impact/,0
https://www.bath.ac.uk/jobs/GTFPF,0
https://stories.bath.ac.uk/innovation-with-impact/,0
https://www.bath.ac.uk/jobs/GTFL,0
https://www.bath.ac.uk/publications/relocation-guide/,0
https://www.bath.ac.uk/jobs/GTFP,0
https://www.bath.ac.uk/jobs/vacancies.aspx?type=6&cat=413,0
https://blogs.bath.ac.uk/digital-content-and-development/?ki-cf-botcl=1,0
https://www.bath.ac.uk/person/1578276,0
https://www.bath.ac.uk/person/1456756,0
http://www.bath.ac.uk/person/1477652,0
https://www.bath.ac.uk/person/1598112,0
https://www.bath.ac.uk/person/1656319,0
https://www.bath.ac.uk/guides/how-the-digital-development-team-can-help-you/,0
https://www.bath.ac.uk/teams/?f.Department+or+group%7CX=Digital+Development,0
https://www.bath.ac.uk/person/1502709,0
https://www.bath.ac.uk/guides/making-your-emails-accessible/,0
https://www.bath.ac.uk/campaigns/digital-accessibility-and-why-its-important/,0
https://www.bath.ac.uk/guides/making-your-iframe-embeds-accessible/,0
https://library.bath.ac.uk/c.php?g=665389&p=4975219,0
https://www.bath.ac.uk/guides/creating-headings-in-typecase,0
https://www.bath.ac.uk/legal-information/digital-accessibility-policy/,0
https://www.bath.ac.uk/guides/making-accessible-video-and-audio-content/,0
https://www.bath.ac.uk/guides/how-the-digital-content-team-can-help-you/,0
https://www.bath.ac.uk/guides/creating-lists-in-typecase,0
https://www.bath.ac.uk/guides/writing-accessible-web-page-titles-and-summaries/,0
https://www.bath.ac.uk/guides/making-images-on-a-web-page-accessible,0
https://www.bath.ac.uk/guides/creating-tables-in-typecase,0
https://teachinghub.bath.ac.uk/guide/design-accessible-lectures/,0
https://www.bath.ac.uk/campaigns/digital-accessibility-and-why-its-important,0
https://www.bath.ac.uk/guides/making-images-on-a-web-page-accessible/,0
https://www.bath.ac.uk/campaigns/making-bath-digitally-accessible,0
https://www.bath.ac.uk/guides/writing-for-the-web/,0
https://www.bath.ac.uk/guides/using-markdown-to-format-text-in-typecase,0
https://teachinghub.bath.ac.uk/guide-category/digital-accessibility/,0
https://library.bath.ac.uk/c.php?g=665389&p=4975218,0
https://www.bath.ac.uk/guides/making-your-iframe-embeds-accessible,0
https://www.bath.ac.uk/guides/making-your-emails-accessible,0
https://www.bath.ac.uk/guides/creating-links-in-typecase,0
https://www.bath.ac.uk/guides/making-digital-documents-accessible/,0
https://www.bath.ac.uk/guides/making-accessible-video-and-audio-content,0
https://www.bath.ac.uk/guides/reviewing-web-content,0
https://www.bath.ac.uk/legal-information/website-accessibility-statement,0
https://www.bath.ac.uk/guides/writing-for-the-web,0
https://www.bath.ac.uk/guides/making-digital-documents-accessible,0
https://www.bath.ac.uk/guides/writing-accessible-web-page-titles-and-summaries,0
https://www.bath.ac.uk/legal-information/digital-accessibility-policy,0
https://www.bath.ac.uk/person/1644670,0
https://www.bath.ac.uk/person/1495632,0
https://www.bath.ac.uk/teams/?f.Department+or+group%7CX=Digital+Content,0
https://www.bath.ac.uk/person/507510,0
https://www.bath.ac.uk/person/1248989,0
https://www.bath.ac.uk/person/1477652,0
https://www.bath.ac.uk/person/1162789,0
https://www.bath.ac.uk/guides/creating-a-guide-page-in-typecase/,0
https://www.bath.ac.uk/guides/creating-a-case-study-in-typecase/,0
https://www.bath.ac.uk/guides/creating-a-page-in-typecase,0
https://www.bath.ac.uk/guides/creating-structured-content,0
https://www.bath.ac.uk/guides/briefing-content-for-the-university-website/,0
https://www.bath.ac.uk/guides/uploading-video-for-use-on-the-website,0
https://www.bath.ac.uk/guides/creating-a-project-page-in-typecase/,0
https://www.bath.ac.uk/guides/maintaining-your-web-content/,0
https://www.bath.ac.uk/guides/requesting-publishing-access-for-typecase,0
https://www.bath.ac.uk/services/log-in-to-typecase-for-training/,0
https://www.bath.ac.uk/guides/creating-a-project-page-in-typecase,0
https://www.bath.ac.uk/services/log-in-to-typecase-for-content,0
https://www.bath.ac.uk/guides/choosing-a-content-type-for-your-web-content/,0
https://www.bath.ac.uk/guides/booking-a-photographer/,0
https://www.bath.ac.uk/corporate-information/levels-of-typecase-user-access/,0
https://www.bath.ac.uk/guides/updating-the-university-homepage-in-typecase/,0
https://www.bath.ac.uk/services/request-help-with-flickr-content/,0
https://www.bath.ac.uk/guides/creating-a-campaign-page-in-typecase/,0
https://www.bath.ac.uk/guides/creating-a-service-start-page-in-typecase,0
https://www.bath.ac.uk/guides/creating-a-filtered-list-in-typecase/,0
https://www.bath.ac.uk/guides/creating-structured-content/,0
https://www.bath.ac.uk/guides/creating-a-navigation-section-in-typecase,0
https://www.bath.ac.uk/corporate-information/typecase-glossary,0
https://www.bath.ac.uk/guides/creating-a-team-profile-page-in-typecase/,0
https://www.bath.ac.uk/guides/creating-a-corporate-information-page-in-typecase,0
https://www.bath.ac.uk/services/log-in-to-typecase-for-content/,0
https://www.bath.ac.uk/guides/choosing-the-correct-platform-for-your-content/,0
https://www.bath.ac.uk/services/log-in-to-typecase-for-courses/,0
https://www.bath.ac.uk/guides/creating-a-legal-information-page-in-typecase,0
https://www.bath.ac.uk/guides/finding-and-downloading-images-to-use-on-the-website/,0
https://www.bath.ac.uk/guides/creating-a-service-start-page-in-typecase/,0
https://www.bath.ac.uk/guides/creating-links-in-typecase/,0
https://www.bath.ac.uk/guides/requesting-video-and-audio-content-from-external-agencies,0
https://www.bath.ac.uk/projects/typecase-publishing-platform-content-publisher/,0
https://www.bath.ac.uk/services/request-typecase-training/,0
https://www.bath.ac.uk/corporate-information/typecase-glossary/,0
https://www.bath.ac.uk/guides/creating-headings-in-typecase/,0
https://www.bath.ac.uk/corporate-information/image-specifications-for-typecase-components/,0
https://www.bath.ac.uk/guides/creating-an-announcement-page-in-typecase/,0
https://www.bath.ac.uk/guides/creating-a-publication-page-in-typecase,0
https://www.bath.ac.uk/guides/requesting-publishing-access-for-typecase/,0
https://www.bath.ac.uk/guides/?meta_label_and=editorialstyleguide,0
https://www.bath.ac.uk/topics/using-images-on-the-website/,0
https://www.bath.ac.uk/guides/creating-a-team-profile-page-in-typecase,0
https://www.bath.ac.uk/guides/updating-the-staff-or-student-landing-pages-in-typecase/,0
https://www.bath.ac.uk/guides/finding-and-downloading-images-to-use-on-the-website,0
https://www.bath.ac.uk/guides/creating-a-topic-page-in-typecase,0
https://www.bath.ac.uk/guides/updating-the-university-homepage-in-typecase,0
https://www.bath.ac.uk/guides/creating-a-legal-information-page-in-typecase/,0
https://www.bath.ac.uk/guides/creating-a-location-page-in-typecase/,0
https://www.bath.ac.uk/guides/briefing-content-for-the-university-website,0
https://www.bath.ac.uk/guides/getting-started-with-typecase,0
https://www.bath.ac.uk/guides/preparing-an-image-for-use-in-a-typecase-component/,0
https://www.bath.ac.uk/guides/creating-a-corporate-information-page-in-typecase/,0
https://www.bath.ac.uk/guides/when-to-use-images-on-the-website/,0
https://www.bath.ac.uk/guides/creating-a-person-profile-page-in-typecase/,0
https://www.bath.ac.uk/guides/creating-a-publication-page-in-typecase/,0
https://www.bath.ac.uk/guides/creating-a-campaign-page-in-typecase,0
https://www.bath.ac.uk/guides/creating-a-form-page-in-typecase/,0
https://www.bath.ac.uk/guides/using-labels-in-typecase,0
https://www.bath.ac.uk/guides/creating-a-landing-page-in-typecase/,0
https://www.bath.ac.uk/guides/creating-a-case-study-in-typecase,0
https://www.bath.ac.uk/guides/creating-a-landing-page-in-typecase,0
https://www.bath.ac.uk/guides/creating-an-event-page-in-typecase,0
https://www.bath.ac.uk/guides/creating-a-guide-page-in-typecase,0
https://www.bath.ac.uk/guides/creating-a-form-page-in-typecase,0
https://www.bath.ac.uk/guides/creating-a-navigation-section-in-typecase/,0
https://www.bath.ac.uk/guides/creating-tables-in-typecase/,0
https://www.bath.ac.uk/guides/creating-a-page-in-typecase/,0
https://www.bath.ac.uk/guides/using-markdown-to-format-text-in-typecase/,0
https://www.bath.ac.uk/guides/choosing-an-appropriate-image-for-a-web-page/,0
https://www.bath.ac.uk/guides/creating-an-event-page-in-typecase/,0
https://www.bath.ac.uk/guides/uploading-video-for-use-on-the-website/,0
https://www.bath.ac.uk/guides/creating-a-location-page-in-typecase,0
https://www.bath.ac.uk/guides/using-labels-in-typecase/,0
https://www.bath.ac.uk/guides/creating-a-filtered-list-in-typecase,0
https://www.bath.ac.uk/guides/updating-the-staff-or-student-landing-pages-in-typecase,0
https://www.bath.ac.uk/guides/creating-an-external-item-in-typecase/,0
https://www.bath.ac.uk/services/request-help-with-flickr-content,0
https://www.bath.ac.uk/guides/editorial-style-guide/,0
https://www.bath.ac.uk/guides/creating-a-person-profile-page-in-typecase,0
https://www.bath.ac.uk/guides/uploading-an-image-for-the-website/,0
https://www.bath.ac.uk/guides/requesting-video-and-audio-content-from-external-agencies/,0
https://www.bath.ac.uk/guides/maintaining-your-web-content,0
https://www.bath.ac.uk/guides/creating-an-announcement-page-in-typecase,0
https://www.bath.ac.uk/guides/getting-started-with-typecase/,0
https://www.bath.ac.uk/guides/creating-a-topic-page-in-typecase/,0
https://www.bath.ac.uk/guides/creating-lists-in-typecase/,0
https://www.bath.ac.uk/guides/choosing-the-correct-platform-for-your-content,0
https://www.bath.ac.uk/guides/creating-user-stories-for-web-content,0
https://www.bath.ac.uk/guides/reviewing-web-content/,0
https://www.bath.ac.uk/guides/creating-an-external-item-in-typecase,0
https://www.bath.ac.uk/corporate-information/levels-of-typecase-user-access,0
https://www.bath.ac.uk/guides/creating-user-stories-for-web-content/,0
https://www.bath.ac.uk/services/request-typecase-training,0
https://www.bath.ac.uk/guides/choosing-a-content-type-for-your-web-content,0
http://go.bath.ac.uk/typecase-for-content-manual,0
https://www.bath.ac.uk/projects/lens-design-system,0
https://www.bath.ac.uk/guides/creating-and-writing-blog-posts,0
https://www.bath.ac.uk/legal-information/acceptable-use-of-blogs,0
https://www.bath.ac.uk/guides/how-the-digital-content-team-can-help-you,0
https://www.bath.ac.uk/guides/editorial-style-guide,0
https://www.bath.ac.uk/services/request-a-blog,0
https://www.bath.ac.uk/guides/setting-up-and-maintaining-a-blog,0
https://www.bath.ac.uk/services/log-in-to-typecase-for-courses,0
https://www.bath.ac.uk/guides/how-the-digital-development-team-can-help-you,0
https://www.bath.ac.uk/projects/typecase-publishing-platform-content-publisher,0
https://www.bath.ac.uk/publications/digital-principles,0
https://www.bath.ac.uk/courses/postgraduate-2026/taught-postgraduate-courses/msc-sport-management-full-time/,0
https://www.bath.ac.uk/corporate-information/department-of-social-policy-sciences-undergraduate-courses/,0
https://www.bath.ac.uk/case-studies/how-the-appg-on-fair-business-banking-benefits-from-baths-placement-scheme,0
https://www.bath.ac.uk/courses/postgraduate-2026/taught-postgraduate-courses/msc-international-development-full-time/,0
https://www.bath.ac.uk/courses/postgraduate-2026/taught-postgraduate-courses/msc-criminology-full-time/,0
https://www.bath.ac.uk/courses/postgraduate-2026/taught-postgraduate-courses/msc-economics-full-time/,0
https://www.bath.ac.uk/guides/how-to-employ-our-students-for-a-placement/,0
https://www.bath.ac.uk/courses/postgraduate-2026/taught-postgraduate-courses/msc-economics-and-finance-full-time/,0
https://www.bath.ac.uk/corporate-information/undergraduate-courses-in-politics-languages-and-international-management/,0
https://www.bath.ac.uk/courses/undergraduate-2027/education/,0
https://www.bath.ac.uk/courses/postgraduate-2026/taught-postgraduate-courses/msc-applied-forensic-psychology-with-placement-full-time/,0
https://www.bath.ac.uk/courses/postgraduate-2026/taught-postgraduate-courses/msc-health-psychology-full-time-including-placement/,0
https://www.bath.ac.uk/courses/undergraduate-2027/economics/,0
https://www.bath.ac.uk/courses/postgraduate-2026/taught-postgraduate-courses/msc-sustainable-energy-engineering-with-professional-placement/,0
http://www.bath.ac.uk/guides/supporting-a-student-while-on-placement-at-your-organisation/,0
https://www.bath.ac.uk/courses/postgraduate-2026/taught-postgraduate-courses/msc-advanced-mechanical-engineering-with-professional-placement/,0
https://www.bath.ac.uk/courses/postgraduate-2026/taught-postgraduate-courses/msc-artificial-intelligence-for-engineering-and-design-with-professional-placement/,0
https://www.bath.ac.uk/courses/undergraduate-2027/business-and-management/bsc-business-with-two-six-month-work-placements,0
https://www.bath.ac.uk/courses/undergraduate-2027/business-and-management/bsc-management-with-marketing-with-work-placement,0
https://www.bath.ac.uk/courses/undergraduate-2027/accounting-and-finance/bsc-accounting-and-management-with-work-placement,0
https://www.bath.ac.uk/courses/undergraduate-2027/accounting-and-finance/bsc-accounting-and-finance-with-work-placement,0
https://www.bath.ac.uk/courses/undergraduate-2027/business-and-management/,0
https://www.bath.ac.uk/courses/undergraduate-2027/business-and-management/bsc-international-management-with-study-or-work-abroad,0
https://www.bath.ac.uk/courses/undergraduate-2027/business-and-management/bsc-management-with-work-placement,0
https://www.bath.ac.uk/courses/undergraduate/department-of-mathematical-sciences-undergraduate-courses,0
https://www.bath.ac.uk/courses/undergraduate/department-of-pharmacy-pharmacology-undergraduate-courses,0
https://www.bath.ac.uk/courses/postgraduate/department-of-computer-science-postgraduate-taught-courses/,0
https://www.bath.ac.uk/teams/faculty-of-science-placements-team/,0
https://www.bath.ac.uk/courses/undergraduate/department-of-chemistry-undergraduate-courses,0
https://www.bath.ac.uk/courses/postgraduate/department-of-life-sciences-postgraduate-taught-courses/,0
https://www.bath.ac.uk/courses/undergraduate/department-of-computer-science-undergraduate-courses/,0
https://www.bath.ac.uk/courses/postgraduate/department-of-mathematical-sciences-postgraduate-taught-courses/,0
https://www.bath.ac.uk/courses/undergraduate/department-of-biology-biochemistry-undergraduate-courses/,0
https://www.bath.ac.uk/courses/undergraduate/department-of-physics-undergraduate-courses,0
https://www.bath.ac.uk/jobs/Upload/vacancies/files/29058/jdo-technical-specialist-g6_ImagingFacility (2).docx,0
https://www.bath.ac.uk/jobs/EmailFriend.aspx?ref=SS13459,0
https://www.bath.ac.uk/campaigns/awards-and-recognition-schemes-for-those-within-the-doctoral-community,0
https://www.bath.ac.uk/corporate-information/our-commitment-to-research-culture/,0
https://www.bath.ac.uk/announcements/university-of-bath-launches-new-research-assessment-guidance-and-training,0
https://www.bath.ac.uk/announcements/techteambath-celebrating-the-vital-contributions-of-our-technical-colleagues,0
https://www.bath.ac.uk/campaigns/jobs-that-make-a-difference,0
https://www.bath.ac.uk/announcements/2025-research-culture-awards-celebrate-faculty-excellence,0
https://www.bath.ac.uk/guides/five-practical-ways-to-make-your-research-open,0
https://www.bath.ac.uk/projects/the-researcher-wellbeing-project-rwp-addressing-researcher-distress-trauma-and-secondary-trauma,0
https://www.bath.ac.uk/guides/research-staff-development,0
https://www.bath.ac.uk/campaigns/involving-patients-carers-and-the-public-in-research,0
https://blogs.bath.ac.uk/research-culture/2026/03/02/the-research-culture-steering-group-needs-you/,0
https://www.bath.ac.uk/guides/career-options-for-researchers,0
https://www.bath.ac.uk/announcements/projects-awarded-enhancing-research-culture-funding-for-2025-26,0
https://www.bath.ac.uk/campaigns/jobs-that-make-a-difference/,0
https://www.bath.ac.uk/guides/coaching-scheme-for-doctoral-students,0
https://www.bath.ac.uk/guides/getting-or-offering-mentoring-support,0
https://www.bath.ac.uk/publications/acknowledgement-guidelines-for-technical-staff,0
https://www.bath.ac.uk/guides/engaging-public-groups-with-your-research,0
https://www.bath.ac.uk/corporate-information/our-commitment-to-research-culture,0
https://www.bath.ac.uk/guides/returning-parents-support-fund,0
https://www.bath.ac.uk/topics/open-research,0
https://www.bath.ac.uk/guides/academic-promotion,0
https://www.bath.ac.uk/corporate-information/open-research-case-studies,0
https://blogs.bath.ac.uk/pvc-research/2026/02/09/opening-up-open-research-at-bath/,0
https://moodle.bath.ac.uk/enrol/index.php?id=56564,0
https://go.bath.ac.uk/sustainableresearch,0
https://www.bath.ac.uk/announcements/research-ethics-open-house,0
https://www.bath.ac.uk/case-studies/case-study-a-potential-conflict-of-interest/,0
https://www.bath.ac.uk/corporate-information/second-reader-role-and-responsibilities/,0
https://www.bath.ac.uk/guides/research-ethics-training-opportunities.bho,0
https://moodle.bath.ac.uk/enrol/index.php?id=58956,0
https://www.bath.ac.uk/publications/concordat-to-support-research-integrity/,0
https://www.bath.ac.uk/guides/research-ethics-training.bho,0
https://www.bath.ac.uk/teams/research-policy-governance-and-integrity/,0
https://www.bath.ac.uk/corporate-information/previous-statements-on-research-integrity,0
https://www.bath.ac.uk/corporate-information/open-research-action-plan/,0
https://www.bath.ac.uk/guides/accessing-external-research-ethics-resources,0
https://www.bath.ac.uk/guides/accessing-the-research-integrity-training.bho,0
https://www.bath.ac.uk/corporate-information/overview-research-integrity/,0
https://www.bath.ac.uk/publications/university-of-bath-open-research-survey-report/,0
https://www.bath.ac.uk/corporate-information/external-sponsorship-ethics-committee/,0
https://www.bath.ac.uk/legal-information/principles-of-research-assessment-and-management,0
https://www.bath.ac.uk/guides/uk-research-integrity-office-services-to-subscribers.bho/,0
https://www.bath.ac.uk/corporate-information/open-research-case-studies/,0
https://www.bath.ac.uk/case-studies/behavioral-consistency-in-the-digital-age/,0
https://www.bath.ac.uk/topics/open-research/,0
https://www.bath.ac.uk/publications/allegations-of-misconduct-in-research/,0
https://www.bath.ac.uk/case-studies/exploring-how-we-can-understand-and-practice-recovery-from-childhood-trauma-differently/,0
https://www.bath.ac.uk/legal-information/export-control-policy/,0
https://www.bath.ac.uk/corporate-information/departmental-research-ethics-officer-training.bho/,0
https://www.bath.ac.uk/guides/nagoya-protocol/,0
https://www.bath.ac.uk/guides/carrying-out-ethically-responsible-research,0
https://www.bath.ac.uk/guides/ethics-review-process,0
https://www.bath.ac.uk/legal-information/code-of-good-practice-in-research-integrity,0
https://www.bath.ac.uk/corporate-information/social-sciences-research-ethics-committee/,0
https://www.bath.ac.uk/corporate-information/procedure-for-ethical-review-when-using-animals/,0
https://www.bath.ac.uk/corporate-information/definition-of-research-integrity/,0
https://www.bath.ac.uk/case-studies/user-testing-guidelines-to-improve-the-safety-of-intravenous-medicines-administration/,0
https://www.bath.ac.uk/case-studies/case-study-a-hyped-press-release/,0
https://www.bath.ac.uk/guides/a-z-of-research-ethics-guidance/,0
https://bath.ac.uk/guides/ethics-review-process/,0
https://www.bath.ac.uk/announcements/research-ethics-open-house/,0
https://www.bath.ac.uk/guides/research-ethics-training.bho/,0
https://www.bath.ac.uk/corporate-information/data-digital-science-research-ethics-committee/,0
https://www.bath.ac.uk/corporate-information/open-research-steering-group/,0
https://www.bath.ac.uk/publications/human-tissue-risk-assessment-form,0
https://www.bath.ac.uk/guides/getting-help-with-research-integrity-and-ethics-queries/,0
https://www.bath.ac.uk/case-studies/case-study-concerns-about-questionable-research-practices/,0
https://www.bath.ac.uk/corporate-information/code-of-good-practice-in-research-integrity/,0
https://www.bath.ac.uk/case-studies/case-study-the-ethics-of-researching-the-far-right/,0
https://www.bath.ac.uk/case-studies/an-erc-funded-pilot-to-support-people-to-increase-their-power-to-meet-their-needs/,0
https://www.bath.ac.uk/teams/department-research-ethics-officers-dreos/,0
https://www.bath.ac.uk/guides/applying-for-sponsorship-faqs/,0
https://www.bath.ac.uk/publications/export-control-checklist/,0
https://www.bath.ac.uk/guides/undergraduate-and-masters-research-projects-ethics-review/,0
https://www.bath.ac.uk/corporate-information/united-kingdom-research-integrity-office-ukrio/,0
https://www.bath.ac.uk/guides/obtaining-sponsorship-from-the-university-of-bath-guidance/,0
https://www.bath.ac.uk/corporate-information/rec-meeting-dates-and-deadlines-for-applications,0
https://www.bath.ac.uk/publications/allegations-of-misconduct-in-research,0
https://www.bath.ac.uk/legal-information/training-requirements-for-the-human-tissue-act-2004,0
https://www.bath.ac.uk/guides/getting-help-with-research-integrity-and-ethics-queries,0
https://www.bath.ac.uk/announcements/conflicts-of-interest-and-corporate-influence-on-science-improving-research-integrity/,0
https://www.bath.ac.uk/case-studies/case-study-suspicion-of-inappropriate-image-manipulation/,0
https://www.bath.ac.uk/publications/forms-for-applying-for-university-sponsorship-to-work-in-the-nhs/,0
https://www.bath.ac.uk/case-studies/an-investigation-into-the-relationship-between-online-behaviour-and-collective-action/,0
https://www.bath.ac.uk/case-studies/case-study-suspicions-of-misconduct/,0
https://www.bath.ac.uk/corporate-information/definition-of-research-integrity,0
https://www.bath.ac.uk/case-studies/case-study-being-a-peer-reviewer/,0
https://www.bath.ac.uk/guides/obtaining-sponsorship-from-the-university-of-bath-guidance,0
https://www.bath.ac.uk/corporate-information/research-integrity-and-ethics-case-studies/,0
https://www.bath.ac.uk/corporate-information/annual-statement-on-research-integrity-2023-2024,0
https://www.bath.ac.uk/guides/university-research-ethics-committees-and-review-body/,0
https://www.bath.ac.uk/guides/accessing-the-research-integrity-training.bho/,0
https://www.bath.ac.uk/guides/considering-the-impact-of-your-research-on-climate-change/,0
https://www.bath.ac.uk/corporate-information/biomedical-sciences-research-ethics-committee/,0
https://www.bath.ac.uk/corporate-information/previous-statements-on-research-integrity/,0
https://www.bath.ac.uk/projects/the-atima-study/,0
https://www.bath.ac.uk/campaigns/help-us-research-fat-tissue-inflammation-and-the-regulation-of-muscle-in-older-people/,0
https://www.bath.ac.uk/courses/postgraduate-2026/taught-postgraduate-courses/mres-health-wellbeing-and-society-full-time/,0
https://www.bath.ac.uk/courses/postgraduate-2026/taught-postgraduate-courses/msc-sport-management-full-time,0
http://blogs.bath.ac.uk/students/,0
https://www.bath.ac.uk/announcements/?meta_label_and=healthresearch,0
https://www.bath.ac.uk/projects/improving-human-function-research/,0
https://www.bath.ac.uk/projects/a-fair-and-vibrant-society-research/,0
https://www.bath.ac.uk/courses/postgraduate-research/phd-health-full-time/,0
https://www.bath.ac.uk/courses/doctoral-programme/department-for-health-postgraduate-research/,0
https://www.bath.ac.uk/research-centres/centre-for-motivation-and-behaviour-change/,0
https://www.bath.ac.uk/topics/department-for-health-research/,0
https://www.bath.ac.uk/courses/undergraduate-2027/sport-exercise-and-health/msci-sport-and-exercise-science-with-professional-placement-or-study-abroad/,0
https://www.bath.ac.uk/topics/bath-student-journal-of-society-and-social-change/,0
https://www.bath.ac.uk/teams/clinical-rehabilitation-and-exercise-medicine-crem-research-group-members/,0
http://blogs.bath.ac.uk/students/category/faculty-of-humanities-social-sciences/,0
https://www.bath.ac.uk/departments/department-for-health,0
https://www.bath.ac.uk/courses/postgraduate-research/phd-health-wellbeing-and-society-full-time/,0
https://www.bath.ac.uk/courses/postgraduate-2026/taught-postgraduate-courses/msc-sports-physiotherapy-part-time-distance-learning/,0
https://www.bath.ac.uk/courses/undergraduate-2027/sport-exercise-and-health/bsc-health-and-exercise-science-with-professional-placement/,0
https://www.bath.ac.uk/projects/?meta_label_and=healthresearch,0
https://www.bath.ac.uk/teams/?f.Department+or+group%7CX=Department+for+Health,0
https://www.bath.ac.uk/professional-services/bath-and-north-east-somerset-swindon-and-wiltshire-research-hub/,0
https://www.bath.ac.uk/research-groups/tobacco-control-research-group/,0
https://www.bath.ac.uk/campaigns/department-for-health-offer-holder-events/,0
https://www.bath.ac.uk/courses/undergraduate-2027/sport-exercise-and-health/fdsc-sport-sports-performance-with-option-to-progress-to-one-year-bsc/,0
https://www.bath.ac.uk/case-studies/?f.Type%7CY=Student+case+study&f.Department+or+group%7CX=Department+for+Health,0
https://www.bath.ac.uk/courses/postgraduate-2026/taught-postgraduate-courses/msc-football-medicine-in-association-with-fifa-part-time-distance-learning/,0
https://www.bath.ac.uk/projects/lifelong-health-and-wellbeing-research/,0
https://www.bath.ac.uk/courses/postgraduate-research/dhealth-professional-doctorate-in-health-part-time/,0
https://www.bath.ac.uk/research-centres/centre-for-21st-century-public-health,0
https://www.bath.ac.uk/corporate-information/department-for-health-research-centres-and-groups/,0
https://www.bath.ac.uk/events/?f.Department+or+group%7CX=Department+for+Health,0
https://www.bath.ac.uk/courses/undergraduate-2027/sport-exercise-and-health/bsc-sport-management-and-coaching-with-professional-placement/,0
https://www.bath.ac.uk/courses/postgraduate-research/md-doctor-of-medicine-in-health-part-time/,0
https://www.bath.ac.uk/courses/undergraduate-2027/sport-exercise-and-health/bsc-sport-and-exercise-science-with-professional-placement-or-study-abroad/,0
https://www.bath.ac.uk/courses/postgraduate-2026/taught-postgraduate-courses/pg-dip-sport-and-exercise-medicine-part-time-distance-learning/,0
https://www.bath.ac.uk/courses/postgraduate-2026/taught-postgraduate-courses/msc-sport-and-exercise-medicine-part-time-distance-learning/,0
https://www.bath.ac.uk/campaigns/research4good-podcast,0
https://www.bath.ac.uk/announcements/victims-of-uk-post-office-it-scandal-faced-four-main-barriers-to-speaking-out-new-research,0
https://www.bath.ac.uk/research-centres/centre-for-qualitative-research,0
https://www.bath.ac.uk/case-studies/what-it-means-to-be-an-lgbt-ally-at-work,0
https://www.bath.ac.uk/announcements/festivals-can-be-a-powerful-force-for-sustainable-lifestyle-changes-new-research-shows,0
https://stories.bath.ac.uk/keeping-us-safe-from-cyber-threats/index.html,0
https://www.bath.ac.uk/case-studies/advocating-for-the-public-good-in-higher-education,0
https://www.bath.ac.uk/announcements/?meta_label_and=managementresearch,0
https://www.bath.ac.uk/research-centres/centre-for-smart-warehousing-and-logistics-systems,0
https://www.bath.ac.uk/announcements/focus-groups-can-work-without-a-moderator-shows-research,0
https://www.bath.ac.uk/case-studies/predicting-and-preventing-terror-attacks,0
https://www.bath.ac.uk/announcements/optimistic-thinking-linked-with-lower-cognitive-abilities-new-research,0
https://www.bath.ac.uk/research-centres/identities-in-organisations-research-centre,0
https://www.bath.ac.uk/case-studies/the-research-transforming-business-design,0
https://www.bath.ac.uk/announcements/commercial-partnership-to-improve-human-robot-collaboration-in-warehouse-operations,0
https://www.bath.ac.uk/announcements/government-chief-scientific-adviser-launches-new-institute-for-digital-security-and-behaviour,0
https://go.bath.ac.uk/politics-languages-research,0
https://go.bath.ac.uk/hss-ref-2021,0
https://go.bath.ac.uk/economics-research,0
https://go.bath.ac.uk/social-policy-sciences-research,0
https://go.bath.ac.uk/education-research,0
https://researchportal.bath.ac.uk/en/organisations/faculty-of-humanities-and-social-sciences,0
https://go.bath.ac.uk/health-research,0
https://go.bath.ac.uk/psychology-research,0
https://www.bath.ac.uk/corporate-information/faculty-of-humanities-social-sciences-postgraduate-research-degrees,0
http://www.bath.ac.uk/person/500526,0
https://www.bath.ac.uk/person/1537811,0
https://www.bath.ac.uk/person/1496348,0
https://www.bath.ac.uk/person/1409526,0
http://www.bath.ac.uk/person/1205238,0
https://www.bath.ac.uk/person/1229885,0
https://www.bath.ac.uk/person/1636787,0
https://www.bath.ac.uk/teams/?f.Department+or+group%7CX=School+of+Management,0
https://www.bath.ac.uk/campaigns/take-part-in-our-study-about-the-effects-of-intermittent-carbohydrate-restriction-on-health/,0
https://www.bath.ac.uk/courses/postgraduate-research/phd-climate-change-sustainability-and-society-full-time/,0
https://www.bath.ac.uk/announcements/?meta_label_and=psychologyresearch,0
https://www.bath.ac.uk/research-groups/neuroimaging-and-brain-stimulation-group-neurostim/,0
https://www.bath.ac.uk/events/?f.Department+or+group%7CX=Department+of+Psychology,0
https://www.bath.ac.uk/professional-services/university-of-bath-psychology-clinic/,0
https://www.bath.ac.uk/courses/postgraduate-2026/taught-postgraduate-courses/mres-climate-change-sustainability-and-society-full-time/,0
https://www.bath.ac.uk/campaigns/department-of-psychology-offer-holder-events/,0
https://www.bath.ac.uk/corporate-information/taught-postgraduate-studies-in-psychology/,0
https://www.bath.ac.uk/topics/department-of-psychology-research/,0
https://www.bath.ac.uk/courses/postgraduate-2026/taught-postgraduate-courses/msc-applied-psychology-conversion-full-time/,0
https://www.bath.ac.uk/research-centres/centre-for-applied-autism-research/,0
https://www.bath.ac.uk/projects/?meta_label_and=psychologyresearch,0
https://www.bath.ac.uk/courses/undergraduate-2027/psychology/bsc-psychology-with-work-placement/,0
https://www.bath.ac.uk/courses/postgraduate-research/dclinpsy-clinical-psychology-full-time/,0
http://www.bath.ac.uk/courses/undergraduate-2027/psychology/,0
https://www.bath.ac.uk/corporate-information/department-of-psychology-seminars,0
https://www.bath.ac.uk/departments/department-of-psychology,0
https://www.bath.ac.uk/courses/postgraduate-research/phd-psychology-full-time/,0
https://www.bath.ac.uk/corporate-information/department-of-psychology-about-us,0
https://www.bath.ac.uk/case-studies/?f.Type%7CY=Student+case+study&f.Department+or+group%7CX=Department+of+Psychology,0
https://www.bath.ac.uk/courses/postgraduate-2026/taught-postgraduate-courses/msc-applied-clinical-psychology-full-time/,0
https://www.bath.ac.uk/corporate-information/department-of-psychology-research-groups-and-labs/,0
https://www.bath.ac.uk/campaigns/msc-clinical-associate-in-psychology/,0
https://www.bath.ac.uk/campaigns/foundation-systemic-theory-and-practice-course/,0
https://www.bath.ac.uk/courses/postgraduate-2026/taught-postgraduate-courses/mres-psychology-full-time/,0
https://www.bath.ac.uk/courses/undergraduate-2027/psychology/bsc-psychology/,0
https://www.bath.ac.uk/courses/postgraduate-2026/taught-postgraduate-courses/msc-applied-psychology-and-economic-behaviour-full-time/,0
https://www.bath.ac.uk/campaigns/modern-slavery-and-trafficking-survivors-albanian-mothers-experiences-of-parenthood-in-the-uk/,0
https://www.bath.ac.uk/courses/doctoral-programme/department-of-psychology-postgraduate-research/,0
http://www.bath.ac.uk/teams/department-of-psychology-academic-staff/,0
https://www.bath.ac.uk/research-centres/bath-centre-for-mindfulness-and-community/,0
https://www.bath.ac.uk/campaigns/join-our-research-into-whether-personalised-feedback-can-improve-your-diet/,0
https://researchportal.bath.ac.uk/en/persons/peter-mosley/,0
https://www.bath.ac.uk/announcements/twisting-optical-fibre-creates-a-robust-new-pathway-for-light/,0
https://www.bath.ac.uk/campaigns/help-us-explore-how-vr-and-video-mindfulness-actions-affect-stress-anxiety-and-confidence/,0
https://researchportal.bath.ac.uk/en/persons/chris-budd/,0
https://www.bath.ac.uk/announcements/chris-budd-becomes-a-founding-fellow-of-the-academy-for-the-mathematical-sciences/,0
https://www.bath.ac.uk/campaigns/help-us-research-how-exercise-plans-can-improve-health-for-people-with-cystic-fibrosis/,0
https://www.bath.ac.uk/topics/department-of-life-sciences-research/,0
https://www.bath.ac.uk/topics/department-of-chemistry-research/,0
https://www.bath.ac.uk/campaigns/research-excellence-framework-ref-2021,0
https://www.bath.ac.uk/case-studies/using-dust-clouds-and-geometry-to-reveal-the-secrets-of-space,0
https://www.bath.ac.uk/topics/department-of-physics-research/,0
https://www.bath.ac.uk/case-studies/how-flower-power-helped-plants-survive-the-extinction-that-killed-the-dinosaurs,0
https://www.bath.ac.uk/campaigns/working-with-the-faculty-of-science/,0
https://www.bath.ac.uk/case-studies/the-study-of-stokes-waves-understanding-the-maths-behind-waves-in-nature,0
https://www.bath.ac.uk/research-facilities/biotechnology-facility,0
https://www.bath.ac.uk/topics/department-of-mathematical-sciences-research/,0
https://www.bath.ac.uk/case-studies/joining-the-hunt-for-degradable-polymers,0
https://www.bath.ac.uk/case-studies/sex-and-death-how-evolutionary-biology-can-lead-to-protecting-wildlife,0
https://www.bath.ac.uk/case-studies/stack-and-draw-how-plain-glass-rods-turn-into-the-fibre-optics-of-the-future,0
https://www.bath.ac.uk/topics/department-of-computer-science-research/,0
https://researchportal.bath.ac.uk/en/persons/elisabeth-barratt-hacking/,0
https://www.bath.ac.uk/topics/department-of-education-research/,0
https://researchportal.bath.ac.uk/en/persons/yusuf-olaniyan/,0
https://www.bath.ac.uk/announcements/bath-mayor-launches-inaugural-phd-placements/,0
https://researchportal.bath.ac.uk/en/persons/gopika-gopakumar-moothedath/,0
https://researchportal.bath.ac.uk/en/persons/gamila-shoib,0
https://www.bath.ac.uk/corporate-information/prep-hub-information/,0
https://www.bath.ac.uk/events/paradox-research-education-and-practice-conference-2026/,0
https://www.bath.ac.uk/publications/paradox-research-education-and-practice-conference-programme/,0
https://www.bath.ac.uk/research-institutes/bath-institute-for-the-augmented-human,0
https://www.bath.ac.uk/campaigns/bath-beacon-future-fuels-hydrogen-and-its-carriers,0
https://www.bath.ac.uk/guides/about-the-bath-beacons,0
https://www.bath.ac.uk/announcements/bath-beacons-announced-to-address-grand-challenges,0
https://www.bath.ac.uk/campaigns/bath-beacon-value-of-data,0
https://www.bath.ac.uk/announcements/second-round-of-bath-beacons-announced-to-address-ukri-strategic-themes,0
https://www.bath.ac.uk/announcements/bath-beacons-initiative-is-launched,0
https://www.bath.ac.uk/campaigns/bath-beacon-zero-carbon-offshore-power,0
https://www.bath.ac.uk/campaigns/bath-beacon-universal-basic-income,0
https://www.bath.ac.uk/announcements/watch-the-recording-of-the-bath-beacons-town-hall-event-on-the-second-round-of-beacons.bho,0
https://www.bath.ac.uk/campaigns/bath-beacon-harm-reduction,0
https://www.bath.ac.uk/announcements/new-bath-beacons-call-for-multidisciplinary-collaborations,0
https://www.bath.ac.uk/campaigns/bath-beacon-sport-and-technology-in-a-digital-society,0
https://www.bath.ac.uk/campaigns/bath-beacon-innovation-bridge,0
https://www.bath.ac.uk/campaigns/bath-beacon-living-well-now-and-by-2050,0
https://www.bath.ac.uk/announcements/watch-the-recording-of-the-bath-beacons-launch-event,0
https://www.bath.ac.uk/campaigns/bath-beacon-managing-antimicrobial-resistance-in-a-changing-world,0
https://www.bath.ac.uk/case-studies/starting-a-career-in-academia-and-automotive-research,0
https://www.bath.ac.uk/case-studies/printing-a-design-revolution-with-additive-manufacture,0
https://researchportal.bath.ac.uk/en/organisations/faculty-of-engineering-and-design,0
https://www.bath.ac.uk/campaigns/apply-to-be-an-independent-engineering-research-fellow,0
https://www.bath.ac.uk/case-studies/a-flourishing-new-business-extracting-essential-oils-from-discarded-flowers,0
https://www.bath.ac.uk/case-studies/saving-structures-across-the-globe,0
https://www.bath.ac.uk/corporate-information/faculty-of-engineering-design-research-centres-and-institutes,0
https://www.bath.ac.uk/case-studies/a-more-adventurous-approach-to-prosthetics-research,0
https://www.bath.ac.uk/case-studies/visualising-the-last-mile-of-electricity-networks,0
https://www.bath.ac.uk/announcements/new-vsimulators-skyscraper-simulator-facility-opened-at-the-university-of-bath,0
https://www.bath.ac.uk/corporate-information/building-research-park-facilities,0
https://www.bath.ac.uk/case-studies/protecting-critical-infrastructure-from-extreme-space-weather-and-radio-jamming,0
https://www.bath.ac.uk/case-studies/improving-composite-wing-part-manufacture,0
https://www.bath.ac.uk/guides/records-management-service/,0
https://library.bath.ac.uk/research-services/research-data-service,0
https://www.bath.ac.uk/topics/library-archives-and-research-collections/,0
https://library.bath.ac.uk/research-services/subject-librarians,0
https://library.bath.ac.uk/research-analytics,0
https://library.bath.ac.uk/research-data/finding-data/us-data-removals,0
https://library.bath.ac.uk/research-services/meet-the-team,0
https://library.bath.ac.uk/open-access,0
https://library.bath.ac.uk/research-services/home,0
https://library.bath.ac.uk/trainingevents/home,0
https://researchportal.bath.ac.uk/en/persons/annie-snelson-powell,0
https://www.bath.ac.uk/events/essential-conversations-about-business-and-human-rights-bhr/,0
https://researchportal.bath.ac.uk/en/persons/amanda-willmott/,0
https://www.bath.ac.uk/courses/undergraduate-2027/computer-science/,0
https://www.bath.ac.uk/departments/department-of-computer-science,0
https://www.bath.ac.uk/teams/department-of-computer-science-technical-staff/,0
https://www.bath.ac.uk/courses/postgraduate-2026/taught-postgraduate-courses/msc-advanced-machine-learning/,0
https://www.bath.ac.uk/research-groups/mathematical-foundations-of-computation,0
https://www.bath.ac.uk/teams/department-of-computer-science-academic-staff/,0
https://www.bath.ac.uk/campaigns/improve-your-employability-with-a-science-placement/,0
https://www.bath.ac.uk/announcements/ai-poses-no-existential-threat-to-humanity-new-study-finds,0
https://www.bath.ac.uk/teams/department-of-computer-science-professional-services-staff/,0
https://researchportal.bath.ac.uk/en/organisations/artificial-intelligence,0
https://www.bath.ac.uk/courses/search/?sort=metat&sort=metat&sort=metat&&sort=&f.Type+of+course%7CC=postgraduate+research&f.Department+or+faculty%7CG=Department+of+Computer+Science,0
https://www.bath.ac.uk/announcements/ai-trained-cctv-in-rivers-can-spot-blockages-and-reduce-floods,0
https://www.bath.ac.uk/guides/artificial-intelligence-and-machine-learning-seminars,0
https://www.bath.ac.uk/campaigns/5-reasons-to-study-computer-science-at-bath/,0
https://www.bath.ac.uk/guides/computer-science-graduate-outcomes/,0
http://www.bath.ac.uk/teams/?f.Department+or+group%7CX=Department+of+Computer+Science,0
https://www.bath.ac.uk/teams/department-of-computer-science-postdoctoral-researchers/,0
https://www.bath.ac.uk/teams/artificial-intelligence-and-machine-learning-group-members,0
https://www.bath.ac.uk/announcements/faculty-of-science-delegate-to-host-ai-workshop-at-the-one-young-world-global-summit-in-montreal,0
https://www.bath.ac.uk/courses/postgraduate-2026/taught-postgraduate-courses/msc-computer-science,0
https://www.bath.ac.uk/courses/postgraduate-2026/taught-postgraduate-courses/msc-data-science/,0
https://www.bath.ac.uk/research-groups/visual-computing,0
https://www.bath.ac.uk/publications/student-applicant-criminal-convictions-declaration-procedure/,0
https://www.bath.ac.uk/legal-information/code-of-practice-on-freedom-of-speech-and-academic-freedom/,0
https://www.bath.ac.uk/guides/health-wellbeing-and-support-for-study-policy-and-procedure/,0
https://www.bath.ac.uk/publications/student-discipline-procedure/attachments/Student_Discipline_Procedure_-_July_2025.pdf,0
https://www.bath.ac.uk/legal-information/admissions-policy/,0
https://www.bath.ac.uk/legal-information/data-protection-statement-for-student-registration/,0
https://www.bath.ac.uk/legal-information/applicant-complaints-and-appeals-procedure/,0
https://www.bath.ac.uk/publications/regulations-for-students-2024-25/attachments/regulations-for-students-2024-25-2-fees.pdf,0
https://www.bath.ac.uk/corporate-information/university-policy-index/,0
https://www.bath.ac.uk/publications/regulations-for-students-2025-26/attachments/regulations-for-students-2025-26-3-attendance-and-progress.pdf/,0
https://www.bath.ac.uk/legal-information/degree-apprenticeship-terms-and-conditions/,0
https://www.bath.ac.uk/publications/regulations-for-students-2025-26/,0
https://www.bath.ac.uk/publications/cancellation-form-for-accepted-offers/,0
https://www.bath.ac.uk/guides/sexual-assault-or-harassment/,0
https://www.bath.ac.uk/publications/regulations-for-students-2025-26/attachments/regulations-for-students-2025-26-7-disciplinary-regulations-for-students.pdf,0
https://www.bath.ac.uk/guides/bullying-harassment-misconduct/,0
https://www.bath.ac.uk/legal-information/terms-and-conditions-for-tuition-fee-payments-for-online-courses/,0
https://www.bath.ac.uk/publications/guide-to-legislation-relevant-to-the-electronic-information-systems-security-policy/,0
https://www.bath.ac.uk/corporate-information/it-acceptable-use-policy/,0
https://www.bath.ac.uk/publications/information-system-administrator-data-custodian-guidelines/,0
https://www.bath.ac.uk/publications/data-security-guidelines-for-outsourcing-and-third-party-compliance/,0
https://www.bath.ac.uk/publications/regulations-for-students-2022-23/,0
https://www.bath.ac.uk/legal-information/protocol-for-investigation-of-computer-use-and-monitoring-guidelines/,0
http://www.bath.ac.uk/bucs/account-manager/password-advice/index.html,0
http://www.bath.ac.uk/research/data/policy/research-data-policy.html,0
https://www.bath.ac.uk/legal-information/information-classification-labelling-and-handling-policy/,0
http://www.bath.ac.uk/bucs/aboutbucs/policies/useraccountspolicy/,0
https://www.bath.ac.uk/legal-information/mobile-computing-policy/,0
https://www.bath.ac.uk/account/help/choosePassword.jsp,0
https://www.bath.ac.uk/guides/disclosing-data-in-compliance-with-the-data-protection-act,0
https://www.bath.ac.uk/guides/data-protection-for-photography-and-filming/,0
https://www.bath.ac.uk/guides/complying-with-the-data-protection-act-as-an-academic-researcher,0
https://www.bath.ac.uk/guides/data-protection-and-university-examinations/,0
https://www.bath.ac.uk/guides/keeping-data-in-compliance-with-the-data-protection-act,0
https://www.bath.ac.uk/guides/gathering-data-in-compliance-with-the-data-protection-act,0
https://www.bath.ac.uk/guides/managing-academic-appeal-requests-in-line-with-data-protection,0
https://www.bath.ac.uk/corporate-information/university-of-bath-safeguarding-policy/,0
https://www.bath.ac.uk/legal-information/prevent-training-plan.bho,0
https://www.bath.ac.uk/campaigns/it-security-best-practice/,0
https://www.bath.ac.uk/publications/regulations-for-students-2024-25/attachments/regulations-for-students-2024-25-18-freedom-of-expression(2).pdf,0
https://www.bath.ac.uk/guides/ethics-review-process/,0
https://www.bath.ac.uk/publications/regulations-for-students-2023-24/attachments/regulations-for-students-2023-24-10-use-of-facilities.pdf,0
https://www.bath.ac.uk/services/register-of-need-to-access-material-which-supports-terrorism/,0
https://www.bath.ac.uk/publications/regulations-for-students-2023-24/attachments/regulations-for-students-2023-24-18-freedom-of-expression.pdf,0
https://www.bath.ac.uk/legal-information/applicant-complaints-and-appeals-procedure,0
https://www.bath.ac.uk/publications/regulations-for-students-2025-26,0
https://www.bath.ac.uk/guides/student-discipline-policy-and-procedure/,0
https://www.bath.ac.uk/publications/regulations-for-students-2025-26/attachments/regulations-for-students-2025-26-2-fees.pdf,0
https://www.bath.ac.uk/publications/regulations-for-students-2025-26/attachments/regulations-for-students-2025-26-3-attendance-and-progress.pdf,0
https://www.bath.ac.uk/corporate-information/email-policy/,0
https://www.bath.ac.uk/publications/the-dignity-respect-policy-and-procedure/,0
https://www.bath.ac.uk/corporate-information/information-security-policy/,0
https://www.bath.ac.uk/publications/regulations-for-students-2022-23/attachments/regulations-for-students-2022-23-10-use-of-facilities.pdf,0
https://www.bath.ac.uk/publications/protocol-for-the-surveying-of-students/,0
https://www.bath.ac.uk/legal-information/principles-of-student-voice-at-the-university/,0
https://www.bath.ac.uk/corporate-information/student-surveys-information-for-staff/,0
https://www.bath.ac.uk/campaigns/unit-evaluations-information-for-students/,0
https://www.bath.ac.uk/publications/qa48-student-engagement-with-quality-assurance-and-enhancement/,0
https://www.bath.ac.uk/guides/closing-the-feedback-loop-at-a-department-level/,0
https://www.bath.ac.uk/guides/unit-evaluations-information-for-staff/,0
https://www.bath.ac.uk/guides/best-practice-in-surveys/,0
https://www.bath.ac.uk/publications/qa51-education-annual-review-and-enhancement/,0
https://www.bath.ac.uk/campaigns/have-your-say-give-feedback-on-your-course/,0
https://www.bath.ac.uk/guides/giving-constructive-feedback-in-student-surveys/,0
https://www.bath.ac.uk/corporate-information/student-representation-processes/,0
https://www.bath.ac.uk/guides/closing-the-feedback-loop-for-unit-convenors/,0
https://www.bath.ac.uk/topics/student-voice/,0
https://www.bath.ac.uk/guides/supporting-student-engagement/,0
https://www.bath.ac.uk/corporate-information/visitor-car-parking-on-our-claverton-down-campus,0
https://www.bath.ac.uk/corporate-information/parking-your-motorcycle,0
https://www.bath.ac.uk/corporate-information/pay-to-park-car-parking-prices,0
http://www.bath.ac.uk/locations/?f.Department+or+group%7CX=Security,0
https://www.bath.ac.uk/announcements/dott-shared-e-bike-and-e-scooter-service-in-bath-and-bristol-replaces-tier,0
https://www.bath.ac.uk/guides/electric-vehicle-parking-on-our-claverton-down-campus,0
https://www.bath.ac.uk/guides/cycling-and-walking-to-the-university-of-bath,0
https://www.bath.ac.uk/guides/active-travel,0
https://www.bath.ac.uk/guides/homesickness/,0
https://www.bath.ac.uk/guides/social-anxiety/,0
https://www.bath.ac.uk/guides/drugs-and-substance-use-harm-reduction-guide/,0
https://www.bath.ac.uk/guides/living-with-others/,0
https://www.bath.ac.uk/guides/managing-trauma,0
https://www.bath.ac.uk/guides/managing-relationships,0
https://www.bath.ac.uk/guides/looking-after-your-sexual-health,0
https://www.bath.ac.uk/guides/better-sleep/,0
https://www.bath.ac.uk/guides/scabies/,0
https://www.bath.ac.uk/guides/loneliness/,0
https://www.bath.ac.uk/guides/managing-low-mood-and-depression/,0
https://www.bath.ac.uk/guides/perfectionism/,0
https://www.bath.ac.uk/guides/smoking-quitting-support-guide/,0
https://www.bath.ac.uk/guides/domestic-abuse-support-and-resources/,0
https://www.bath.ac.uk/guides/overcome-procrastination/,0
https://www.bath.ac.uk/guides/coming-out-as-lgbtq/,0
https://www.bath.ac.uk/guides/overwhelming-feelings/,0
https://www.bath.ac.uk/guides/exam-anxiety/,0
https://www.bath.ac.uk/guides/sexual-violence-support-and-resources/,0
https://www.bath.ac.uk/guides/imposter-syndrome/,0
https://www.bath.ac.uk/guides/eating-disorders,0
https://www.bath.ac.uk/guides/bereavement/,0
https://www.bath.ac.uk/guides/eating-well/,0
https://www.bath.ac.uk/guides/low-self-esteem/,0
https://www.bath.ac.uk/guides/adjusting-to-university-life/,0
https://www.bath.ac.uk/guides/disability-access-plans-dap/,0
http://go.bath.ac.uk/ups-help,0
https://www.bath.ac.uk/professional-services/creative-services,0
https://www.bath.ac.uk/services/?f.Department+or+group%7CX=Creative+Services,0
https://www.bath.ac.uk/professional-services/security,0
https://www.bath.ac.uk/publications/claverton-down-campus-map/attachments/university-campus-map.pdf,0
https://www.bath.ac.uk/publications/?f.Department+or+group%7CX=Security,0
https://www.bath.ac.uk/guides/accessing-external-research-ethics-resources/,0
https://www.bath.ac.uk/guides/research-ethics-training-opportunities/,0
http://www.bath.ac.uk/statutory-bodies-committees/bodies-and-committees-senate/ethics/dreos.html,0
https://www.bath.ac.uk/publications/types-of-research-considered-by-the-university-research-ethics-committees/,0
https://www.bath.ac.uk/services/report-a-crime-or-incident,0
https://www.bath.ac.uk/corporate-information/students-eligible-for-parking-permits,0
https://www.bath.ac.uk/corporate-information/prices-of-parking-permits-for-students,0
https://www.bath.ac.uk/publications/claverton-down-bicycle-store-map,0
https://www.bath.ac.uk/locations/east-car-park,0
https://blogs.bath.ac.uk/students/2021/01/26/safety-on-and-off-campus/,0
https://www.bath.ac.uk/guides/reporting-and-claiming-lost-property,0
https://www.bath.ac.uk/corporate-information/prices-of-parking-permits-for-staff,0
https://www.bath.ac.uk/corporate-information/cctv-and-access-control,0
https://www.bath.ac.uk/guides/using-the-electric-cycle-loan-scheme,0
https://www.bath.ac.uk/locations/west-car-park,0
https://www.bath.ac.uk/locations/east-car-park-overflow,0
https://www.bath.ac.uk/legal-information/bicycle-storage-space-terms-and-conditions,0
https://www.bath.ac.uk/guides/parking-permits-for-staff,0
https://www.bath.ac.uk/announcements/university-security-achieves-secured-environments-accreditation,0
https://www.bath.ac.uk/guides/emergency-contact-numbers,0
https://www.bath.ac.uk/guides/storing-your-bicycle,0
https://www.bath.ac.uk/announcements/pay-for-your-car-parking-using-justpark,0
https://www.bath.ac.uk/locations/north-car-park,0
https://www.bath.ac.uk/guides/managing-your-mental-health,0
https://www.bath.ac.uk/announcements/make-sure-your-bicycle-is-securely-locked,0
https://www.bath.ac.uk/services/book-a-secure-space-for-your-bicycle,0
https://www.bath.ac.uk/announcements/the-university-ranks-as-the-second-safest-in-the-uk,0
https://www.bath.ac.uk/locations/south-car-park,0
http://www.bath.ac.uk/person/502379,0
https://www.bath.ac.uk/person/509410,0
http://www.bath.ac.uk/person/876418,0
http://www.bath.ac.uk/person/500668,0
http://www.bath.ac.uk/person/751249,0
https://www.bath.ac.uk/teams/?f.Department+or+group%7CX=Disability+Service,0
https://www.bath.ac.uk/person/1022350,0
https://www.bath.ac.uk/person/1553502,0
https://www.bath.ac.uk/person/1620498,0
https://www.bath.ac.uk/guides/accessing-mytimetable,0
https://mytimetable.bath.ac.uk/m/,0
https://mytimetable.bath.ac.uk/,0
https://www.bath.ac.uk/professional-services/timetabling-and-room-bookings,0
https://www.bath.ac.uk/guides/your-timetable-guidance-and-help,0
https://www.bath.ac.uk/services/?f.Department+or+group%7CX=Timetabling+and+room+bookings,0
https://www.bath.ac.uk/topics/microsoft-365/,0
https://www.bath.ac.uk/publications/guidance-on-the-use-of-microsoft-teams/,0
https://www.bath.ac.uk/guides/employability-capabilities-information-for-staff/,0
https://www.bath.ac.uk/guides/university-of-bath-micro-internship-programme-information-for-students/,0
https://www.bath.ac.uk/guides/my-employability-profile/,0
https://www.bath.ac.uk/guides/bath-insights-internship-programme-information-for-departments/,0
https://www.bath.ac.uk/guides/bath-insights-internship-programme/,0
https://www.bath.ac.uk/guides/bath-insights-internship-programme-information-for-students/,0
https://www.bath.ac.uk/guides/workplace-essentials-workshop-series/,0
https://www.bath.ac.uk/guides/languages-and-employability/,0
https://www.bath.ac.uk/announcements/student-success-stories-share-your-journey/,0
https://unihub.bath.ac.uk/students/events/detail/1401771,0
https://www.bath.ac.uk/guides/the-bath-award/,0
https://www.bath.ac.uk/guides/living-in-the-uk,0
https://www.bath.ac.uk/guides/international-support-service-what-we-offer,0
https://www.bath.ac.uk/campaigns/international-student-group,0
https://www.bath.ac.uk/guides/getting-healthcare-in-the-uk-as-an-international-student,0
https://www.bath.ac.uk/guides/booking-an-international-support-service-appointment,0
https://www.bath.ac.uk/guides/overseas-travel-safety-guidance,0
https://www.bath.ac.uk/topics/harassment-is-never-ok,0
https://www.bath.ac.uk/campaigns/the-university-safezone-app/,0
https://www.bath.ac.uk/announcements/support-for-students-and-staff-affected-by-events-in-the-middle-east/,0
https://www.bath.ac.uk/announcements/watch-how-to-use-the-safezone-app/,0
https://www.bath.ac.uk/announcements/support-for-students-affected-by-international-tensions/,0
https://www.bath.ac.uk/guides/working-with-the-university-as-a-contractor-or-consultant/,0
https://www.bath.ac.uk/announcements/university-of-bath-adopts-climate-action-framework-principles-and-declares-a-climate-emergency/,0
https://www.bath.ac.uk/legal-information/responsibilities-for-maintenance-payment/,0
https://www.bath.ac.uk/legal-information/response-times-for-maintenance-and-repairs-on-campus/,0
https://www.bath.ac.uk/services/central-stores-product-catalogue/,0
https://www.bath.ac.uk/publications/asbestos-management-plan/,0
https://www.bath.ac.uk/legal-information/response-times-for-maintenance-and-repairs-in-accommodation/,0
https://www.bath.ac.uk/services/receive-email-notifications-from-the-campus-infrastructure-team/,0
https://www.bath.ac.uk/corporate-information/sustainable-power-on-campus/,0
https://www.bath.ac.uk/publications/student-protection-plan-spp/attachments/student-protection-plan.pdf,0
https://library.bath.ac.uk/research-data/data-management-plans/home,0
https://www.bath.ac.uk/guides/due-diligence-process-for-grants-with-collaborators/,0
https://www.bath.ac.uk/corporate-information/export-control-policy/,0
https://www.bath.ac.uk/locations/city-accommodation-centre/,0
https://www.bath.ac.uk/guides/download-and-install-microsoft-office-on-your-personal-device/,0
https://isecure.bath.ac.uk/securedownloads/Default.aspx,0
https://www.bath.ac.uk/services/onthehub-software-portal/,0
https://www.bath.ac.uk/corporate-information/adobe-for-education-prices/,0
https://www.bath.ac.uk/guides/working-remotely-with-uniapps-and-unidesk/,0
https://www.bath.ac.uk/guides/interest-free-loans/,0
https://www.bath.ac.uk/publications/university-of-bath-ordnance-survey-map/,0
https://lists.bath.ac.uk/sympa/info/bicycleusergroup,0
https://www.bath.ac.uk/announcements/green-park-bus-stop-temporary-location-from-monday-9-march-2026/,0
https://www.bath.ac.uk/corporate-information/using-the-pi-desktop-reporting-tool.bho,0
https://www.bath.ac.uk/corporate-information/project-costing-and-billing-invoices-in-the-universitys-finance-system.bho/,0
https://www.bath.ac.uk/corporate-information/viewing-the-admin-project-desktop-using-the-universitys-finance-system.bho,0
https://www.bath.ac.uk/corporate-information/reporting-on-individual-lines-in-a-project-budget-using-the-universitys-finance-system-on-desktop.bho,0
https://www.bath.ac.uk/corporate-information/raising-a-pcb-consultancy-invoice-using-the-universitys-finance-system-on-desktop.bho,0
https://www.bath.ac.uk/teams/process-change/,0
https://www.bath.ac.uk/publications/claiming-expenses-as-a-member-of-staff-using-the-universitys-finance-system,0
https://www.bath.ac.uk/corporate-information/deleting-a-journal-using-the-universitys-finance-system-in-desktop.bho,0
https://www.bath.ac.uk/publications/requesting-an-advance-for-university-expenses-in-the-universitys-finance-system,0
https://www.bath.ac.uk/publications/tracking-expenses-using-the-university-finance-system,0
https://www.bath.ac.uk/corporate-information/managing-purchase-orders-in-the-university-finance-system.bho,0
https://www.bath.ac.uk/corporate-information/browser-reporting-in-the-university-finance-system.bho,0
https://www.bath.ac.uk/services/log-in-to-business-world-agresso,0
https://www.bath.ac.uk/guides/customer-summary-guide.bho/,0
https://www.bath.ac.uk/guides/getting-access-to-the-universitys-finance-system.bho,0
https://www.bath.ac.uk/publications/purchasing-in-the-universitys-finance-system/,0
https://www.bath.ac.uk/publications/approving-expenses-claims-using-the-university-finance-system,0
https://www.bath.ac.uk/guides/sales-order-summary-guide.bho/,0
https://www.bath.ac.uk/corporate-information/creating-a-project-costing-and-billing-invoice-using-the-universitys-finance-system-on-desktop.bho,0
https://www.bath.ac.uk/corporate-information/budgets-and-commitments-in-the-universitys-finance-system.bho,0
https://www.bath.ac.uk/publications/claiming-expenses-as-a-student-using-the-universitys-finance-system,0
https://www.bath.ac.uk/corporate-information/receiving-your-goods-and-tracking-your-order-in-the-university-finance-system.bho,0
https://www.bath.ac.uk/publications/workflow-tasks-in-the-universitys-finance-system,0
https://www.bath.ac.uk/corporate-information/managing-virements-of-reporting-budgets-using-the-universitys-finance-system-on-desktop.bho,0
https://www.bath.ac.uk/corporate-information/summary-research-portfolio-reports-in-the-university-finance-system.bho,0
https://www.bath.ac.uk/corporate-information/journals-in-the-universitys-finance-system.bho,0
https://www.bath.ac.uk/corporate-information/ordering-goods-and-services-from-internal-suppliers-in-the-university-finance-system.bho,0
https://www.bath.ac.uk/publications/substitutes-in-the-universitys-finance-system,0
https://www.bath.ac.uk/corporate-information/how-to-see-where-your-journal-is-in-workflow-on-the-universitys-finance-system.bho,0
http://www.bath.ac.uk/person/505243,0
https://www.bath.ac.uk/corporate-information/reports-in-the-universitys-finance-system.bho/,0
https://www.bath.ac.uk/corporate-information/entering-general-ledger-transactions-using-the-universitys-finance-system.bho,0
https://www.bath.ac.uk/corporate-information/purchasing-products-from-the-marketplace-using-the-universitys-finance-system.bho,0
https://www.bath.ac.uk/corporate-information/entering-individual-life-to-date-budgets-using-the-universitys-finance-system-on-desktop.bho,0
https://www.bath.ac.uk/corporate-information/agresso-training-courses,0
https://www.bath.ac.uk/corporate-information/attaching-a-document-to-a-journal-using-the-universitys-finance-system.bho,0
https://www.bath.ac.uk/corporate-information/research-portfolio-reports-in-the-university-finance-system.bho,0
https://www.bath.ac.uk/corporate-information/purchasing-products-from-non-marketplace-suppliers-using-the-universitys-finance-system.bho,0
https://www.bath.ac.uk/corporate-information/exporting-data-to-excel-using-the-universitys-finance-system.bho,0
https://www.bath.ac.uk/corporate-information/mr-nigel-owens-mbe-oration/,0
https://www.bath.ac.uk/corporate-information/summer-graduation-ceremony-timings,0
https://www.bath.ac.uk/corporate-information/sheila-flavell-oration/,0
https://www.bath.ac.uk/corporate-information/adam-leon-smith-oration/,0
https://www.bath.ac.uk/corporate-information/maggie-alphonsi-mbe-oration/,0
https://www.bath.ac.uk/corporate-information/dr-john-harris-oration/,0
https://www.bath.ac.uk/corporate-information/jenni-thomas-obe-oration/,0
https://www.bath.ac.uk/corporate-information/rob-bell-oration/,0
https://www.bath.ac.uk/corporate-information/dr-anne-marie-imafidon/,0
https://www.bath.ac.uk/corporate-information/claire-smith-bsc-mst-ceng-mice-fistructe-oration/,0
https://www.bath.ac.uk/corporate-information/dame-dawn-childs-dbe-freng-oration/,0
https://www.bath.ac.uk/corporate-information/chris-watt-oration,0
https://www.bath.ac.uk/corporate-information/dr-nicky-kemp-oration/,0
https://www.bath.ac.uk/corporate-information/simon-boas-oration/,0
https://www.bath.ac.uk/corporate-information/gareth-john-danby-owen-oration/,0
https://www.bath.ac.uk/corporate-information/graduation-reception-photos-january-2026/,0
https://www.bath.ac.uk/corporate-information/richard-mills-oration/,0
https://www.bath.ac.uk/corporate-information/professor-dame-melanie-welham-oration/,0
https://www.bath.ac.uk/corporate-information/dates-of-future-graduation-ceremonies,0
https://www.bath.ac.uk/corporate-information/graduation-reception-photos-january-2026,0
https://www.bath.ac.uk/corporate-information/andreas-wasmuht-oration/,0
https://www.bath.ac.uk/corporate-information/andreas-wasmuht-oration,0
https://www.bath.ac.uk/corporate-information/cordelia-ohara-obe-fei-oration/,0
https://www.bath.ac.uk/corporate-information/maggie-alphonsi-mbe-oration,0
https://www.bath.ac.uk/corporate-information/lawrence-churchill-cbe-oration/,0
https://www.bath.ac.uk/corporate-information/sunil-bharti-mittal-kbe-oration/,0
https://www.bath.ac.uk/corporate-information/david-mcnulty-mbe-oration/,0
https://www.bath.ac.uk/corporate-information/?meta_label_and=graduation&f.Type%7CY=Speech,0
https://www.bath.ac.uk/corporate-information/robin-hayes-oration/,0
https://www.bath.ac.uk/corporate-information/brian-schofield-oration/,0
https://www.bath.ac.uk/corporate-information/professor-sir-mark-welland/,0
https://www.bath.ac.uk/corporate-information/anne-mcclain-oration/,0
https://www.bath.ac.uk/corporate-information/simon-boas-oration,0
https://www.bath.ac.uk/corporate-information/jenni-thomas-obe-oration,0
https://www.bath.ac.uk/corporate-information/chris-watt-oration/,0
https://www.bath.ac.uk/corporate-information/alex-lewis-oration,0
https://www.bath.ac.uk/corporate-information/dates-of-future-graduation-ceremonies/,0
https://www.bath.ac.uk/corporate-information/mr-vittorio-colao/,0
https://www.bath.ac.uk/corporate-information/alex-lewis-oration/,0
http://www.bath.ac.uk/topics/graduation-ceremonies/,0
https://status.bath.ac.uk/maintenance/839866?mp=true,0
https://status.bath.ac.uk/maintenance/812701?mp=true,0
https://status.bath.ac.uk/maintenance/839865,0
https://status.bath.ac.uk/incidents,0
https://status.bath.ac.uk/incident/845985?mp=true,0
https://status.bath.ac.uk/maintenance,0
https://status.bath.ac.uk/incident/845174?mp=true,0
https://status.bath.ac.uk/incident/823363?mp=true,0
https://status.bath.ac.uk/maintenance/839862?mp=true,0
https://unihub.bath.ac.uk/providers/saml/SsoPostRedirect/1?returnUrl=%2Fs%2Fmyskills,0
https://unihub.bath.ac.uk/students/login?ReturnUrl=%2fs%2fmyskills,0
https://unihub.bath.ac.uk/students/who?ReturnUrl=%2Fs%2Fmyskills,0
http://status.bath.ac.uk/,0
https://www.bath.ac.uk/professional-services/it-purchasing,0
https://www.bath.ac.uk/guides/bite-sized-cyber-security-training-with-metacompliance,0
https://www.bath.ac.uk/campaigns/it-security-best-practice,0
https://www.bath.ac.uk/guides/your-university-file-storage-options,0
https://www.bath.ac.uk/guides/getting-started-with-sharepoint,0
https://www.bath.ac.uk/guides/preparing-yourself-for-learning,0
https://www.bath.ac.uk/professional-services/research-computing,0
https://www.bath.ac.uk/guides/connecting-to-wi-fi,0
https://www.bath.ac.uk/professional-services/audio-visual-services-event-support,0
https://www.bath.ac.uk/teams/ddat-leadership-team,0
https://www.bath.ac.uk/guides/getting-it-or-av-support-and-advice,0
https://www.bath.ac.uk/professional-services/assistive-technology,0
https://www.bath.ac.uk/guides/reset-or-change-your-university-password,0
https://www.bath.ac.uk/topics/microsoft-365,0
https://www.bath.ac.uk/guides/preparing-yourself-to-work-from-home,0
https://www.bath.ac.uk/guides/multi-factor-authentication-mfa-at-the-university,0
https://www.bath.ac.uk/corporate-information/discover-ddats-self-help-guides-and-self-service-portal-menu,0
https://www.bath.ac.uk/teams/ddat-management-team,0
https://www.bath.ac.uk/guides/identifying-phishing-scams-and-fake-emails,0
https://www.bath.ac.uk/campaigns/vaccinations-you-need-before-starting-university/,0
https://unihub.bath.ac.uk/students/events/detail/1497059,0
https://unihub.bath.ac.uk/students/events/detail/1497060,0
https://www.bath.ac.uk/professional-services/skills-centre,0
https://www.bath.ac.uk/announcements/?f.Department+or+group%7CX=Skills+Centre,0
https://www.bath.ac.uk/announcements/digital-genai-skills-workshops-creating-effective-academic-videos-and-designing-academic-posters/,0
https://unihub.bath.ac.uk/s/myskills/events?eventTypeIds=127&page=1&studentSiteId=23,0
https://www.bath.ac.uk/publications/individual-mitigating-circumstances-assessment-imca-principles-procedures/attachments/imca-vh.pdf,0
https://www.bath.ac.uk/guides/individual-mitigating-circumstances-imcs/,0
https://www.bath.ac.uk/publications/individual-mitigating-circumstances-assessment-imca-principles-procedures/attachments/imca.pdf,0
https://www.bath.ac.uk/publications/individual-mitigating-circumstances-imc-policy/,0
https://www.bath.ac.uk/professional-services/campus-infrastructure,0
https://www.bath.ac.uk/services/?f.Department+or+group%7CX=Campus+Infrastructure,0
https://www.bath.ac.uk/https://www.bath.ac.uk/publications/claverton-down-campus-map/attachments/university-campus-map.pdf,0
https://www.bath.ac.uk/guides/get-it-equipment-to-help-you-study/,0
https://connect.bath.ac.uk/,0
https://www.bath.ac.uk/guides/connecting-your-devices-to-the-internet-in-student-accommodation/,0
https://www.bath.ac.uk/campaigns/beware-of-phishing-and-fraud/,0
https://www.bath.ac.uk/guides/setting-up-vpn-on-your-device/,0
https://www.bath.ac.uk/guides/accessing-your-university-email-and-calendar,0
https://www.bath.ac.uk/guides/registering-with-the-university/,0
https://www.bath.ac.uk/locations/assistive-technology-room/,0
https://www.bath.ac.uk/topics/university-print-service/,0
https://www.bath.ac.uk/guides/your-university-file-storage-options/,0
https://www.bath.ac.uk/corporate-information/software-available-from-the-assistive-technology-team/,0
https://www.bath.ac.uk/guides/preparing-yourself-for-learning/,0
https://www.bath.ac.uk/announcements/domestic-violence-and-abuse-university-support-and-national-services/,0
https://www.bath.ac.uk/publications/course-level-survey-questions/,0
https://www.bath.ac.uk/announcements/student-survey-2025-prize-winners-announced/,0
https://www.bath.ac.uk/campaigns/take-part-in-the-course-level-survey/,0
https://www.bath.ac.uk/campaigns/complete-your-student-survey-and-enter-a-prize-draw/,0
https://www.bath.ac.uk/campaigns/take-part-in-the-national-student-survey-nss/,0
https://unihub.bath.ac.uk/students/events/detail/1563351,0
https://unihub.bath.ac.uk/s/myemployability,0
https://www.bath.ac.uk/events/bath-award-my-employability-profile-drop-in-16-march-2026/,0
https://www.bath.ac.uk/announcements/discover-new-digital-genai-skills-workshops-in-semester-2/,0
https://unihub.bath.ac.uk/students/workflows/detail/62,0
https://www.bath.ac.uk/guides/counselling-and-therapy-services-in-the-bath-area,0
https://www.bath.ac.uk/professional-services/therapeutic-service/,0
https://www.bath.ac.uk/topics/collaborate-with-us/,0
https://www.bath.ac.uk/routing/new-students/,0
https://www.bath.ac.uk/publications/staying-covid-19-secure/,0
https://www.bath.ac.uk/publications/transparency-information/,0
https://www.bath.ac.uk/library/exampapers/matching-ct-papers.xlsx,0
https://www.bath.ac.uk/professional-services/development-alumni-relations/,0
https://www.bath.ac.uk/locations/campus-infrastructure-building/,0
https://www.bath.ac.uk/announcements/?f.Department+or+group%7CX=Campus+Infrastructure,0
https://www.bath.ac.uk/announcements/wessex-house-south-lift-replacement/,0
https://www.bath.ac.uk/person/1723888,0
https://www.bath.ac.uk/publications/regulations-for-students-2025-26/attachments/regulations-for-students-2025-26-18-freedom-of-expression_01_sep-25.pdf,0
https://blogs.bath.ac.uk/lgbtqplus-inclusion/2026/03/03/campus-pride-2026-tickets-now-available/?ki-cf-botcl=1,0
https://www.bath.ac.uk/services/?f.Department+or+group%7CX=Student+Accommodation,0
https://www.bath.ac.uk/legal-information/information-classification-labelling-and-handling-policy,0
https://www.bath.ac.uk/guides/services-for-users-with-disabilities/,0
https://www.bath.ac.uk/forms/convert-a-file-using-sensusaccess/,0
https://www.bath.ac.uk/campaigns/take-part-in-the-postgraduate-research-experience-survey-pres/,0
https://www.bath.ac.uk/campaigns/take-part-in-the-postgraduate-taught-experience-survey-ptes/,0
https://www.bath.ac.uk/publications/postgraduate-taught-experience-survey-ptes-questions/,0
https://purehost.bath.ac.uk/admin/,0
http://www.bath.ac.uk/contact,0
http://www.bath.ac.uk/library/your-photo,0
https://www.bath.ac.uk/guides/library-services-for-university-alumni/,0
https://www.bath.ac.uk/guides/online-resources-for-university-alumni/,0
https://www.bath.ac.uk/guides/library-services-for-visitors/,0
https://www.bath.ac.uk/guides/university-of-bath-library-card-access-queries/,0
https://library.bath.ac.uk/getting-a-library-card,0
https://www.bath.ac.uk/guides/self-issue-library-books/,0
https://www.bath.ac.uk/guides/problems-with-my-university-of-bath-library-card/,0
https://www.bath.ac.uk/corporate-information/employee-discounts.bho/,0
https://www.bath.ac.uk/guides/request-a-review-of-a-stage-1-academic-appeal-outcome/,0
http://go.bath.ac.uk/regulations,0
https://www.bath.ac.uk/publications/stage-1-academic-appeal-form/,0
https://www.bath.ac.uk/guides/reasons-and-evidence-for-requesting-a-coursework-extension-or-imc/,0
https://www.bath.ac.uk/publications/regulations-for-students-2023-24/,0
https://www.bath.ac.uk/campaigns/the-independent-advisor-service-for-postgraduate-research-students/,0
https://www.bath.ac.uk/guides/arts-creative-societies-for-students,0
https://www.bath.ac.uk/guides/vocal-instrument-tuition,0
https://www.bath.ac.uk/guides/dental-emergencies/,0
https://www.bath.ac.uk/teams/dental-centre-staff,0
https://www.bath.ac.uk/locations/university-of-bath-dental-centre/,0
https://www.bath.ac.uk/guides/dental-services-available/,0
https://www.bath.ac.uk/guides/dental-emergencies,0
https://www.bath.ac.uk/corporate-information/nhs-dental-charges.bho,0
https://www.bath.ac.uk/corporate-information/nhs-dental-charges.bho/,0
https://www.bath.ac.uk/corporate-information/dental-centre-feedback,0
https://www.bath.ac.uk/services/university-of-bath-dental-centre-new-patient-application,0
https://www.bath.ac.uk/guides/dental-appointments,0
https://www.bath.ac.uk/guides/join-the-dental-centre,0
https://www.bath.ac.uk/locations/university-of-bath-dental-centre,0
https://www.bath.ac.uk/corporate-information/childrens-oral-health,0
https://www.bath.ac.uk/guides/dental-appointments/,0
https://www.bath.ac.uk/guides/dental-services-available,0
https://library.bath.ac.uk/endnote-desktop,0
https://library.bath.ac.uk/referencing/plagiarism,0
https://library.bath.ac.uk/referencing/vancouver,0
https://library.bath.ac.uk/referencing/ieee,0
https://library.bath.ac.uk/overleaf,0
https://library.bath.ac.uk/referencing/other-styles,0
https://library.bath.ac.uk/referencing/key-principles,0
https://library.bath.ac.uk/referencing/home,0
https://library.bath.ac.uk/images/referencing,0
https://library.bath.ac.uk/referencing/reference-management,0
https://library.bath.ac.uk/referencing/apa-7,0
https://library.bath.ac.uk/zotero,0
https://library.bath.ac.uk/referencing/rsc,0
https://library.bath.ac.uk/referencing/harvard-bath,0
https://library.bath.ac.uk/endnote-online/,0
https://library.bath.ac.uk/referencing/download-endnote,0
https://www.bath.ac.uk/locations/sports-training-village-stv/,0
https://www.bath.ac.uk/locations/campus-bus-terminus/,0
https://www.bath.ac.uk/publications/campus-accessibility-map/attachments/university-campus-accessibility-map.pdf,0
https://www.bath.ac.uk/guides/reset-or-change-your-university-password/,0
https://www.bath.ac.uk/services/submit-an-it-or-av-support-enquiry-online,0
https://www.bath.ac.uk/forms/reset-your-university-password/,0
https://www.bath.ac.uk/publications/fresh-shop-sensory-map/,0
https://www.bath.ac.uk/locations/post-office/,0
https://www.bath.ac.uk/locations/?f.Department+or+group%7CX=ahs+Retail+Operations,0
https://www.bath.ac.uk/guides/leave-no-trace/,0
https://reslife.bath.ac.uk/story/38478938/all-about-fresh,0
https://www.bath.ac.uk/guides/be-more-scam-aware-at-university,0
https://www.bath.ac.uk/corporate-information/?meta_label_and=undergraduate&meta_label_and=fees&f.Department+or+group|X=University+of+Bath,0
https://www.bath.ac.uk/legal-information/terms-and-conditions-for-tuition-fee-payment,0
https://www.bath.ac.uk/groups/undergraduate-admissions-office,0
https://www.bath.ac.uk/topics/tuition-fees,0
https://www.bath.ac.uk/teams/central-postgraduate-taught-admissions,0
http://www.bath.ac.uk/corporate-information/?meta_label_and=postgraduateresearch&meta_label_and=previousfees&start_rank=1,0
https://www.bath.ac.uk/professional-services/digital-data-and-technology,0
https://www.bath.ac.uk/services/?f.Department+or+group%7CX=Digital%2C+Data+and+Technology,0
https://www.bath.ac.uk/guides/tools-help-and-advice-to-support-technology-enhanced-learning,0
https://www.bath.ac.uk/professional-services/centre-for-learning-teaching,0
https://www.bath.ac.uk/services/?f.Department+or+group%7CX=Centre+for+Learning+%26+Teaching,0
https://www.bath.ac.uk/guides/get-proof-that-you-are-a-student,0
https://www.bath.ac.uk/guides/keep-your-contact-details-up-to-date,0
https://www.bath.ac.uk/guides/get-a-copy-of-your-certificate,0
https://www.bath.ac.uk/guides/change-your-name-gender-and-pronouns-as-a-graduate-or-former-student,0
https://www.bath.ac.uk/legal-information/data-protection-statement-for-student-registration,0
https://www.bath.ac.uk/guides/get-proof-you-were-a-student-at-bath,0
https://www.bath.ac.uk/guides/council-tax,0
https://www.bath.ac.uk/guides/change-your-name-gender-and-pronouns-as-a-current-student,0
https://www.bath.ac.uk/guides/verify-an-award,0
https://www.bath.ac.uk/guides/student-trusted-contact-guidance,0
https://www.bath.ac.uk/guides/academic-transcripts,0
https://www.bath.ac.uk/guides/managing-data-for-the-university,0
https://unihub.bath.ac.uk/s/myskills/appointments/app/topic/35?siteId=3,0
https://www.bath.ac.uk/locations/fresh,0
https://www.bath.ac.uk/locations/pavilion-cafe,0
https://www.bath.ac.uk/locations/4w-cafe,0
https://www.bath.ac.uk/corporate-information/products-services-suppliers-and-contracts.bho,0
https://www.bath.ac.uk/legal-information/food-safety-policy,0
https://www.bath.ac.uk/locations/fountain-canteen,0
https://www.bath.ac.uk/announcements/top-10-sustainable-food-successes,0
https://www.bath.ac.uk/publications/hospitality-outlets-map,0
https://www.bath.ac.uk/guides/how-bath-go-works,0
https://www.bath.ac.uk/announcements/food-outlet-monthly-opening-times,0
https://www.bath.ac.uk/campaigns/our-fairtrade-commitment,0
https://www.bath.ac.uk/publications/food-direct-allergens,0
https://www.bath.ac.uk/guides/order-food-and-drink-for-your-event,0
https://www.bath.ac.uk/guides/using-your-eat-and-drink-credit,0
https://www.bath.ac.uk/locations/sports-cafe,0
https://www.bath.ac.uk/locations/lime-tree,0
https://www.bath.ac.uk/publications/food-supplier-questionnaire,0
https://www.bath.ac.uk/publications/food-direct-menu,0
http://www.bath.ac.uk/locations/?f.Department+or+group%7CX=Food-and-drink,0
https://www.bath.ac.uk/topics/bath-go,0
https://www.bath.ac.uk/legal-information/terms-and-conditions-for-eat-and-drink-credit,0
https://www.bath.ac.uk/locations/?f.Department+or+group%7CX=Food-and-drink,0
https://cafm.bath.ac.uk/archibus/login.axvw,0
https://www.bath.ac.uk/services/report-an-accessibility-issue,0
https://www.bath.ac.uk/publications/prepare-your-documents-for-submission-in-inspera,0
https://www.bath.ac.uk/publications/rule-2-conduct-of-examinations,0
https://www.bath.ac.uk/guides/preparing-for-exams,0
https://www.bath.ac.uk/guides/exam-anxiety,0
https://www.bath.ac.uk/guides/academic-misconduct-cheating-in-exams,0
https://blogs.bath.ac.uk/academic-and-employability-skills/2022/03/02/moving-on-from-disappointing-results/,0
https://www.bath.ac.uk/guides/submitting-an-individual-mitigating-circumstances-imc-claim,0
https://www.bath.ac.uk/topics/assessment-regulations/,0
https://assessment.bath.ac.uk/,0
https://www.bath.ac.uk/corporate-information/exam-schedule,0
https://www.bath.ac.uk/guides/academic-decision-codes,0
https://www.bath.ac.uk/guides/support-to-prepare-you-for-exams,0
https://www.bath.ac.uk/guides/alternative-arrangements-for-exams-disability-access-plans,0
https://www.bath.ac.uk/guides/exams-help-and-advice,0
https://www.bath.ac.uk/announcements/get-your-results,0
https://www.bath.ac.uk/guides/appealing-against-an-academic-decision,0
https://www.bath.ac.uk/legal-information/academic-integrity-statement,0
https://www.bath.ac.uk/guides/late-exam-submission,0
https://www.bath.ac.uk/guides/understanding-your-results.bho,0
https://www.bath.ac.uk/guides/reasons-and-evidence-for-requesting-a-coursework-extension-or-imc,0
https://blogs.bath.ac.uk/academic-and-employability-skills/category/exams/,0
https://www.bath.ac.uk/guides/coursework-extensions,0
https://www.bath.ac.uk/guides/feedback-on-your-assignments-what-it-is-and-how-to-use-it,0
https://unihub.bath.ac.uk/students/links/detail/454,0
https://www.bath.ac.uk/guides/in-person-inspera-exams-2025,0
https://www.bath.ac.uk/guides/rules-on-uploading-documents-to-genai-tools-or-third-party-websites,0
https://www.bath.ac.uk/guides/individual-mitigating-circumstances-imcs,0
https://www.bath.ac.uk/publications/student-exam-handbook,0
https://blogs.bath.ac.uk/pvc-student-experience/2026/03/10/university-mental-health-day-2026/?ki-cf-botcl=1,0
https://www.bath.ac.uk/teams/student-immigration-service,0
https://www.bath.ac.uk/guides/student-visa-extension-service,0
https://www.bath.ac.uk/guides/placements-as-a-full-time-student-visa-holder,0
https://www.bath.ac.uk/topics/visas,0
https://www.bath.ac.uk/locations/?f.Department+or+group%7CX=Digital%2C+Data+and+Technology,0
https://www.bath.ac.uk/locations/green-park-house/,0
https://www.bath.ac.uk/locations/10-east/,0
https://www.bath.ac.uk/locations/the-library/,0
https://www.bath.ac.uk/campaigns/study-and-get-support-at-the-virgil-building/,0
https://www.bath.ac.uk/locations/10-west-graduate-commons/,0
https://www.bath.ac.uk/locations/norwood-house-study-space/,0
https://www.bath.ac.uk/publications/qa33-academic-advising/,0
https://www.bath.ac.uk/publications/statement-of-expectations-for-academic-advising/,0
https://www.bath.ac.uk/locations/campus-infrastructure-building,0
https://www.bath.ac.uk/legal-information/campus-infrastructure-sustainability-statement,0
https://www.bath.ac.uk/corporate-information/what-campus-infrastructure-does,0
https://www.bath.ac.uk/guides/working-with-the-university-as-a-contractor-or-consultant,0
https://www.bath.ac.uk/publications/campus-infrastructure-organisational-structure,0
https://www.bath.ac.uk/legal-information/response-times-for-maintenance-and-repairs-in-accommodation,0
https://www.bath.ac.uk/corporate-information/our-university-carbon-footprint,0
https://www.bath.ac.uk/services/report-a-maintenance-issue-in-your-workplace,0
https://www.bath.ac.uk/campaigns/join-our-campus-infrastructure-department,0
https://www.bath.ac.uk/legal-information/sustainability-policy,0
https://www.bath.ac.uk/publications/asbestos-management-plan,0
https://www.bath.ac.uk/legal-information/responsibilities-for-maintenance-payment,0
https://www.bath.ac.uk/legal-information/response-times-for-maintenance-and-repairs-on-campus,0
https://www.bath.ac.uk/guides/what-to-do-if-you-smell-gas,0
https://www.bath.ac.uk/services/receive-email-notifications-from-the-campus-infrastructure-team,0
https://www.bath.ac.uk/topics/library-reader-services/,0
https://library.bath.ac.uk/social-policy-sciences,0
https://library.bath.ac.uk/electronic-electrical-engineering,0
https://library.bath.ac.uk/mechanical-engineering,0
https://library.bath.ac.uk/polis,0
https://library.bath.ac.uk/natural-sciences,0
https://library.bath.ac.uk/trainingevents/researchers,0
https://library.bath.ac.uk/staff-support,0
https://library.bath.ac.uk/induction,0
https://library.bath.ac.uk/mathematical-sciences,0
https://library.bath.ac.uk/document-delivery/inter-library-loans,0
https://library.bath.ac.uk/biosciences,0
https://library.bath.ac.uk/computer-science,0
https://library.bath.ac.uk/readingforpleasure,0
https://library.bath.ac.uk/research-data,0
https://library.bath.ac.uk/chemistry,0
https://library.bath.ac.uk/management,0
https://library.bath.ac.uk/linkedin-learning/student-success,0
https://library.bath.ac.uk/pharmacy-pharmacology,0
https://library.bath.ac.uk/economics,0
https://library.bath.ac.uk/chemical-engineering,0
https://library.bath.ac.uk/library-services-for-users-with-disabilities,0
https://library.bath.ac.uk/education,0
https://library.bath.ac.uk/architecture-civil-engineering,0
https://library.bath.ac.uk/copy-print,0
https://library.bath.ac.uk/remote-access,0
https://www.bath.ac.uk/announcements/welcome-to-the-new-and-improved-library-nook/,0
https://www.bath.ac.uk/guides/library-video-guides/,0
https://www.bath.ac.uk/guides/library-a-z/,0
https://library.bath.ac.uk/health,0
https://library.bath.ac.uk/physics,0
https://library.bath.ac.uk/psychology,0
https://www.bath.ac.uk/guides/support-when-reporting-an-incident/,0
https://www.bath.ac.uk/guides/connecting-to-uob-iot-if-you-cannot-connect-to-eduroam/,0
https://www.bath.ac.uk/legal-information/dignity-and-respect-policy/,0
https://www.bath.ac.uk/publications/regulations-for-students-2024-25/attachments/regulations-for-students-2024-25-appendix-1-students-complaint-policy-and-procedure.pdf,0
https://www.bath.ac.uk/publications/regulations-for-student-apprentices-2025-26/attachments/regulations-for-student-apprentices-2025-26_01_sep_2025.pdf,0
https://www.bath.ac.uk/publications/regulations-for-students-2025-26/attachments/regulations-for-students-2025-26-appendix-1-students-complaint-policy-and-procedure.pdf,0
https://www.bath.ac.uk/publications/student-complaints-procedure/,0
https://www.bath.ac.uk/publications/student-complaints-form/,0
https://blogs.bath.ac.uk/be-well/2026/02/18/be-well-week-timetable/,0
https://blogs.bath.ac.uk/be-well/,0
https://www.bath.ac.uk/campaigns/six-ways-to-be-well/,0
https://unihub.bath.ac.uk/students/events/Type/23/wellbeing-activities,0
https://www.bath.ac.uk/guides/examples-of-academic-misconduct/,0
https://www.bath.ac.uk/publications/academic-misconduct-review-request-form/,0
https://www.bath.ac.uk/guides/confidential-notifications-of-suspected-academic-misconduct/,0
https://www.bath.ac.uk/publications/academic-misconduct-process-summary-flowchart/,0
https://www.bath.ac.uk/guides/presentation-of-learning/,0
https://www.bath.ac.uk/campaigns/academic-integrity-training-and-test/,0
https://ethics.bath.ac.uk/Home/Faq,0
https://ethics.bath.ac.uk/Authentication/Index,0
https://ethics.bath.ac.uk/Home/Contact,0
https://ethics.bath.ac.uk/Home/About,0
https://www.bath.ac.uk/announcements/new-user-interface-for-ethics-bath/,0
https://ethics.bath.ac.uk/Home/Help,0
https://ethics.bath.ac.uk/Home/Terms,0
https://www.bath.ac.uk/guides/changes-to-the-ethics-bath-form/,0
https://ethics.bath.ac.uk/Home/Privacy,0
https://ethics.bath.ac.uk/Home/Template,0
https://www.bath.ac.uk/publications/insufficient-funds-guide/,0
https://www.bath.ac.uk/announcements/what-to-do-if-you-encounter-an-insufficient-funds-message-when-printing/,0
https://www.bath.ac.uk/profiles/vice-chancellor-and-president-phil-taylor/,0
https://www.bath.ac.uk/announcements/university-of-bath-ranks-9th-in-daily-mail-uni-guide-2026-shortlisted-for-university-of-the-year/,0
https://www.bath.ac.uk/profiles/pro-vice-chancellor-student-experience-and-sport-cassie-wilson/,0
https://www.bath.ac.uk/courses/undergraduate-2026/chemical-engineering/,0
https://www.bath.ac.uk/courses/undergraduate-2026/social-work/bsc-social-work-and-applied-social-studies/,0
https://www.bath.ac.uk/courses/undergraduate-2025/criminology/bsc-criminology-with-professional-placement/,0
https://www.bath.ac.uk/courses/undergraduate-2025/accounting-and-finance/,0
https://www.bath.ac.uk/courses/undergraduate-2026/sport-exercise-and-health/,0
https://www.bath.ac.uk/announcements/bath-ranked-8th-in-guardian-university-guide-2026/,0
https://www.bath.ac.uk/announcements/our-new-cryogenic-engineering-course-is-a-hit/,0
https://www.bath.ac.uk/campaigns/become-a-member-of-our-ptmc-consortium,0
https://www.bath.ac.uk/campaigns/centre-for-power-transmission-motion-control-cpd-courses-for-industry/,0
https://www.bath.ac.uk/campaigns/fpmc-bath-asme-symposium-on-fluid-power-and-motion-control/,0
https://www.bath.ac.uk/corporate-information/vibration-test-facility-multi-axis-simulation-table,0
https://www.bath.ac.uk/publications/fluid-power-motion-control-symposium-past-contents,0
https://www.bath.ac.uk/campaigns/fpmc-bath-symposium-on-fluid-power-and-motion-control,0
https://www.bath.ac.uk/case-studies/centre-for-power-transmission-motion-control-software,0
https://www.bath.ac.uk/campaigns/how-you-can-work-with-our-centre-for-power-transmission-motion-control,0
https://www.bath.ac.uk/publications/centre-for-power-transmission-motion-control-report-the-first-50-years,0
https://www.bath.ac.uk/campaigns/how-you-can-work-with-our-centre-for-power-transmission-motion-control/,0
https://www.bath.ac.uk/corporate-information/the-economic-impact-of-the-university/,0
https://www.bath.ac.uk/publications/the-economic-impact-of-the-university-of-bath/,0
https://www.bath.ac.uk/profiles/faculty-of-engineering-design-associate-dean-education-marion-harney/,0
https://www.bath.ac.uk/announcements/prof-marion-harney-appointed-bath-world-heritage-site-advisory-board-chair/,0
https://www.bath.ac.uk/campaigns/inspire-your-students-with-our-school-outreach-activities/,0
https://www.bath.ac.uk/chemistry/research/,0
https://www.bath.ac.uk/projects/environment-and-health/,0
https://www.bath.ac.uk/campaigns/5-reasons-to-study-chemistry-at-bath/,0
https://www.bath.ac.uk/research-facilities/david-bullett-nanofabrication-facility/,0
https://www.bath.ac.uk/teams/department-of-chemistry-research-staff/,0
https://www.bath.ac.uk/teams/department-of-chemistry-technical-staff/,0
https://www.bath.ac.uk/research-centres/materials-and-structures-centre/,0
https://www.bath.ac.uk/projects/materials-interfaces/,0
https://www.bath.ac.uk/courses/search/?sort=metat&sort=metat&sort=metat&&sort=&f.Type+of+course%7CC=postgraduate+research&f.Department+or+faculty%7CG=Department+of+Chemistry,0
https://www.bath.ac.uk/courses/postgraduate-2026/taught-postgraduate-courses/msc-drug-discovery/,0
https://www.bath.ac.uk/departments/department-of-chemistry,0
https://www.bath.ac.uk/teams/?f.Department+or+group%7CX=Department+of+Chemistry,0
https://www.bath.ac.uk/research-facilities/material-and-chemical-characterisation-facility-mc2/,0
https://www.bath.ac.uk/courses/undergraduate-2027/chemistry/,0
https://www.bath.ac.uk/projects/digital-analysis/,0
https://www.bath.ac.uk/teams/department-of-chemistry-professional-services-staff,0
https://www.bath.ac.uk/publications/graduate-outcomes-for-chemistry,0
https://www.bath.ac.uk/projects/synthesis-catalysis/,0
https://www.bath.ac.uk/teams/department-of-chemistry-academic-staff/,0
https://www.bath.ac.uk/campaigns/5-reasons-to-study-mathematics-at-bath/,0
https://www.bath.ac.uk/publications/graduate-outcomes-for-mathematical-sciences,0
https://www.bath.ac.uk/courses/postgraduate-2026/taught-postgraduate-courses/msc-financial-mathematics-with-data-science/,0
https://www.bath.ac.uk/courses/search/?sort=metat&sort=metat&sort=metat&&sort=&f.Type+of+course%7CC=postgraduate+research&f.Department+or+faculty%7CG=Department+of+Mathematical+Sciences,0
http://www.bath.ac.uk/teams/?f.Department+or+group%7CX=Department+of+Mathematical+Sciences,0
https://www.bath.ac.uk/teams/department-of-mathematical-sciences-academic-staff/,0
https://www.bath.ac.uk/departments/department-of-mathematical-sciences,0
https://www.bath.ac.uk/campaigns/mathematics-outreach-activities/,0
https://www.bath.ac.uk/courses/undergraduate-2027/mathematical-sciences/,0
https://www.bath.ac.uk/teams/department-of-mathematical-sciences-research-staff/,0
https://www.bath.ac.uk/teams/department-of-mathematical-sciences-professional-services-staff/,0
https://www.bath.ac.uk/courses/postgraduate-2026/taught-postgraduate-courses/msc-statistics-and-data-science/,0
https://www.bath.ac.uk/teams/department-of-mathematical-sciences-postgraduate-research-students/,0
https://www.bath.ac.uk/events/business-breakfast/,0
https://www.bath.ac.uk/guest-accommodation/booking-guest-accommodation/+441225383441,0
https://www.bath.ac.uk/forms/group-accommodation-enquiry-form/,0
https://www.bath.ac.uk/corporate-information/accommodation-accessibility,0
https://www.bath.ac.uk/campaigns/minerva-series-of-lectures/,0
https://blogs.bath.ac.uk/civic-engagement/2025/07/29/global-talent-fund/?ki-cf-botcl=1,0
https://www.bath.ac.uk/announcements/four-of-baths-anchor-institutions-join-forces-to-improve-the-wellbeing-of-the-b-nes-region/,0
https://www.bath.ac.uk/announcements/bath-quays-north-regeneration-partnership-announced/,0
https://www.bath.ac.uk/campaigns/sponsor-a-school-of-management-undergraduate-project-and-get-help-with-your-business-issue/,0
https://www.bath.ac.uk/teams/foreign-languages-staff/,0
https://www.bath.ac.uk/guides/french-courses-for-members-of-the-public/,0
https://unihub.bath.ac.uk/s/myskills/Workflows/Detail/260,0
https://www.bath.ac.uk/guides/arabic-courses-for-members-of-the-public/,0
https://www.bath.ac.uk/guides/learning-a-foreign-language-alongside-your-studies-or-work/,0
https://www.bath.ac.uk/guides/german-courses-for-members-of-the-public/,0
https://www.bath.ac.uk/guides/italian-courses-for-members-of-the-public/,0
https://www.bath.ac.uk/guides/mandarin-chinese-courses-for-members-of-the-public/,0
https://www.bath.ac.uk/guides/spanish-courses-for-members-of-the-public/,0
https://www.bath.ac.uk/guides/foreign-language-courses-for-members-of-the-public/,0
https://www.bath.ac.uk/publications/language-course-terms-and-conditions-for-members-of-the-public/,0
https://www.bath.ac.uk/campaigns/language-cafe/,0
https://www.bath.ac.uk/announcements/university-of-bath-generates-over-half-a-billion-pounds-for-local-economy-new-report/,0
https://www.bath.ac.uk/announcements/the-brunel-centre-opens-to-power-sustainable-and-inclusive-growth-for-the-west-of-england/,0
https://www.bath.ac.uk/case-studies/building-an-electric-motorcycle-to-race/,0
https://www.bath.ac.uk/case-studies/creating-spaces-for-people-hebas-placement-story/,0
https://www.bath.ac.uk/case-studies/portrait-of-an-engineer/,0
https://www.bath.ac.uk/case-studies/a-flourishing-new-business-extracting-essential-oils-from-discarded-flowers/,0
https://www.bath.ac.uk/case-studies/creating-meaningful-and-purposeful-products-compact-cane/,0
https://www.bath.ac.uk/publications/university-and-young-adult-carers,0
https://www.bath.ac.uk/professional-services/student-services/,0
https://www.bath.ac.uk/campaigns/how-we-work-with-schools-and-colleges-to-support-under-represented-students/,0
https://www.bath.ac.uk/legal-information/guaranteed-conditional-offers-for-outreach-participants-2026-and-2027,0
https://www.bath.ac.uk/teams/widening-participation,0
https://www.bath.ac.uk/campaigns/widening-participations-external-links-and-partnerships/,0
https://ezproxy1.bath.ac.uk/public/menu.htm,0
http://www.bath.ac.uk/guides/library-services-for-visitors,0
https://www.bath.ac.uk/library/schools/index.php,0
https://www.bath.ac.uk/locations/innovation-centre/,0
https://www.bath.ac.uk/locations/?f.Department+or+group%7CX=Research+%26+Innovation+Services,0
https://www.bath.ac.uk/publications/engineering-design-taster-talk-classroom-activities/,0
https://www.bath.ac.uk/case-studies/taster-talk-dealing-with-waste-water,0
https://www.bath.ac.uk/case-studies/taster-talk-great-architecture,0
https://www.bath.ac.uk/case-studies/taster-talk-building-frequencies,0
https://www.bath.ac.uk/case-studies/taster-talk-tomorrows-electronics,0
https://www.bath.ac.uk/case-studies/taster-talk-energy-harvesting,0
https://www.bath.ac.uk/jobs/Upload/vacancies/files/29036/G5 Assistant Hospitality Manager JD.pdf,0
https://www.bath.ac.uk/jobs/EmailFriend.aspx?ref=KD13342R,0
https://www.bath.ac.uk/jobs/display.aspx?id=1787&pid=0&tabId=218,0
https://www.bath.ac.uk/legal-information/employment-terms-and-conditions-for-staff-in-grades-2-to-5/,0
https://www.bath.ac.uk/jobs/EmailFriend.aspx?ref=KD13474,0
https://www.bath.ac.uk/jobs/Upload/vacancies/files/29093/G4 Hospitality Supervisor JD.docx,0
https://www.bath.ac.uk/jobs/Upload/vacancies/files/29117/Security officer revised JD October 2019 (1).docx,0
https://www.bath.ac.uk/jobs/Upload/vacancies/files/29117/Copy of Security Core Shifts 2014.xlsx,0
https://www.bath.ac.uk/jobs/EmailFriend.aspx?ref=KD13365R,0
https://www.bath.ac.uk/jobs/Upload/vacancies/files/29089/Porter JD.docx,0
https://www.bath.ac.uk/jobs/EmailFriend.aspx?ref=KD13472,0
https://www.bath.ac.uk/jobs/Upload/vacancies/files/29034/Multi-skilled Electrician JD.docx,0
https://www.bath.ac.uk/jobs/EmailFriend.aspx?ref=CC13448,0
https://www.bath.ac.uk/jobs/EmailFriend.aspx?ref=KD13476,0
https://www.bath.ac.uk/jobs/Upload/vacancies/files/29097/G4 Chef De Partie JD 22.5 hrs.docx,0
https://www.bath.ac.uk/jobs/Upload/vacancies/files/29075/G4 Chef De Partie JD.pdf,0
https://www.bath.ac.uk/jobs/EmailFriend.aspx?ref=KD13316R,0
https://www.bath.ac.uk/jobs/Upload/vacancies/files/29016/G2 General Porter JD.docx,0
https://www.bath.ac.uk/jobs/EmailFriend.aspx?ref=KD13439,0
http://www.bath.ac.uk/corporate-information/modern-slavery-and-human-trafficking-statement/,0
http://www.bath.ac.uk/news/,0
http://www.bath.ac.uk/about/community/public-lectures/,0
http://www.bath.ac.uk/arts/,0
http://www.bath.ac.uk/podcast/,0
http://www.bath.ac.uk/web/disclaimer/,0
http://www.bath.ac.uk/maintainers,0
http://www.bath.ac.uk/index/,0
http://www.bath.ac.uk/hr/working/contactus.html,0
http://www.bath.ac.uk/web/policy/accessibility/,0
http://www.bath.ac.uk/study/,0
http://www.bath.ac.uk/web/privacy/,0
https://webmail.bath.ac.uk/,0
http://www.bath.ac.uk/hospitality/,0
https://www.bath.ac.uk/topics/about-the-university,0
http://www.bath.ac.uk/web/data-protection/,0
http://www.bath.ac.uk/about/contact-us/,0
http://www.bath.ac.uk/sport/,0
https://www.bath.ac.uk/publications/university-of-bath-undergraduate-prospectus/,0
https://www.bath.ac.uk/publications/qa20-collaborative-provision/,0
https://www.bath.ac.uk/guides/quality-assurance-code-of-practice/,0
https://www.bath.ac.uk/corporate-information/freedom-of-information-compliance-data/,0
https://www.bath.ac.uk/corporate-information/university-owned-property/,0
https://www.bath.ac.uk/corporate-information/standing-orders-of-statutory-bodies/,0
https://www.bath.ac.uk/contact/,0
https://www.bath.ac.uk/professional-services/,0
https://www.bath.ac.uk/offices/council/,0
https://www.bath.ac.uk/publications/high-value-contracts/,0
https://www.bath.ac.uk/corporate-information/the-central-asset-register-for-equipment-over-25-000/,0
https://www.bath.ac.uk/corporate-information/trading-with-the-university-of-bath/,0
https://www.bath.ac.uk/corporate-information/code-of-ethics/,0
https://www.bath.ac.uk/announcements/?f.Type%7CY=Press+release,0
https://www.bath.ac.uk/publications/financial-statements-and-annual-reports/,0
https://www.bath.ac.uk/publications/university-response-to-uss-pension-scheme-consultation/,0
https://www.bath.ac.uk/corporate-information/reslife-code-of-conduct/,0
https://www.bath.ac.uk/publications/qa13-degree-scheme-review/,0
https://www.bath.ac.uk/publications/rule-2-conduct-of-examinations/,0
https://www.bath.ac.uk/corporate-information/procurement-contract-opportunities/,0
https://www.bath.ac.uk/publications/senior-staff-travel-and-expenses/,0
https://www.bath.ac.uk/corporate-information/financial-policies/,0
https://www.bath.ac.uk/corporate-information/standing-orders-of-council/,0
https://www.bath.ac.uk/teams/court/,0
https://www.bath.ac.uk/offices/senate/,0
https://www.bath.ac.uk/publications/qa12-external-examining-taught-provision/,0
https://www.bath.ac.uk/guides/recording-and-disposing-of-equipment-and-maintaining-asset-registers/,0
https://www.bath.ac.uk/publications/committee-report-templates/,0
https://www.bath.ac.uk/corporate-information/records-management-policy/,0
https://www.bath.ac.uk/announcements/university-of-bath-to-receive-4-35m-from-global-talent-fund-to-attract-world-leading-researchers/,0
https://www.bath.ac.uk/publications/school-of-management-athena-swan-silver-award/,0
https://www.bath.ac.uk/publications/social-and-policy-sciences-bronze-submission-2022/attachments/University-of-Bath-SPS-Athena-Swan-submission-2022.pdf,0
http://www.bath.ac.uk/publications/pharmacy-pharmacology-athena-swan-silver-award/attachments/pharmacy-and-pharmacology-silver-award.pdf,0
https://www.bath.ac.uk/publications/health-athena-swan-silver-application/attachments/Bath-Athena-Swan-Silver-application-form-Health-Redacted-2025.pdf,0
https://www.bath.ac.uk/publications/mathematical-sciences-athena-swan-gold-application/,0
https://www.bath.ac.uk/publications/electronic-and-electrical-engineering-athena-swan-silver-application/,0
https://www.bath.ac.uk/publications/psychology-athena-swan-silver-award/attachments/Psychology-Athena-Swan-Silver-Application-2023.pdf,0
https://www.bath.ac.uk/publications/chemical-engineering-athena-swan-silver-submission/attachments.bho/Athena-Swan-Silver-Application-Chem-Eng-Bath-2023-redacted.pdf,0
https://www.bath.ac.uk/publications/politics-languages-and-international-studies-athena-swan-bronze-submission/attachments/university-of-bath-politics-athena-swan-submission.pdf,0
https://www.bath.ac.uk/legal-information/athena-swan-submissions/,0
https://www.bath.ac.uk/publications/physics-athena-swan-bronze-renewal-application/,0
http://www.bath.ac.uk/publications/biology-and-biochemistry-athena-swan-silver-submission/attachments/biology-and-biochemistry-athena-swan-silver.pdf,0
https://www.bath.ac.uk/publications/computer-science-athena-swan-bronze-renewal-award/attachments/computer-science-bronze-award.pdf,0
http://www.bath.ac.uk/publications/economics-athena-swan-bronze-submission/attachments/university-of-bath-economics-bronze.pdf,0
https://www.bath.ac.uk/publications/architecture-and-civil-engineering-athena-swan-silver-renewal-application/,0
http://www.bath.ac.uk/publications/chemistry-athena-swan-silver-award/attachments/chemistry-silver-award.pdf,0
https://www.bath.ac.uk/publications/mechanical-engineering-athena-swan-silver-submission-2024/attachments.bho/Bath-Mech-Eng-Athena-Swan-renewal-2024.pdf,0
https://www.bath.ac.uk/events/msc-football-medicine-in-association-with-fifa-webinar/,0
https://www.bath.ac.uk/announcements/?f.Department+or+group%7CX=Department+for+Health,0
https://www.bath.ac.uk/courses/undergraduate-2025/sport-exercise-and-health/bsc-sport-management-and-coaching-with-professional-placement/,0
https://www.bath.ac.uk/announcements/bath-students-highlight-how-societal-challenges-can-be-tackled-using-the-power-of-sport/,0
https://researchportal.bath.ac.uk/en/persons/peter-rouse,0
https://www.bath.ac.uk/events/msc-sport-and-exercise-medicine-webinar/,0
https://www.bath.ac.uk/courses/undergraduate-2027/sport-exercise-and-health/msci-sport-and-exercise-science,0
https://www.bath.ac.uk/courses/undergraduate-2027/sport-exercise-and-health/msci-sport-and-exercise-science-with-professional-placement-or-study-abroad,0
https://www.bath.ac.uk/courses/undergraduate-2027/sport-exercise-and-health/bsc-health-and-exercise-science-with-professional-placement,0
https://www.bath.ac.uk/courses/undergraduate-2027/sport-exercise-and-health/bsc-sport-management-and-coaching,0
https://www.bath.ac.uk/courses/undergraduate-2027/sport-exercise-and-health/bsc-health-and-exercise-science,0
https://www.bath.ac.uk/courses/undergraduate-2027/sport-exercise-and-health/bsc-sport-and-exercise-science-with-professional-placement-or-study-abroad,0
https://www.bath.ac.uk/courses/undergraduate-2027/sport-exercise-and-health/fdsc-sport-sports-performance-with-option-to-progress-to-one-year-bsc,0
https://www.bath.ac.uk/courses/undergraduate-2027/sport-exercise-and-health/bsc-sport-and-exercise-science,0
https://www.bath.ac.uk/courses/undergraduate-2027/sport-exercise-and-health/bsc-sport-management-and-coaching-with-professional-placement,0
https://researchportal.bath.ac.uk/en/persons/sean-cumming,0
https://www.bath.ac.uk/case-studies/improving-the-assessment-monitoring-and-consideration-of-growth-and-maturation-in-young-athletes/,0
https://researchportal.bath.ac.uk/en/persons/sean-williams,0
https://www.bath.ac.uk/announcements/degree-success-for-johanna-kontas-strength-and-conditioning-coach/,0
https://www.bath.ac.uk/announcements/grouping-young-footballers-by-maturity-rather-than-age-shows-big-benefits/,0
https://researchportal.bath.ac.uk/en/persons/darragh-mcgee,0
https://www.bath.ac.uk/announcements/?f.Department+or+group%7CX=University+of+Bath,0
https://www.bath.ac.uk/research/news/2015/11/28/scientists-offer-sweet-solution-to-marathon-fatigue/,0
https://www.bath.ac.uk/health/,0
https://www.bath.ac.uk/health/staff/javier-gonzalez/,0
https://www.bath.ac.uk/announcements/top-up-on-carbs-before-and-during-run-to-reach-finish-line-quickly/,0
http://opus.bath.ac.uk/51154/,0
https://blogs.bath.ac.uk/education-is-empowerment/2026/01/07/turning-education-into-empowerment/,0
https://www.bath.ac.uk/announcements/university-of-bath-showcases-its-role-in-regional-growth-during-visit-by-mayor/,0
https://www.bath.ac.uk/announcements/honorary-fellowship-awarded-to-former-team-bath-coach-paul-tisdale/,0
https://researchportal.bath.ac.uk/en/persons/anthony-bush,0
https://www.bath.ac.uk/case-studies/how-the-university-of-bath-is-supporting-british-athletes-to-succeed-at-the-olympic-winter-games/,0
https://www.bath.ac.uk/case-studies/crouch-bind-set-technique-leads-to-safer-rugby-scrums/,0
https://www.bath.ac.uk/announcements/study-highlights-open-goal-of-using-sport-to-tackle-youth-unemployment/,0
https://researchportal.bath.ac.uk/en/persons/harry-bowles,0
https://researchportal.bath.ac.uk/en/persons/haydn-morgan,0
https://www.bath.ac.uk/corporate-information/abstract-submissions-for-the-international-conference-on-injury-and-illness-prevention-in-sport/,0
https://www.bath.ac.uk/events/the-international-conference-on-injury-and-illness-prevention-in-sport/,0
https://store.bath.ac.uk/conferences-and-events/conferencescoursesevents/research-and-innovation-services/ukcciis-2026,0
https://www.bath.ac.uk/corporate-information/the-international-conference-on-injury-and-illness-prevention-in-sport-programme,0
https://www.bath.ac.uk/announcements/?f.Department+or+group%7CX=Faculty+of+Humanities+%26+Social+Sciences,0
https://www.bath.ac.uk/announcements/university-of-bath-to-host-iworkinsport-job-fair/,0
https://researchportal.bath.ac.uk/en/persons/nicholas-willsmer/,0
https://www.bath.ac.uk/courses/postgraduate-2026/taught-postgraduate-courses/msc-sports-physiotherapy-part-time-distance-learning,0
https://www.bath.ac.uk/events/msc-sports-physiotherapy-webinar/,0
https://researchportal.bath.ac.uk/en/persons/sian-morgan,0
https://www.bath.ac.uk/courses/postgraduate-2026/taught-postgraduate-courses/msc-football-medicine-in-association-with-fifa-part-time-distance-learning,0
https://www.bath.ac.uk/courses/postgraduate-2026/taught-postgraduate-courses/msc-sport-and-exercise-medicine-part-time-distance-learning,0
https://www.bath.ac.uk/courses/postgraduate-2026/taught-postgraduate-courses/mres-health-wellbeing-and-society-part-time,0
https://www.bath.ac.uk/courses/postgraduate-2026/taught-postgraduate-courses/pg-dip-sport-and-exercise-medicine-part-time-distance-learning,0
https://www.bath.ac.uk/courses/postgraduate-2026/taught-postgraduate-courses/mres-health-wellbeing-and-society-full-time,0
https://www.bath.ac.uk/announcements/markerless-motion-capture-technology-could-help-skeleton-athletes-training/,0
https://researchportal.bath.ac.uk/en/persons/michael-muckelt,0
https://researchportal.bath.ac.uk/en/persons/murray-evans,0
https://researchportal.bath.ac.uk/en/persons/steffi-colyer,0
https://www.bath.ac.uk/corporate-information/amy-williams-mbe-oration/,0
https://researchportal.bath.ac.uk/en/persons/laurie-needham,0
https://www.bath.ac.uk/campaigns/the-future-of-health,0
https://www.bath.ac.uk/campaigns/bath-to-business,0
https://www.bath.ac.uk/campaigns/journey-to-the-ends-of-the-earth,0
https://stories.bath.ac.uk/sporting-chance/index.html,0
https://www.bath.ac.uk/campaigns/covid-19-under-the-microscope,0
https://www.bath.ac.uk/campaigns/lights-camera-action,0
https://www.bath.ac.uk/case-studies/working-for-equality,0
https://www.bath.ac.uk/case-studies/life-as-an-elite,0
https://stories.bath.ac.uk/the-best-of-baths-best/index.html,0
https://www.bath.ac.uk/announcements/alumni-spotlight-kieron-gillen,0
https://www.bath.ac.uk/case-studies/alumni-spotlight,0
https://www.bath.ac.uk/case-studies/the-human-connection,0
https://www.bath.ac.uk/announcements/alumni-spotlight-flo-ward,0
https://stories.bath.ac.uk/ba2-issue-32/index.html,0
https://www.bath.ac.uk/case-studies/something-in-the-water,0
https://www.bath.ac.uk/case-studies/vote-for-president,0
https://stories.bath.ac.uk/BA2-issue-31/index.html,0
https://stories.bath.ac.uk/the-future-of-food/index.html,0
https://stories.bath.ac.uk/baths-quirkiest-research/index.html,0
https://www.bath.ac.uk/campaigns/energy-innovators,0
https://stories.bath.ac.uk/cyber-guardians/index.html,0
https://stories.bath.ac.uk/alumni-love-stories/index.html,0
https://www.bath.ac.uk/campaigns/superwomen-of-stem,0
https://www.bath.ac.uk/case-studies/golden-futures,0
https://www.bath.ac.uk/campaigns/belonging-at-bath,0
https://www.bath.ac.uk/campaigns/climate-conundrums-how-to-solve-them,0
https://www.bath.ac.uk/publications/gold-opportunities-fund/,0
https://www.bath.ac.uk/campaigns/your-impact-through-gold-scholarships/,0
https://www.bath.ac.uk/campaigns/supporting-elite-athletes/,0
https://www.bath.ac.uk/campaigns/supporting-the-arts/,0
https://bath.ac.uk/guides/get-in-touch/,0
https://www.bath.ac.uk/announcements/university-of-bath-launches-research-with-impact-phd-scholarships/,0
https://www.bath.ac.uk/campaigns/become-a-gold-scholarship-programme-mentor/,0
https://www.bath.ac.uk/case-studies/making-amputees-feel-again/,0
https://www.bath.ac.uk/announcements/from-textbook-to-telescope-campus-observatory-adds-shine-to-astrophysics-courses/,0
https://alumni.bath.ac.uk/donation,0
https://alumni.bath.ac.uk/DirectDebit.ddpdf,0
http://www.bath.ac.uk/campaigns/supporting-the-university/,0
http://www.bath.ac.uk/topics/about-the-university/,0
http://www.bath.ac.uk/professional-services/advancement-office/,0
https://www.bath.ac.uk/search/?f.Tabs%7Cuob-cms-production-events=Events&amp;f.Department%7CX=advancement+office,0
http://www.bath.ac.uk/campaigns/bath-connection/,0
http://www.bath.ac.uk/teams/advancement-office/,0
http://www.bath.ac.uk/topics/enterprise-and-entrepreneurship/,0
http://www.bath.ac.uk/topics/research/,0
https://alumni.bath.ac.uk/making-a-gift-from-the-us,0
https://alumni.bath.ac.uk/events,0
http://www.bath.ac.uk/collections/courses/,0
https://www.bath.ac.uk/guides/giving-from-the-usa,0
https://www.bath.ac.uk/guides/leave-a-gift-in-your-will/,0
https://www.bath.ac.uk/professional-services/advancement-office/,0
https://www.bath.ac.uk/announcements/pharmaceutical-company-pharmaxo-gifts-230-000-worth-of-resources-to-the-university-of-bath/,0
https://www.bath.ac.uk/professional-services/alumni-and-friends,0
https://www.bath.ac.uk/person/1648142,0
https://www.bath.ac.uk/person/1593638,0
https://www.bath.ac.uk/person/1591675,0
https://www.bath.ac.uk/person/1592933,0
https://www.bath.ac.uk/teams/advancement-office/person/1622146,0
https://www.bath.ac.uk/person/1420737,0
https://www.bath.ac.uk/person/1348994,0
https://www.bath.ac.uk/person/1602267,0
https://www.bath.ac.uk/person/1591114,0
https://www.bath.ac.uk/person/1436900,0
https://www.bath.ac.uk/person/1636786,0
https://www.bath.ac.uk/person/1652987,0
https://www.bath.ac.uk/person/124786,0
https://www.bath.ac.uk/person/1578281,0
https://www.bath.ac.uk/person/1544925,0
https://www.bath.ac.uk/person/1255999,0
https://www.bath.ac.uk/person/1557985,0
https://www.bath.ac.uk/person/1601869,0
https://www.bath.ac.uk/person/1699301,0
https://www.bath.ac.uk/person/1602785,0
https://www.bath.ac.uk/teams/?f.Department+or+group%7CX=Advancement+Office,0
https://www.bath.ac.uk/person/1544926,0
https://www.bath.ac.uk/person/1591115,0
https://www.bath.ac.uk/person/1601231,0
https://www.bath.ac.uk/person/1692385,0
https://www.bath.ac.uk/person/1545903,0
https://www.bath.ac.uk/person/1631709,0
https://www.bath.ac.uk/person/1604537,0
https://www.bath.ac.uk/person/1613496,0
https://www.bath.ac.uk/person/1656016,0
https://www.bath.ac.uk/legal-information/university-of-bath-endowment-acceptance-and-financial-management-policy/,0
https://www.bath.ac.uk/corporate-information/fundraising-with-people-in-vulnerable-circumstances/,0
https://www.bath.ac.uk/corporate-information/donation-return-policy/,0
https://www.bath.ac.uk/corporate-information/fundraising-complaints-procedure,0
https://www.bath.ac.uk/legal-information/university-of-bath-gifts-in-kind-policy/,0
https://www.bath.ac.uk/corporate-information/university-of-baths-ethical-fundraising-policy/,0
https://alumni.bath.ac.uk/login?tab=1,0
https://www.bath.ac.uk/guides/alumni-networks/,0
https://www.bath.ac.uk/announcements/this-years-arthur-clements-award-winners-announced/,0
https://www.bath.ac.uk/professional-services/advancement-office,0
https://www.bath.ac.uk/announcements/norland-supports-university-of-bath-research-on-the-impact-of-screen-time-on-children/,0
http://www.bath.ac.uk/alumni/bath-alumni-online/privacy.html,0
https://www.bath.ac.uk/guides/making-an-alumni-fund-grant-application/,0
https://www.bath.ac.uk/announcements/alumni-fund-grant-applications-are-now-open/,0
https://blogs.bath.ac.uk/on-parade/?ki-cf-botcl=1,0
https://blogs.bath.ac.uk/on-parade/2022/09/05/parade-profile-professor-raymond-schinazi-bsc-chemistry-1972-phd-chemistry-1976-hon-dsc-2006/,0
https://stories.bath.ac.uk/inspire-2025/index.html,0
https://blogs.bath.ac.uk/on-parade/2022/11/14/parade-profile-holly-anzani-visiting-student-1980/,0
https://www.bath.ac.uk/corporate-information/celebrating-named-gold-scholarships,0
https://blogs.bath.ac.uk/on-parade/2022/12/20/parade-profile-robin-hayes-bsc-electrical-electronic-engineering-1988-meng-electrical-engineering-1989-video/,0
https://www.bath.ac.uk/campaigns/attracting-the-best-minds-to-bath,0
https://www.bath.ac.uk/campaigns/our-corporate-partners,0
https://www.bath.ac.uk/case-studies/evolution-on-campus,0
https://www.bath.ac.uk/case-studies/why-im-supporting-the-university-of-bath-in-my-will,0
https://www.bath.ac.uk/announcements/were-recycling-plastic-waste-back-into-the-lab-again,0
https://www.bath.ac.uk/announcements/research-with-impact-phd-scholarships,0
https://www.bath.ac.uk/case-studies/getting-my-dream-job-as-an-elephant-researcher-in-zimbabwe,0
https://blogs.bath.ac.uk/on-parade/2022/12/12/parade-profile-mitch-moore-bsc-business-administration-1985/,0
https://www.bath.ac.uk/case-studies/a-new-start-for-syrian-refugee-ghazala,0
https://www.bath.ac.uk/case-studies/golden-opportunities,0
https://www.bath.ac.uk/campaigns/funding-life-saving-science,0
https://www.bath.ac.uk/campaigns/alumni-fund-enhancing-student-experience,0
https://www.bath.ac.uk/campaigns/in-conversation-donor-meets-scholar,0
https://www.bath.ac.uk/campaigns/fighting-against-antimicrobial-resistance,0
https://www.bath.ac.uk/campaigns/breaking-barriers-to-education,0
https://www.bath.ac.uk/announcements/washing-machine-project-heads-to-refugee-camps-in-iraq,0
https://www.bath.ac.uk/publications/inspire-the-university-of-baths-supporter-magazine-archive/,0
https://www.bath.ac.uk/corporate-information/thank-you-to-our-donors,0
https://www.bath.ac.uk/campaigns/fuelling-a-sustainable-future,0
https://blogs.bath.ac.uk/on-parade/2022/11/08/parade-profile-jamie-urquhart-bsc-physics-with-physical-electronics-1979/,0
https://www.bath.ac.uk/campaigns/whyigive/,0
https://www.bath.ac.uk/campaigns/tackling-rugby-injuries-with-science,0
https://www.bath.ac.uk/campaigns/championing-student-athletes,0
https://www.bath.ac.uk/campaigns/supporting-elite-athletes,0
https://www.bath.ac.uk/events/?f.Department+or+group%7CX=School+of+Management,0
https://www.bath.ac.uk/guides/using-university-facilities-after-you-graduate/,0
https://www.bath.ac.uk/students/careers/graduates/index.html,0
https://www.bath.ac.uk/guides/get-a-copy-of-your-certificate/,0
http://www.bath.ac.uk/hr/,0
https://www.bath.ac.uk/guides/academic-transcripts/,0
https://www.bath.ac.uk/guides/get-proof-you-were-a-student-at-bath/,0
https://alumni.bath.ac.uk/change-user-id/password,0
https://www.bath.ac.uk/case-studies/why-im-supporting-the-university-of-bath-in-my-will/,0
https://www.bath.ac.uk/corporate-information/the-1966-society/,0
https://www.bath.ac.uk/announcements/dr-aki-salo-pledges-legacy-to-bath/,0
https://www.bath.ac.uk/announcements/academics-from-the-faculty-of-engineering-design-win-advancement-office-dragons-den-competition/,0
http://www.bath.ac.uk/advancement,0
https://www.bath.ac.uk/legal-information/university-of-bath-privacy-notice/,0
https://blogs.bath.ac.uk/on-parade/?s=parade+profile&ki-cf-botcl=1,0
https://www.bath.ac.uk/jobs/Upload/vacancies/files/29040/Business Partnerships Manager (HSS) JD.docx,0
https://www.bath.ac.uk/jobs/EmailFriend.aspx?ref=CC13450,0
https://www.bath.ac.uk/jobs/Upload/vacancies/files/29085/Job Description Programmes Administrator Jan 2026.pdf,0
https://www.bath.ac.uk/jobs/EmailFriend.aspx?ref=SS13471,0
https://www.bath.ac.uk/jobs/Upload/vacancies/files/29050/Marketing and Communications Manager JD.doc,0
https://www.bath.ac.uk/jobs/EmailFriend.aspx?ref=CC13455,0
https://www.bath.ac.uk/jobs/EmailFriend.aspx?ref=SS13469,0
https://www.bath.ac.uk/jobs/Upload/vacancies/files/29082/Job Description Programmes Administrator Jan 2026.pdf,0
https://www.bath.ac.uk/jobs/Upload/vacancies/files/29067/Department Ops Manager Final 08 25.docx,0
https://www.bath.ac.uk/guides/future-ways-of-working-for-professional-services-our-evolving-approach/,0
https://www.bath.ac.uk/jobs/EmailFriend.aspx?ref=SS13463,0
https://www.bath.ac.uk/jobs/Upload/vacancies/files/29032/Fire Safety Advisor JD.docx,0
https://www.bath.ac.uk/jobs/EmailFriend.aspx?ref=FM13447,0
https://www.bath.ac.uk/jobs/Upload/vacancies/files/29080/LHGP Officer JD_020326.docx,0
https://www.bath.ac.uk/jobs/EmailFriend.aspx?ref=ED13468,0
https://www.bath.ac.uk/jobs/EmailFriend.aspx?ref=CC13462,0
https://www.bath.ac.uk/jobs/Upload/vacancies/files/29063/Netball Coordinator - JD.docx,0
https://www.bath.ac.uk/announcements/why-didnt-the-senior-citizen-cross-the-road-slower-crossings-may-help-people-with-reduced-mobility,0
https://www.bath.ac.uk/departments/department-of-politics-languages-international-studies,0
https://www.bath.ac.uk/events/?meta_label_and=hssevents,0
https://www.bath.ac.uk/departments/department-of-social-policy-sciences,0
https://www.bath.ac.uk/announcements/humanities-social-sciences-recognised-for-excellence-in-sport-in-times-and-guardian-2026-rankings,0
https://www.bath.ac.uk/case-studies/discovering-a-placement-winning-an-award-and-securing-a-graduate-job-claudias-story,0
https://stories.bath.ac.uk/research-with-impact/how-baths-centre-for-development-studies-is-leading-international-impact/index.html,0
https://www.bath.ac.uk/case-studies/my-award-winning-placement-at-ibm,0
https://www.bath.ac.uk/campaigns/enhance-your-employability-with-a-humanities-and-social-sciences-placement,0
https://www.bath.ac.uk/announcements/struggling-to-talk-to-your-child-about-weight-research-backed-films-offer-help,0
https://www.bath.ac.uk/announcements/new-research-highlights-deforestation-and-economic-traps-created-by-flue-cured-tobacco-in-zimbabwe,0
https://www.bath.ac.uk/case-studies/how-volunteering-led-me-to-a-global-career-in-education-mayas-story,0
https://stories.bath.ac.uk/research-with-impact/how-bath-research-into-psychology-digital-behaviour-and-pain-is-supporting-the-health-of-children-and-young-people/index.html,0
https://www.bath.ac.uk/case-studies/how-bath-virtual-reality-research-is-opening-doors-ben-explores-vr-at-bath,0
https://www.bath.ac.uk/events/msc-international-development-webinar,0
https://stories.bath.ac.uk/investigating-big-tobacco-s-influence-on-public-health/index.html,0
https://www.bath.ac.uk/announcements/like-alcohol-units-but-for-cannabis-experts-define-safer-limits,0
https://www.bath.ac.uk/case-studies/a-masters-that-started-a-career-with-real-world-impact-selins-story,0
https://www.bath.ac.uk/campaigns/consultancy-projects-solve-a-real-world-business-challenge-as-part-of-your-degree,0
https://www.bath.ac.uk/case-studies/unlocking-a-new-part-of-myself-while-studying-in-paris-during-my-degree,0
https://www.bath.ac.uk/departments/department-of-education,0
https://www.bath.ac.uk/guides/contact-a-department-in-the-faculty-of-humanities-social-sciences,0
https://www.bath.ac.uk/announcements/university-of-bath-delegation-strengthens-youth-leadership-commitment-at-one-young-world-summit,0
https://www.bath.ac.uk/campaigns/study-or-work-in-another-country-as-part-of-your-undergraduate-language-degree,0
https://www.bath.ac.uk/research-institutes/institute-for-policy-research,0
https://www.bath.ac.uk/profiles/?f.Department+or+group%7CX=Faculty+of+Humanities+%26+Social+Sciences,0
https://researchportal.bath.ac.uk/en/persons/julie-barnett/projects,0
https://researchportal.bath.ac.uk/en/persons/julie-barnett/publications,0
http://www.bath.ac.uk/person/1117718,0
http://www.bath.ac.uk/math-sci/postgraduate/samba,0
https://www.bath.ac.uk/research-centres/centre-for-motivation-and-health-behaviour-change,0
https://www.bath.ac.uk/research-centres/water-innovation-and-research-centre-wirc-bath,0
https://www.bath.ac.uk/profiles/pro-vice-chancellor-research-jonathan-knight,0
https://www.bath.ac.uk/profiles/dean-of-the-faculty-of-humanities-social-sciences-david-galbreath,0
https://www.bath.ac.uk/teams/doctoral-college-strategic-leadership-team,0
https://www.bath.ac.uk/campaigns/health-community-and-place/,0
https://www.bath.ac.uk/campaigns/health-and-digital-technology,0
https://blogs.bath.ac.uk/publicengagement/2022/01/10/making-space-for-conversations-with-the-listening-project/,0
https://www.bath.ac.uk/campaigns/health-independence-and-mobility/,0
https://www.bath.ac.uk/announcements/photo-exhibition-reveals-public-transport-through-the-eyes-of-people-with-dementia,0
https://blogs.bath.ac.uk/students/2022/02/11/vip-the-value-added-experience/,0
https://www.bath.ac.uk/events/healthy-later-living-meeting-24-february,0
https://www.bath.ac.uk/profiles/business-partnerships-and-knowledge-exchange-manager-emma-riddle/,0
https://www.bath.ac.uk/announcements/beyond-access-the-hidden-factors-behind-active-ageing-in-communities,0
https://www.bath.ac.uk/announcements/university-of-bath-joins-rollout-of-exercise-programme-for-older-adults-at-risk-of-mobility-loss,0
https://www.bath.ac.uk/campaigns/health-community-and-place,0
https://www.bath.ac.uk/teams/healthy-later-living-network/,0
https://www.bath.ac.uk/announcements/university-of-baths-health-later-living-network-hosts-joint-seminar-with-global-and-local-partners,0
https://www.bath.ac.uk/campaigns/health-independence-and-mobility,0
https://blogs.bath.ac.uk/students/2024/07/19/age-friendly-vip-engaging-the-community/,0
https://www.bath.ac.uk/announcements/early-alzheimers-brainwave-test-detects-memory-decline-years-before-diagnosis,0
https://www.bath.ac.uk/campaigns/health-and-digital-technology/,0
https://www.bath.ac.uk/corporate-information/faculty-of-engineering-design-taught-postgraduate-tuition-fees-2025-26/,0
http://www.bath.ac.uk/management/courses/mba/,0
https://www.bath.ac.uk/locations/central-postgraduate-taught-admissions-team/,0
https://www.bath.ac.uk/teams/?f.Department+or+group%7CX=PGT+Recruitment+%26+Admissions,0
https://www.bath.ac.uk/courses/search/?query=&collection=ce-production-courses&f.Type+of+course%7CC=postgraduate,0
https://www.bath.ac.uk/publications/how-to-book-an-appointment-with-the-student-immigration-service/,0
https://www.bath.ac.uk/student-accommodation/john-wood-court-student-accommodation/,0
https://www.bath.ac.uk/corporate-information/faculty-of-science-taught-postgraduate-tuition-fees-2025-26/,0
https://www.bath.ac.uk/events/msc-international-development-webinar/,0
https://www.bath.ac.uk/events/msc-applied-psychology-and-economic-behaviour-webinar/,0
https://www.bath.ac.uk/corporate-information/university-events-and-fairs-in-your-country/,0
https://www.bath.ac.uk/guides/choosing-your-pre-sessional-course/,0
https://www.bath.ac.uk/courses/postgraduate-2025/taught-postgraduate-courses/,0
https://www.bath.ac.uk/guides/your-confirmation-of-acceptance-for-studies/,0
https://www.bath.ac.uk/corporate-information/faculty-of-humanities-social-sciences-taught-postgraduate-tuition-fees-2025-26/,0
https://www.bath.ac.uk/corporate-information/school-of-management-taught-postgraduate-tuition-fees-2025-26/,0
https://www.bath.ac.uk/guides/accepting-your-offer-of-a-place-on-a-taught-postgraduate-course,0
https://www.bath.ac.uk/guides/postgraduate-accommodation-for-january-intake/,0
https://www.bath.ac.uk/courses/search/?query=&collection=ce-production-courses&f.Type+of+course%7CC=postgraduate&f.Year+of+entry%7CE=2023,0
https://www.bath.ac.uk/courses/postgraduate-2024/taught-postgraduate-courses/,0
https://www.bath.ac.uk/corporate-information/postgraduate-taught-courses-english-language-requirements-for-international-students/,0
https://www.bath.ac.uk/study/pg/applications.pl,0
https://www.bath.ac.uk/corporate-information/deposits-for-taught-postgraduate-courses/,0
https://www.bath.ac.uk/case-studies/my-journey-from-msc-automotive-engineering-to-the-electric-vehicle-frontier-at-levc,0
https://www.bath.ac.uk/case-studies/entertaining-lectures-and-a-supportive-environment-on-my-masters-course,0
https://www.bath.ac.uk/case-studies/navigating-a-complex-environmental-challenge-lithium-mining-in-the-atacama-desert,0
https://www.bath.ac.uk/case-studies/using-careers-resources-during-my-masters,0
https://www.bath.ac.uk/campaigns/the-school-of-managements-home,0
http://blogs.bath.ac.uk/engdes-student-insights/category/msc/,0
https://www.bath.ac.uk/case-studies/making-a-difference-to-peoples-lives-after-studying-at-bath,0
https://www.bath.ac.uk/campaigns/improve-your-employability-with-one-of-our-engineering-masters-degrees,0
https://www.bath.ac.uk/case-studies/the-best-things-about-my-postgraduate-education,0
https://www.bath.ac.uk/campaigns/school-of-management-courses,0
https://www.bath.ac.uk/case-studies/combining-a-career-in-law-with-public-policy-marias-story,0
https://www.bath.ac.uk/case-studies/from-translating-in-paris-to-project-management-in-the-uk-bethans-story,0
https://www.bath.ac.uk/case-studies/preparing-for-an-international-career-in-sport-marketing-yuyangs-story,0
https://www.bath.ac.uk/case-studies/joining-the-postgraduate-student-community,0
https://www.bath.ac.uk/case-studies/feeling-supported-by-the-bath-community,0
https://www.bath.ac.uk/corporate-information/review-of-principal-risks-2024-25,0
https://www.bath.ac.uk/corporate-information/chair-of-councils-foreword-to-the-annual-accounts-2024-25,0
https://www.bath.ac.uk/corporate-information/financial-review-2024-25/,0
https://www.bath.ac.uk/corporate-information/key-operational-performance-indicators/,0
https://www.bath.ac.uk/corporate-information/statement-of-equality-objectives-2023-to-2025,0
https://www.bath.ac.uk/corporate-information/annual-report-of-the-remuneration-committee-2024-25,0
https://www.bath.ac.uk/corporate-information/consolidated-financial-statements-2024-25,0
https://www.bath.ac.uk/corporate-information/vice-chancellors-introduction-to-the-annual-accounts-2024-25,0
https://www.bath.ac.uk/corporate-information/statement-of-equality-objectives-2023-to-2025/,0
https://www.bath.ac.uk/corporate-information/statement-of-corporate-governance-2024-25/,0
https://www.bath.ac.uk/corporate-information/rankings-and-reputation,0
https://www.bath.ac.uk/corporate-information/notes-to-the-financial-statements-2024-25,0
https://www.bath.ac.uk/corporate-information/public-benefit-statement-2024-25,0
https://www.bath.ac.uk/corporate-information/statement-of-corporate-governance-2024-25,0
https://www.bath.ac.uk/corporate-information/annual-report-of-the-remuneration-committee-2024-25/,0
https://www.bath.ac.uk/corporate-information/key-operational-performance-indicators,0
https://www.bath.ac.uk/corporate-information/review-of-principal-risks-2024-25/,0
https://www.bath.ac.uk/topics/annual-accounts/,0
https://www.bath.ac.uk/corporate-information/financial-review-2024-25,0
https://www.bath.ac.uk/corporate-information/consolidated-statement-of-principal-accounting-policies-for-year-end-31-july-2025,0
https://www.bath.ac.uk/corporate-information/public-benefit-statement-2024-25/,0
https://www.bath.ac.uk/corporate-information/independent-auditors-report-to-council-2024-25,0
https://www.bath.ac.uk/person/66325,0
https://www.bath.ac.uk/profiles/head-of-department-of-psychology-mark-brosnan/,0
https://researchportal.bath.ac.uk/en/persons/karoline-von-oppen,0
https://researchportal.bath.ac.uk/en/persons/david-newton,0
https://www.bath.ac.uk/person/2525,0
https://researchportal.bath.ac.uk/en/persons/ventsislav-valev/,0
https://www.bath.ac.uk/profiles/dean-of-the-faculty-of-humanities-social-sciences-deborah-wilson/,0
https://researchportal.bath.ac.uk/en/persons/zack-lyons,0
https://researchportal.bath.ac.uk/en/persons/simon-lewis,0
https://www.bath.ac.uk/teams/?f.Department+or+group%7CX=University+of+Bath,0
https://www.bath.ac.uk/teams/our-academic-leadership/,0
https://researchportal.bath.ac.uk/en/persons/carolin-villforth,0
https://www.bath.ac.uk/person/1494022,0
https://www.bath.ac.uk/profiles/head-of-department-of-economics-ajit-mishra/,0
https://researchportal.bath.ac.uk/en/persons/amanda-mackenzie,0
https://www.bath.ac.uk/person/1117405,0
https://researchportal.bath.ac.uk/en/persons/lucy-oshea,0
https://researchportal.bath.ac.uk/en/persons/charareh-pourzand,0
https://www.bath.ac.uk/profiles/deputy-dean-of-the-faculty-of-engineering-design-professor-john-chew/,0
https://researchportal.bath.ac.uk/en/persons/matthew-jones-2,0
https://researchportal.bath.ac.uk/en/persons/eamonn-oneill,0
https://researchportal.bath.ac.uk/en/persons/tina-d%C3%BCren,0
https://researchportal.bath.ac.uk/en/persons/michael-stimmelmayr,0
https://researchportal.bath.ac.uk/en/persons/edmund-keogh,0
https://www.bath.ac.uk/person/508093,0
https://www.bath.ac.uk/profiles/faculty-of-humanities-social-sciences-associate-dean-education-gail-forey/,0
https://researchportal.bath.ac.uk/en/persons/stefanie-gustafsson,0
https://researchportal.bath.ac.uk/en/persons/pete-manning,0
https://researchportal.bath.ac.uk/en/persons/richard-james,0
https://researchportal.bath.ac.uk/en/persons/stephen-pavelin,0
https://www.bath.ac.uk/profiles/head-of-department-of-education-elisabeth-barratt-hacking/,0
https://www.bath.ac.uk/profiles/head-of-the-department-of-politics-languages-international-studies-peter-lambert/,0
https://researchportal.bath.ac.uk/en/persons/sarah-halligan,0
https://researchportal.bath.ac.uk/en/persons/emma-carmel,0
https://researchportal.bath.ac.uk/en/persons/peter-nuttall,0
https://www.bath.ac.uk/person/1347091,0
https://researchportal.bath.ac.uk/en/persons/andrew-burrows,0
https://researchportal.bath.ac.uk/en/persons/tony-james,0
https://researchportal.bath.ac.uk/en/persons/vaggelis-giannikas,0
https://researchportal.bath.ac.uk/en/persons/duncan-craig,0
https://researchportal.bath.ac.uk/en/persons/tim-rogers/,0
https://www.bath.ac.uk/person/91904,0
https://researchportal.bath.ac.uk/en/persons/sarah-moore,0
https://researchportal.bath.ac.uk/en/persons/richard-joiner,0
https://www.bath.ac.uk/profiles/head-of-department-of-social-policy-sciences-monica-greco/,0
https://www.bath.ac.uk/person/175157,0
https://www.bath.ac.uk/profiles/head-of-department-of-architecture-civil-engineering-andrew-heath,0
https://researchportal.bath.ac.uk/en/persons/mairi-maclean,0
https://researchportal.bath.ac.uk/en/persons/christopher-martin,0
https://www.bath.ac.uk/person/1199671,0
https://www.bath.ac.uk/person/502339,0
https://www.bath.ac.uk/profiles/head-of-department-of-electronic-electrical-engineering-benjamin-metcalfe/,0
https://researchportal.bath.ac.uk/en/persons/steve-brammer,0
https://researchportal.bath.ac.uk/en/persons/thomas-powell/,0
https://researchportal.bath.ac.uk/en/persons/tim-wakeley,0
https://researchportal.bath.ac.uk/en/persons/susan-crennell,0
https://researchportal.bath.ac.uk/en/persons/frances-laughton,0
https://researchportal.bath.ac.uk/en/persons/nigel-johnston,0
https://researchportal.bath.ac.uk/en/persons/andrew-brown,0
https://researchportal.bath.ac.uk/en/persons/patrick-keogh,0
https://researchportal.bath.ac.uk/en/persons/andreas-schaefer,0
https://researchportal.bath.ac.uk/en/persons/guy-mccusker/,0
https://www.bath.ac.uk/person/1231360,0
https://www.bath.ac.uk/profiles/faculty-of-engineering-design-associate-dean-research-chris-bowen,0
https://researchportal.bath.ac.uk/en/persons/momna-hejmadi,0
https://www.bath.ac.uk/profiles/head-of-the-department-for-health-polly-mcguigan/,0
https://researchportal.bath.ac.uk/en/persons/fiona-gillison,0
https://www.bath.ac.uk/person/1505700,0
https://www.bath.ac.uk/profiles/dean-of-the-faculty-of-engineering-design-tim-ibell,0
https://researchportal.bath.ac.uk/en/persons/sarah-glozer,0
https://www.bath.ac.uk/publications/university-of-bath-access-and-participation-plans/attachments/university-of-bath-2022-23-fee-information.pdf,0
https://www.bath.ac.uk/publications/university-of-bath-access-and-participation-plans/attachments/access-agreement-for-the-2018-19-academic-year.pdf,0
https://www.bath.ac.uk/publications/university-of-bath-access-and-participation-plans/attachments/access-and-participation-plans-2020-21-to-2023-24-variation-to-2020-21-to-2024-25-plan.pdf,0
https://www.bath.ac.uk/publications/university-of-bath-access-and-participation-plans/attachments/access-agreement-for-the-2015-16-academic-year.pdf,0
https://www.bath.ac.uk/publications/university-of-bath-access-and-participation-plans/attachments/access-and-participation-plan-for-the-2019-20-academic-year.pdf,0
https://www.bath.ac.uk/publications/university-of-bath-access-and-participation-plans/attachments/access-and-participation-plan-2020-21-to-2024-25.pdf,0
https://www.bath.ac.uk/publications/university-of-bath-access-and-participation-plans/attachments/access-and-participation-plan-2024-25-to-2027-28-variation.pdf,0
https://www.bath.ac.uk/publications/university-of-bath-access-and-participation-plans/attachments/access-agreement-for-the-2016-17-academic-year.pdf,0
https://www.bath.ac.uk/publications/university-of-bath-access-and-participation-plans/attachments/access-and-participation-plan-monitoring-report-2019-20-academic-year.pdf,0
https://www.bath.ac.uk/publications/university-of-bath-access-and-participation-plans/attachments/access-agreement-for-the-2017-18-academic-year.pdf,0
https://www.bath.ac.uk/publications/access-and-participation-plan-2024-to-2028-and-fee-information/,0
https://www.bath.ac.uk/publications/university-of-bath-access-and-participation-plans/attachments/access-agreement-for-the-2013-14-academic-year.pdf,0
https://www.bath.ac.uk/publications/university-of-bath-access-and-participation-plans/attachments/access-and-participation-plan-2024-25-to-2027-28.pdf,0
https://www.bath.ac.uk/publications/university-of-bath-access-and-participation-plans/attachments/summary-of-access-and-participation-plan-2020-21-to-2024-25.pdf,0
https://www.bath.ac.uk/publications/university-of-bath-access-and-participation-plans/attachments/summary-of-access-and-participation-plan-2024-25-to-2027-28.pdf,0
https://www.bath.ac.uk/locations/?f.Department+or+group%7CX=University+of+Bath,0
https://www.bath.ac.uk/publications/financial-statements-and-annual-reports/attachments/annual-accounts-2023-24.pdf,0
https://www.bath.ac.uk/publications/financial-statements-and-annual-reports/attachments/annual-report-2016-17.pdf,0
https://www.bath.ac.uk/publications/financial-statements-and-annual-reports/attachments/annual-report-and-accounts-2020-21.pdf,0
https://www.bath.ac.uk/publications/financial-statements-and-annual-reports/attachments/annual-review-2013-14.pdf,0
https://www.bath.ac.uk/publications/financial-statements-and-annual-reports/attachments/financial-statements-2016-17.pdf,0
https://www.bath.ac.uk/publications/financial-statements-and-annual-reports/attachments/annual-report-and-accounts-2019-20.pdf,0
https://www.bath.ac.uk/publications/financial-statements-and-annual-reports/attachments/annual-report-and-accounts-2017-18.pdf,0
https://www.bath.ac.uk/publications/financial-statements-and-annual-reports/attachments/annual-accounts-for-the-year-ended-31-july-2025.pdf,0
https://www.bath.ac.uk/publications/financial-statements-and-annual-reports/attachments/annual-accounts-2021-22.pdf,0
https://www.bath.ac.uk/publications/financial-statements-and-annual-reports/attachments/financial-statements-2013-14.pdf,0
https://www.bath.ac.uk/publications/financial-statements-and-annual-reports/attachments/financial-statements-2017-18.pdf,0
https://www.bath.ac.uk/publications/financial-statements-and-annual-reports/attachments/annual-accounts-2022-23.pdf,0
https://www.bath.ac.uk/publications/financial-statements-and-annual-reports/attachments/financial-statements-2015-16.pdf,0
https://www.bath.ac.uk/publications/financial-statements-and-annual-reports/attachments/annual-report-and-accounts-2018-19.pdf,0
https://www.bath.ac.uk/publications/financial-statements-and-annual-reports/attachments/annual-review-2014-15.pdf,0
https://www.bath.ac.uk/publications/financial-statements-and-annual-reports/attachments/financial-statements-2014-15.pdf,0
https://www.bath.ac.uk/publications/financial-statements-and-annual-reports/attachments/annual-review-2015-16.pdf,0
https://www.bath.ac.uk/locations/the-edge/,0
https://www.bath.ac.uk/publications/student-numbers/,0
https://www.bath.ac.uk/corporate-information/our-notable-alumni/,0
https://www.bath.ac.uk/profiles/chancellor-his-royal-highness-the-duke-of-edinburgh/,0
https://www.bath.ac.uk/profiles/?f.Department+or+group%7CX=University+of+Bath,0
http://www.bath.ac.uk/university-secretary/guidance-policies/ethicalfundraisingpractice.pdf,0
http://www.bath.ac.uk/estates/energy-sustainability-environment/index.html,0
http://www.bath.ac.uk/finance-procurement/regulations-policies-procedures/index.html,0
http://www.bath.ac.uk/university-secretary/guidance-policies/publicinterestdisclosure.html,0
http://www.bath.ac.uk/hr/stayingsafewell/hs-policy/index.html,0
http://www.bath.ac.uk/procurement/documents/sustain-proc-policy-dec13.pdf,0
https://www.bath.ac.uk/legal-information/our-ethical-framework/,0
http://www.bath.ac.uk/hr/recruiting-and-hiring/employing/code-practice/,0
http://www.bath.ac.uk/statutory-bodies-committees/bodies-and-committees-senate/ethics/index.html,0
https://www.bath.ac.uk/topics/department-of-architecture-civil-engineering-research,0
https://www.bath.ac.uk/courses/undergraduate-2026/architecture/,0
https://www.bath.ac.uk/teams/?f.Department+or+group%7CX=Department+of+Architecture+%26+Civil+Engineering,0
https://www.bath.ac.uk/case-studies/explore-4-east-south-in-our-virtual-reality-model/,0
https://www.bath.ac.uk/case-studies/water-research-in-south-africa-could-improve-irrigation-systems-worldwide/,0
http://www.bath.ac.uk/teams/?f.Department+or+group%7CX=Department+of+Architecture+%26+Civil+Engineering,0
http://www.bath.ac.uk/departments/department-of-architecture-civil-engineering,0
https://www.bath.ac.uk/campaigns/civil-engineering-offer-holder-days/,0
http://www.bath.ac.uk/courses/undergraduate/department-of-architecture-civil-engineering-undergraduate-courses/,0
https://www.bath.ac.uk/courses/undergraduate-2026/civil-engineering/,0
https://www.bath.ac.uk/teams/department-of-architecture-civil-engineering-research-staff/,0
https://www.bath.ac.uk/courses/postgraduate/department-of-architecture-civil-engineering-taught-postgraduate-courses,0
https://www.bath.ac.uk/teams/department-of-architecture-civil-engineering-academic-staff/,0
https://www.bath.ac.uk/teams/department-of-architecture-civil-engineering-technical-staff/,0
http://www.bath.ac.uk/topics/postgraduate-research/,0
http://www.bath.ac.uk/person/1154632,0
https://www.bath.ac.uk/campaigns/architecture-offer-holder-days/,0
https://www.bath.ac.uk/campaigns/developing-design-solutions-with-architecture-and-civil-engineering-projects/,0
https://www.bath.ac.uk/publications/management-structure/attachments/university-of-bath-management-structure.pptx,0
https://www.bath.ac.uk/location/sports-training-village-stv,0
https://www.bath.ac.uk/collections/university-strategies/,0
http://www.bath.ac.uk/about/organisation/chancellor/index.html?utm_campaign=annual-report-2015&utm_source=publication&utm_medium=url&utm_content=p2-chancellor,0
https://www.bath.ac.uk/corporate-information/partnerships-and-collaborations/,0
http://www.bath.ac.uk/about/organisation/economic-impact-of-the-university/index.html,0
https://www.bath.ac.uk/locations/the-quads-accommodation-complex/,0
https://www.bath.ac.uk/corporate-information/the-story-of-the-university/,0
https://www.bath.ac.uk/corporate-information/our-former-chancellors/,0
https://www.bath.ac.uk/corporate-information/the-gw4-alliance/,0
https://www.bath.ac.uk/guides/freedom-of-information-requesting-information/,0
https://www.bath.ac.uk/teams/academic-assembly/,0
https://www.bath.ac.uk/teams/convocation/,0
https://www.bath.ac.uk/publications/council-and-senate-governance-structure/,0
https://www.bath.ac.uk/teams/senate/,0
https://www.bath.ac.uk/corporate-information/governance/,0
https://www.bath.ac.uk/teams/courses-and-partnerships-approval-committee/,0
https://www.bath.ac.uk/publications/statutes-of-the-university-of-bath/,0
https://www.bath.ac.uk/corporate-information/faculty-and-school-boards-of-studies-terms-of-reference/,0
https://www.bath.ac.uk/profiles/chair-of-council-pamela-chesters/,0
http://www.bath.ac.uk/health/staff/sean-cumming/,0
https://www.bath.ac.uk/case-studies/the-search-for-tomorrows-champions/,0
https://www.bath.ac.uk/profiles/executive-director-external-relations-corinne-evans,0
https://www.bath.ac.uk/profiles/vice-chancellor-and-president-phil-taylor,0
https://www.bath.ac.uk/profiles/director-of-advancement-lydia-lee,0
https://www.bath.ac.uk/profiles/dean-of-the-faculty-of-humanities-social-sciences-deborah-wilson,0
https://www.bath.ac.uk/profiles/pro-vice-chancellor-global-engagement-manuel-barcia,0
https://www.bath.ac.uk/profiles/dean-of-the-faculty-of-science-duncan-q-m-craig,0
https://www.bath.ac.uk/profiles/chief-operating-officer-ghazwa-alwani-starr,0
https://www.bath.ac.uk/offices/vice-chancellors-office,0
https://www.bath.ac.uk/teams/?f.Department+or+group%7CX=Vice-Chancellor%27s+Office,0
https://www.bath.ac.uk/profiles/dean-of-the-school-of-management-steve-brammer,0
https://www.bath.ac.uk/teams/executive-team/,0
https://www.bath.ac.uk/profiles/director-of-human-resources-richard-brooks,0
https://www.bath.ac.uk/profiles/director-of-finance-martin-williams,0
https://www.bath.ac.uk/profiles/interim-pro-vice-chancellor-research-emma-carmel,0
https://www.bath.ac.uk/profiles/deputy-vice-chancellor-and-provost-marcus-munafo,0
https://www.bath.ac.uk/profiles/university-secretary-registrar-ian-blenkharn,0
https://www.bath.ac.uk/profiles/pro-vice-chancellor-education-julian-chaudhuri,0
https://www.bath.ac.uk/profiles/pro-vice-chancellor-student-experience-and-sport-cassie-wilson,0
https://www.bath.ac.uk/guides/amending-an-annual-leave-booking/,0
https://www.bath.ac.uk/guides/reporting-a-sickness-absence/,0
https://www.bath.ac.uk/guides/starters-and-leavers/,0
https://www.bath.ac.uk/services/contact-human-resources/,0
https://www.bath.ac.uk/guides/booking-annual-leave/,0
https://www.bath.ac.uk/guides/carrying-over-annual-leave/,0
https://www.bath.ac.uk/corporate-information/bath-workload-allocation-management-system-wams-privacy-notice/,0
https://www.bath.ac.uk/professional-services/workforce-development,0
https://www.bath.ac.uk/services/?f.Department+or+group%7CX=Workforce+Development,0
https://www.bath.ac.uk/publications/guidance-documents-for-academic-workload-management/,0
http://libproxy.bath.ac.uk/login?qurl=https%3A%2F%2Ftelbath.com%2F,0
http://libproxy.bath.ac.uk/login?qurl=https%3A%2F%2Ftelbath.com%2Fnew-in-moodle-4-5%2F,0
https://teachinghub.bath.ac.uk/wp-content/uploads/2025/07/Getting-Started-Moodle-45-2025-6-Students.docx,0
https://moodle-archive.bath.ac.uk/,0
http://libproxy.bath.ac.uk/login?qurl=https%3A%2F%2Fwww.thestudentsurvey.com%2F,0
https://moodle.bath.ac.uk/course/view.php?id=2497,0
https://www.bath.ac.uk/library/,0
https://moodle.bath.ac.uk/my/,0
https://teachinghub.bath.ac.uk/events/,0
https://moodle.bath.ac.uk/local/logoutas/logoutas.php,0
https://mahara.bath.ac.uk/,0
https://teachinghub.bath.ac.uk/guide-category/moodle/,0
https://unihub.bath.ac.uk/s/myskills/,0
https://moodle.bath.ac.uk/admin/tool/policy/viewall.php?returnurl=https%3A%2F%2Fmoodle.bath.ac.uk%2F,0
http://libproxy.bath.ac.uk/login?qurl=https%3A%2F%2Fmoodlebath.wordpress.com%2Fsite-policy-agreement%2F,0
https://moodle.bath.ac.uk/login/index.php,0
https://teachinghub.bath.ac.uk/moodle/,0
https://moodle.bath.ac.uk/theme/boost_union/pages/help.php,0
https://www.bath.ac.uk/publications/fire-assembly-point-map/attachments/university-campus-map-fire-assembly-points.pdf,0
https://www.bath.ac.uk/corporate-information/itrent-privacy-notice/,0
https://www.bath.ac.uk/publications/using-e-timesheets-on-itrent/,0
https://www.bath.ac.uk/guides/offboarding-process/,0
https://www.bath.ac.uk/guides/points-based-immigration-system-responsibilities/,0
https://www.bath.ac.uk/publications/employee-self-service-ess-user-guides/,0
https://www.bath.ac.uk/publications/sickness-return-to-work-form/,0
https://www.bath.ac.uk/publications/manager-self-service-mss-user-guide/,0
https://www.bath.ac.uk/guides/returning-to-work-after-a-leave-of-sickness-absence,0
https://www.bath.ac.uk/corporate-information/managing-sickness-supporting-staff-policy-and-procedure/,0
https://www.bath.ac.uk/guides/accessing-itrent-off-campus/,0
http://www.bath.ac.uk/hr/itrent-reports-openaccess.bho/MSS_Reg/MSS%20Registration%20All%20Depts.pdf,0
https://www.bath.ac.uk/publications/uploading-and-viewing-sdpr-forms-in-itrent/,0
https://www.bath.ac.uk/hr/itrent/mssreg/,0
https://www.bath.ac.uk/services/manager-self-service-mss,0
https://www.bath.ac.uk/guides/uploading-probation-forms-to-manager-self-service-mss/,0
https://www.bath.ac.uk/publications/authorising-e-timesheets-on-itrent/,0
https://www.bath.ac.uk/guides/health-assured-wellbeing-referral.bho,0
https://www.bath.ac.uk/publications/health-assured-resources/,0
https://www.bath.ac.uk/publications/our-university-our-future-report/attachments/ouof_report_final_draft.pdf,0
https://www.bath.ac.uk/announcements/?f.Department+or+group%7CX=Timetabling+and+room+bookings,0
https://www.bath.ac.uk/timetable/roominfo.htm,0
https://www.bath.ac.uk/guides/accessing-mytimetable/,0
https://www.bath.ac.uk/services/room-request-system-borrs/,0
https://www.bath.ac.uk/corporate-information/terms-and-conditions-for-room-bookings/,0
https://www.bath.ac.uk/guides/how-staff-can-support-trans-students,0
https://www.bath.ac.uk/guides/how-to-support-disabled-students,0
http://go.bath.ac.uk/academic-advising-guidance,0
https://www.bath.ac.uk/guides/guidance-for-staff-if-a-doctoral-student-considers-suspending-their-studies,0
https://www.bath.ac.uk/guides/actions-staff-should-take-to-support-a-pregnant-student,0
https://www.bath.ac.uk/guides/responding-to-a-report-of-a-missing-student,0
https://www.bath.ac.uk/guides/guidance-for-staff-if-a-student-considers-suspending-their-studies,0
https://www.bath.ac.uk/guides/supporting-students-returning-to-study-from-suspension,0
https://www.bath.ac.uk/guides/responding-to-the-death-or-serious-injury-of-a-student,0
https://www.bath.ac.uk/publications/tips-for-creating-an-inclusive-learning-environment,0
https://www.bath.ac.uk/guides/guidance-for-staff-on-supporting-students-experiencing-financial-difficulties,0
https://www.bath.ac.uk/announcements/supporting-our-students-updated-advice-from-the-equality-human-rights-commission,0
https://www.bath.ac.uk/guides/student-confidentiality-responding-to-calls-from-third-parties,0
https://www.bath.ac.uk/legal-information/international-incidents-response-plan.bho,0
https://www.bath.ac.uk/publications/how-to-support-students-who-may-be-more-vulnerable,0
https://www.bath.ac.uk/campaigns/access-information-in-your-preferred-way-with-sensusaccess,0
https://www.bath.ac.uk/teams/business-analytics-and-insights-team,0
https://www.bath.ac.uk/campaigns/the-development-toolkit-an-online-learning-and-development-resource-for-staff/,0
https://www.bath.ac.uk/teams/strategic-projects-office,0
https://www.bath.ac.uk/announcements/?f.Department+or+group%7CX=Department+of+Planning+Performance+Strategic+Change&f.Type%7CY=News+story,0
https://www.bath.ac.uk/teams/strategy-planning-team,0
https://www.bath.ac.uk/announcements/our-shared-strategy-making-the-connections,0
https://www.bath.ac.uk/campaigns/strategic-projects-office-spo-current-supported-projects-and-programmes,0
https://www.bath.ac.uk/announcements/the-next-steps-for-university-planning.bho,0
https://www.bath.ac.uk/corporate-information/an-integrated-approach-for-strategic-success/,0
https://library.bath.ac.uk/research-data/finding-data/home,0
https://library.bath.ac.uk/research-data/research-services-homepage,0
https://researchdata.bath.ac.uk/,0
https://library.bath.ac.uk/research-data/working-with-data/home,0
https://www.bath.ac.uk/corporate-information/research-data-policy/,0
https://library.bath.ac.uk/research-data/SafePod/home,0
http://library.bath.ac.uk/research-data/training-advice-contact/support-contacts,0
https://library.bath.ac.uk/research-data/archiving-and-sharing/home,0
https://library.bath.ac.uk/research-data/introduction,0
https://itrent.bath.ac.uk/itrent_web/wrd/run/etadm001gf.open,0
https://www.bath.ac.uk/services/?f.Department+or+group%7CX=Human+Resources,0
https://www.bath.ac.uk/professional-services/human-resources,0
https://www.bath.ac.uk/campaigns/the-university-of-bath-coaching-service-for-staff,0
https://www.bath.ac.uk/campaigns/a-z-of-university-health-safety-and-employee-wellbeing-policies,0
https://www.bath.ac.uk/campaigns/resources-for-supporting-staff-wellbeing,0
https://www.bath.ac.uk/guides/disability-support-for-members-of-staff,0
https://www.bath.ac.uk/publications/develop-a-wellbeing-action-plan,0
https://www.bath.ac.uk/legal-information/recruitment-and-selection-code-of-practice,0
https://www.bath.ac.uk/legal-information/flexible-working,0
https://www.bath.ac.uk/professional-services/safety-health-and-employee-wellbeing/,0
https://www.bath.ac.uk/corporate-information/staff-wellbeing-champions,0
https://www.bath.ac.uk/corporate-information/probation,0
https://www.bath.ac.uk/campaigns/health-assured-wellbeing-support,0
https://www.bath.ac.uk/guides/sdpr-and-career-conversation,0
https://www.bath.ac.uk/professional-services/pay-and-reward,0
https://www.bath.ac.uk/professional-services/workforce-development/,0
https://www.bath.ac.uk/guides/athena-swan-toolkit,0
https://www.bath.ac.uk/topics/staff-wellbeing,0
https://www.bath.ac.uk/topics/race-equality-charter,0
https://www.bath.ac.uk/guides/applying-for-a-skilled-worker-visa,0
https://www.bath.ac.uk/legal-information/engaging-people-for-work,0
https://www.bath.ac.uk/campaigns/manage-your-personal-and-payroll-information-on-employee-self-service-ess,0
https://www.bath.ac.uk/corporate-information/mandatory-training-for-staff,0
https://www.bath.ac.uk/legal-information/types-of-staff-leave,0
https://www.bath.ac.uk/campaigns/managing-people-an-introduction-for-new-managers,0
https://www.bath.ac.uk/professional-services/hr-recruitment-and-talent,0
https://www.bath.ac.uk/campaigns/diverse-outreach-initiatives,0
https://www.bath.ac.uk/publications/statement-of-equality-objectives-2023-to-2025,0
https://www.bath.ac.uk/professional-services/hr-services/,0
https://www.bath.ac.uk/guides/protected-groups,0
https://www.bath.ac.uk/jobs/display.aspx?id=1184&pid=273,0
https://www.bath.ac.uk/guides/booking-annual-leave,0
https://www.bath.ac.uk/announcements/support-for-university-of-bath-staff-affected-by-international-tensions/,0
https://www.bath.ac.uk/publications/academic-year-charts/attachments/academic-year-chart-for-january-2026-intake.xlsx,0
https://www.bath.ac.uk/publications/academic-year-charts/attachments/academic-year-chart-2025-26.xlsx,0
https://www.bath.ac.uk/publications/academic-year-charts/attachments/academic-year-chart-2027-28.xlsx,0
https://www.bath.ac.uk/publications/academic-year-charts/attachments/academic-year-chart-2026-27.pdf,0
https://www.bath.ac.uk/publications/academic-year-charts/attachments/academic-year-chart-for-january-2026-intake.pdf,0
https://www.bath.ac.uk/publications/academic-year-charts/attachments/academic-year-chart-2025-26.pdf,0
https://www.bath.ac.uk/publications/academic-year-charts/attachments/academic-year-chart-2026-27.xlsx,0
https://www.bath.ac.uk/publications/academic-year-charts/attachments/academic-year-chart-2027-28.pdf,0
https://www.bath.ac.uk/guides/setting-up-vpn-on-your-device,0
https://www.bath.ac.uk/guides/thriving-as-a-hybrid-worker-2022,0
https://www.bath.ac.uk/campaigns/joining-information-for-new-staff,0
https://www.bath.ac.uk/guides/the-bath-hybrid-model,0
https://www.bath.ac.uk/publications/guidance-and-tips-for-effective-hybrid-meetings,0
https://www.bath.ac.uk/announcements/hybrid-working-framework-for-the-2022-23-academic-year,0
https://www.bath.ac.uk/publications/rethinking-ways-of-working,0
https://www.bath.ac.uk/guides/managing-hybrid-teams.bho,0
https://www.bath.ac.uk/announcements/hybrid-working-using-campus-space,0
https://www.bath.ac.uk/events/power-community-of-practice-cafe/,0
https://www.bath.ac.uk/teams/staff-wellbeing-champion-network/,0
https://www.bath.ac.uk/corporate-information/staff-wellbeing-champions/employeewellbeing@bath.ac.uk,0
https://www.bath.ac.uk/publications/wellbeing-champions-booklet/,0
https://mekong.campus.bath.ac.uk/BOE/BI,0
https://www.bath.ac.uk/corporate-information/business-objects-courses/,0
http://www.bath.ac.uk/guides/tools-help-and-advice-to-support-technology-enhanced-learning,0
https://teachinghub.bath.ac.uk/curriculum-development-team/,0
https://teachinghub.bath.ac.uk/guide-category/mahara/,0
https://teachinghub.bath.ac.uk/guide-category/inspera/,0
https://teachinghub.bath.ac.uk/technology-enhanced-learning-2/,0
https://www.bath.ac.uk/guides/copyright/,0
https://teachinghub.bath.ac.uk/moodle/bath-blend-baseline/,0
https://teachinghub.bath.ac.uk/student-engagement-home/,0
https://www.bath.ac.uk/corporate-information/changes-to-data-protection-rules-and-procedures-following-brexit/,0
https://teachinghub.bath.ac.uk/student-engagement/,0
https://teachinghub.bath.ac.uk/guide-category/zoom/,0
https://www.bath.ac.uk/campaigns/creating-a-mooc-massive-online-open-course/,0
https://www.bath.ac.uk/guides/data-protection-guidance/https://www.bath.ac.uk/guides/data-protection-guidance/,0
https://teachinghub.bath.ac.uk/guide-category/menti/,0
https://teachinghub.bath.ac.uk/curriculum-development/,0
https://teachinghub.bath.ac.uk/guide-category/xerte/,0
http://www.bath.ac.uk/professional-services/centre-for-learning-teaching/,0
https://www.bath.ac.uk/services/submit-an-it-or-av-support-enquiry-online/,0
https://teachinghub.bath.ac.uk/guide-category/panopto_main/,0
https://www.bath.ac.uk/guides/counselling-services-for-staff/,0
https://www.bath.ac.uk/announcements/fight-food-waste-with-too-good-to-go-now-in-the-market-on-campus/,0
https://www.bath.ac.uk/announcements/hybrid-working-framework-for-the-2022-23-academic-year/,0
https://www.bath.ac.uk/announcements/?f.Department+or+group%7CX=Campus+Services+Facilities,0
https://www.bath.ac.uk/professional-services/facilities-services,0
https://www.bath.ac.uk/guides/how-to-use-warp-it/,0
https://businessobjects43.bath.ac.uk/BOE/BI,0
https://www.bath.ac.uk/professional-services/reslife-support,0
https://www.bath.ac.uk/locations/green-park-house-reception,0
https://www.bath.ac.uk/legal-information/management-of-hazardous-chemical-and-biological-waste,0
https://www.bath.ac.uk/professional-services/guest-accommodation,0
https://www.bath.ac.uk/services/report-a-health-and-safety-incident,0
https://www.bath.ac.uk/corporate-information/disability-leave/,0
https://www.bath.ac.uk/guides/guidance-for-faculty-and-department-accountants/,0
https://www.bath.ac.uk/services/set-up-your-computer-workstation-ergonomically/,0
https://blogs.bath.ac.uk/aflame/,0
https://www.bath.ac.uk/teams/culture-and-inclusion-team/,0
https://blogs.bath.ac.uk/aflame/2024/03/21/join-the-aflame-disability-network-mailing-list/,0
https://www.bath.ac.uk/teams/human-resources/,0
https://www.bath.ac.uk/publications/agreement-for-adjustments/,0
https://auth.bath.ac.uk/login?service=https%3A%2F%2Fwww.bath.ac.uk%2Ftraining%2Flearnupon%2F,0
https://www.bath.ac.uk/publications/joining-information-for-new-staff/attachments/Trade_Union_Membership.pdf,0
https://www.bath.ac.uk/guides/peeps-personal-emergency-evacuation-plans/,0
https://teachinghub.bath.ac.uk/guide/self-assessment-feedbackfruits-settings/,0
https://teachinghub.bath.ac.uk/wp-login.php,0
https://teachinghub.bath.ac.uk/guide/accessible-maths-using-the-microsoft-equation-editor/,0
https://teachinghub.bath.ac.uk/guide/writing-effective-multiple-choice-questions/,0
http://teachinghub.bath.ac.uk/guide/accessible-maths-using-the-microsoft-equation-editor/,0
https://teachinghub.bath.ac.uk/wp-content/uploads/2025/08/replicate-prediction-5bpyn9ma9xrm80crwxytnx25kw-e1756230532516.png,0
https://teachinghub.bath.ac.uk/professional-development/,0
https://teachinghub.bath.ac.uk/book-a-one-to-one/,0
https://teachinghub.bath.ac.uk//events,0
https://teachinghub.bath.ac.uk/guide/peer-review-using-moodle-workshop-students-review-generic-teacher-submission/,0
https://teachinghub.bath.ac.uk/guide/moodle-individual-assignment-reassessment-summative/,0
https://teachinghub.bath.ac.uk/guide/recommended-actions-for-end-of-teaching-with-feedbackfruits/,0
https://teachinghub.bath.ac.uk/learning-technology/,0
https://teachinghub.bath.ac.uk/guide/the-feedback-centre/,0
https://teachinghub.bath.ac.uk/guide/scaffolding-definition-and-practice/,0
https://teachinghub.bath.ac.uk/guide/group-formation-feedbackfruits-settings/,0
https://teachinghub.bath.ac.uk/privacy-policy/,0
https://blogs.bath.ac.uk/clt/,0
https://teachinghub.bath.ac.uk/guide/design-accessible-slideshows-using-powerpoint/,0
https://teachinghub.bath.ac.uk/guide/hub-intro-and-video-orientation-for-new-users/,0
https://teachinghub.bath.ac.uk/guidance/,0
https://teachinghub.bath.ac.uk/guide/what-is-mentimeter/,0
https://teachinghub.bath.ac.uk/guide/actionable-feedback/,0
https://teachinghub.bath.ac.uk/meet-the-clt/,0
https://teachinghub.bath.ac.uk/teaching-and-assessment/,0
https://teachinghub.bath.ac.uk/guide/accessibility-statement/,0
https://teachinghub.bath.ac.uk/guide/assessment-for-learning-design-principles/,0
https://teachinghub.bath.ac.uk/guide/what-else-can-moodle-do-tel-community-of-practice-meet-up/,0
https://teachinghub.bath.ac.uk/guide/designing-and-assessing-group-work/,0
https://teachinghub.bath.ac.uk/cookie-policy/,0
https://teachinghub.bath.ac.uk/wp-login.php?action=logout,0
https://blogs.bath.ac.uk/clt/2026/02/09/mini-series-of-the-future-of-education-part-1-introduction-to-regenerative-design/,0
https://teachinghub.bath.ac.uk/guide/peer-review-using-moodle-workshop-student-reviews-individuals-within-their-group/,0
https://www.bath.ac.uk/legal-information/working-with-genetically-modified-organisms-policy,0
https://www.bath.ac.uk/guides/due-diligence-process-for-grants-with-collaborators,0
https://www.bath.ac.uk/guides/nagoya-protocol,0
https://www.bath.ac.uk/guides/hr-excellence-in-research-award,0
https://www.bath.ac.uk/teams/research-and-knowledge-exchange-committee,0
https://www.bath.ac.uk/legal-information/anti-bribery-corruption-policy,0
https://moodle.bath.ac.uk/enrol/index.php?id=59178,0
https://www.bath.ac.uk/teams/university-doctoral-studies-committee-udsc,0
https://www.bath.ac.uk/publications/technician-commitment-self-assessment,0
https://www.bath.ac.uk/legal-information/research-related-policies,0
https://www.bath.ac.uk/publications/offsetting-carbon-emissions-from-your-wellcome-trust-funded-research-travel,0
https://www.bath.ac.uk/legal-information/code-of-ethics,0
https://www.bath.ac.uk/legal-information/gender-equality-plan,0
https://www.bath.ac.uk/legal-information/intellectual-property-policy,0
https://moodle.bath.ac.uk/enrol/index.php?id=58977,0
https://www.bath.ac.uk/publications/university-of-bath-financial-conflict-of-interest-policy,0
https://www.bath.ac.uk/teams/academic-ethics-and-integrity-committee,0
https://www.bath.ac.uk/publications/university-consultancy-policy,0
https://www.bath.ac.uk/legal-information/information-security-policy,0
https://www.bath.ac.uk/legal-information/risk-assessment,0
https://www.bath.ac.uk/publications/anti-money-laundering-policy,0
http://go.bath.ac.uk/animal-research,0
https://www.bath.ac.uk/teams/university-commercialisation-executive-board,0
https://www.bath.ac.uk/campaigns/mental-health-and-wellbeing-training/,0
https://www.bath.ac.uk/campaigns/loss-and-grief-network/,0
https://www.bath.ac.uk/campaigns/no-kidding-support-group/,0
https://www.bath.ac.uk/campaigns/menopause-hub/,0
https://www.bath.ac.uk/announcements/where-next-developing-our-university-strategy-2036/,0
https://blogs.bath.ac.uk/omnibus/?ki-cf-botcl=1,0
https://www.bath.ac.uk/campaigns/staff-wellbeing-events,0
https://www.bath.ac.uk/campaigns/wellbeing-blogs-podcasts-and-research,0
https://www.bath.ac.uk/guides/quick-guide-for-academic-advisors,0
https://moodle.bath.ac.uk/course/view.php?id=63320,0
https://www.bath.ac.uk/campaigns/work-life-balance,0
https://www.bath.ac.uk/corporate-information/access-wellbeing-resources-on-linkedin-learning,0
https://www.bath.ac.uk/campaigns/no-kidding-support-group,0
https://www.bath.ac.uk/publications/wellbeing-guidance-for-managers-and-staff,0
https://www.bath.ac.uk/campaigns/menopause-hub,0
https://moodle.bath.ac.uk/course/view.php?id=62358,0
https://www.bath.ac.uk/corporate-information/online-resources-for-supporting-wellbeing,0
https://www.bath.ac.uk/campaigns/be-well-at-bath,0
https://www.bath.ac.uk/campaigns/loss-and-grief-network,0
https://www.bath.ac.uk/campaigns/mens-network,0
https://www.bath.ac.uk/campaigns/the-development-toolkit-an-online-learning-and-development-resource-for-staff,0
https://www.bath.ac.uk/corporate-information/job-evaluation,0
https://www.bath.ac.uk/corporate-information/university-of-bath-pay-and-grading-structure,0
https://www.bath.ac.uk/campaigns/recognising-excellence-awards,0
https://www.bath.ac.uk/campaigns/personal-development-for-staff,0
https://www.bath.ac.uk/campaigns/staff-recognition-awards,0
https://www.bath.ac.uk/legal-information/professorial-and-senior-staff-salary-review,0
https://www.bath.ac.uk/publications/job-evaluation-and-grading-review-request-form,0
http://www.bath.ac.uk/hr/working/pay-reward/terms/index.html,0
https://www.bath.ac.uk/announcements/welcome-to-benefits-at-bath,0
https://www.bath.ac.uk/legal-information/equal-pay-policy,0
https://www.bath.ac.uk/campaigns/family-friendly-workplace,0
https://www.bath.ac.uk/legal-information/market-supplement-policy,0
https://www.bath.ac.uk/professional-services/pensions,0
https://www.bath.ac.uk/corporate-information/salary-deductions-to-staff-pay,0
https://www.bath.ac.uk/guides/nominating-someone-for-the-outstanding-contribution-scheme,0
https://www.bath.ac.uk/campaigns/travelling-to-work,0
https://www.bath.ac.uk/corporate-information/job-families,0
https://www.bath.ac.uk/corporate-information/travel-and-expenses-policy/,0
https://www.bath.ac.uk/publications/travel-cover-summary/,0
https://www.bath.ac.uk/publications/fieldwork-safety-standard-and-risk-assessment/,0
https://www.bath.ac.uk/services/make-a-travel-booking-through-clarity/,0
https://www.bath.ac.uk/publications/supporting-students-in-distress/,0
https://blogs.bath.ac.uk/sustainable-bath/2026/03/11/rights-justice-action-why-menstruation-belongs-in-climate-conversations/?ki-cf-botcl=1,0
https://www.bath.ac.uk/cpp/,0
https://www.bath.ac.uk/guides/using-the-career-progression-portal/,0
https://www.bath.ac.uk/corporate-information/university-archives/,0
https://www.bath.ac.uk/corporate-information/records-retention-schedule,0
https://www.bath.ac.uk/corporate-information/records-centre,0
https://www.bath.ac.uk/guides/using-data-and-information/,0
https://www.bath.ac.uk/corporate-information/confidential-waste-paper-disposal/,0
https://www.bath.ac.uk/guides/index-of-archives-and-research-collections/,0
https://www.bath.ac.uk/guides/enquiring-about-data-protection-at-the-university,0
https://www.bath.ac.uk/corporate-information/freedom-of-information-compliance-data,0
https://www.bath.ac.uk/guides/sharing-data-and-information/,0
https://www.bath.ac.uk/corporate-information/records-management-policy,0
http://www.bath.ac.uk/estates/services/waste-and-recycling/index.html,0
https://www.bath.ac.uk/guides/archiving-and-disposing-data-and-information/,0
https://www.bath.ac.uk/guides/creating-collecting-and-classifying-data-and-information/,0
https://www.bath.ac.uk/guides/data-and-information-team-contacts/,0
https://www.bath.ac.uk/teams/freedom-of-information,0
https://www.bath.ac.uk/legal-information/research-data-policy/,0
https://www.bath.ac.uk/corporate-information/records-retention-schedule/,0
https://www.bath.ac.uk/guides/freedom-of-information-requesting-information,0
https://www.bath.ac.uk/legal-information/information-classification-framework-icf/,0
https://www.bath.ac.uk/publications/records-management/,0
https://www.bath.ac.uk/guides/dealing-with-freedom-of-information-foi-requests,0
https://www.bath.ac.uk/guides/publication-scheme,0
https://www.bath.ac.uk/legal-information/report-a-breach,0
https://www.bath.ac.uk/guides/data-and-information-management-guide/,0
https://www.bath.ac.uk/legal-information/report-a-breach/,0
https://www.bath.ac.uk/guides/storing-data-and-information/,0
https://www.bath.ac.uk/legal-information/research-data-policy,0
https://www.bath.ac.uk/corporate-information/confidential-waste-paper-disposal,0
https://www.bath.ac.uk/guides/risks-sanctions-and-breaches/,0
https://www.bath.ac.uk/projects/crm-future-project-customer-relationship-management.bho/,0
https://www.bath.ac.uk/projects/curriculum-transformation-project.bho/,0
https://www.bath.ac.uk/projects/university-research-management-system-project.bho/,0
https://www.bath.ac.uk/projects/clear-cloud-enabling-and-agresso-re-platforming.bho,0
https://www.bath.ac.uk/projects/data-insights-project.bho/,0
https://www.bath.ac.uk/projects/postgraduate-taught-education-strategic-review.bho,0
https://www.bath.ac.uk/announcements/booking-rooms,0
http://www.bath.ac.uk/timetable/roominfo.htm,0
https://www.bath.ac.uk/legal-information/terms-and-conditions-for-room-bookings,0
https://www.bath.ac.uk/announcements/timetabling-and-room-bookings-latest-news,0
https://www.bath.ac.uk/publications/academic-year-charts-for-previous-years,0
https://www.bath.ac.uk/services/mytimetable,0
https://www.bath.ac.uk/publications/academic-year-charts,0
http://www.bath.ac.uk/hr/stayingsafewell/training/index.html,0
https://www.bath.ac.uk/campaigns/retirement-event-planning-for-the-future,0
https://www.bath.ac.uk/campaigns/apprenticeships-for-university-staff,0
https://www.bath.ac.uk/publications/people-management-curriculum,0
https://www.bath.ac.uk/corporate-information/mandatory-training-for-staff/,0
https://www.bath.ac.uk/campaigns/sdpr-getting-the-most-out-of-your-review,0
https://www.bath.ac.uk/campaigns/introduction-to-the-university-of-bath,0
https://moodle.bath.ac.uk/course/view.php?id=54982,0
http://go.bath.ac.uk/career-progression-for-education-and-research-staff,0
https://www.bath.ac.uk/corporate-information/career-enhancement-opportunities,0
https://auth.bath.ac.uk/login?service=http%3A%2F%2Fmoodle.bath.ac.uk%2Flogin%2Findex.php,0
https://www.bath.ac.uk/campaigns/aurora-leadership-and-development-programme,0
https://www.bath.ac.uk/events/?f.Type%7CY=Courses+and+workshops&f.Type%7CY=Lectures+and+seminars&f.Type%7CY=Exhibitions,0
http://go.bath.ac.uk/microsoft-365,0
https://www.bath.ac.uk/corporate-information/development-programmes-and-courses-for-staff/,0
https://www.bath.ac.uk/campaigns/sdpr-conducting-an-effective-review,0
https://www.bath.ac.uk/campaigns/recruitment-and-selection-for-panel-members,0
https://www.bath.ac.uk/corporate-information/professional-membership-organisations,0
http://go.bath.ac.uk/meta-compliance,0
https://www.bath.ac.uk/events/give-blood-at-the-edge-at-university-of-bath-to-nhs-blood-and-transplant/,0
https://www.bath.ac.uk/locations/the-edge,0
https://www.bath.ac.uk/corporate-information/managing-a-staff-member-who-volunteers-on-a-staff-network,0
https://www.bath.ac.uk/legal-information/equality-impact-assessments,0
https://www.bath.ac.uk/topics/armed-forces-covenant,0
https://www.bath.ac.uk/guides/pronouns-and-inclusivity-guidance,0
https://www.bath.ac.uk/guides/guidance-on-the-categorisation-of-ethnicity,0
https://www.bath.ac.uk/guides/diversifying-recruitment-guide,0
https://www.bath.ac.uk/announcements/international-womens-day-2025,0
https://www.bath.ac.uk/announcements/university-achieves-race-equality-charter-bronze-award,0
https://www.bath.ac.uk/teams/athena-swan-self-assessment-team,0
https://www.bath.ac.uk/legal-information/policies-and-protected-groups,0
https://www.bath.ac.uk/topics/athena-swan,0
https://www.bath.ac.uk/announcements/black-history-month-2025,0
https://www.bath.ac.uk/teams/culture-and-inclusion-team,0
https://www.bath.ac.uk/announcements/disability-history-month-2025,0
https://www.bath.ac.uk/topics/disability-confident,0
https://www.bath.ac.uk/campaigns/staff-training-on-equality-diversity-and-inclusion,0
https://www.bath.ac.uk/teams/race-equality-charter-university-self-assessment-team-rec-usat,0
https://www.bath.ac.uk/announcements/five-departments-receive-prestigious-awards-for-improving-gender-equality,0
https://www.bath.ac.uk/corporate-information/inclusion-calendar-2025-26,0
https://www.bath.ac.uk/teams/equity-diversity-and-inclusion-network,0
https://www.bath.ac.uk/events/menopause-in-person-meet-up-walk-and-talk/,0
http://www.bath.ac.uk/guides/using-digital-signage-to-get-your-message-to-students-and-staff/,0
https://www.bath.ac.uk/guides/communicating-your-messages-to-students/blogs.bath.ac.uk,0
https://www.bath.ac.uk/itrent_ess/ess/index.html,0
https://www.bath.ac.uk/guides/principles-for-establishing-international-research-collaborations/,0
